qacc,sacc,qlen,length,pident,qstart,qend,sstart,send,evalue,bitscore,alignment_coverage
COQ3_1~~~COQ3_2,VP07269.contig00004,684,684,94.006,1,684,445559,446206,0.0,1077.0,1.0
COQ3_1~~~COQ3_3~~~COQ3_2,NZ_NNHO01000049,633,633,96.051,1,633,9446,8814,0.0,1030.0,1.0
COQ3_2,JAJGNV010000003.1,645,645,99.535,1,645,242528,243172,0.0,1150.0,1.0
COQ3_2~~~COQ3_4~~~COQ3_3~~~COQ3_1,VP11139.contig00028,651,651,98.157,1,651,963,1604,0.0,1124.0,1.0
COQ5_1~~~yfiC_1~~~COQ5~~~COQ5_3~~~yfiC_2~~~merR1~~~COQ5_2,AAXNRW010000001,1182,1182,97.377,1,1182,305297,304116,0.0,1993.0,1.0
COQ5_3~~~COQ5_1~~~COQ5,NZ_BAVK01000002,717,717,100.0,1,717,212071,212787,0.0,1294.0,1.0
COQ5_4~~~COQ5_3~~~COQ5_1~~~COQ5,SPVP150045.contig00018,705,705,99.007,1,705,27701,26997,0.0,1241.0,1.0
COQ5~~~COQ5_2~~~COQ5_3~~~menG~~~desVI~~~COQ5_1~~~tam_1,NZ_MUXG01000003,1413,1414,99.01,1,1413,278593,277180,0.0,2484.0,1.0007077140835103
COQ5~~~COQ5_3~~~COQ5_2~~~COQ5_1~~~yfiC_1~~~merR1,SRR13684777.contig00032,1194,1194,95.226,1,1194,42320,41128,0.0,1893.0,1.0
GMPR~~~guaC_1~~~guaC_2,VP07269.contig00001,291,291,98.625,1,291,65195,65485,9.91e-143,508.0,1.0
Hgd~~~garR,SRR13684777.contig00058,870,870,100.0,1,870,2699,1830,0.0,1570.0,1.0
IMPDH_3~~~IMPDH_1~~~IMPDH_2,VP06050.contig00006,1872,1872,98.13,1,1872,197307,199148,0.0,3241.0,1.0
aaaT_2,NZ_JABCBH010000021,588,565,97.345,25,588,5434,4870,0.0,948.0,0.9608843537414966
aaeA_2~~~aaeA_3,NZ_JAFLNR010000006,861,861,89.431,1,861,10080,9220,0.0,1143.0,1.0
aaeA_3~~~aaeA_2~~~aaeA_1,SPVP110054.contig00025,867,868,99.885,1,867,8384,7517,0.0,1558.0,1.0011534025374855
aaeB_2~~~aaeB,NZ_LFYN01000147,1356,1356,83.112,1,1356,9515,8160,0.0,1414.0,1.0
aaeB_2~~~aaeB~~~aaeB_1,SRR17888663.contig00031,1365,1365,99.927,1,1365,2617,1253,0.0,2458.0,1.0
accD_1~~~accD_2~~~accD_3,VP07003.contig00001,906,907,97.354,1,906,694607,693701,0.0,1525.0,1.0011037527593818
aceF_1~~~aceF_2~~~aceF,NZ_CP051100,1935,1935,97.364,1,1935,2582159,2584054,0.0,3291.0,1.0
aceF~~~aceF_2,SPVP140090.contig00006,1920,1920,97.552,1,1920,361974,360088,0.0,3272.0,1.0
acn~~~citB~~~acn_1~~~acn_2~~~acn_3~~~acnA,SPVP170146.contig00029,2724,2724,97.761,1,2724,507,3230,0.0,4638.0,1.0
acs1~~~bcs1,SRR17888663.contig00002,1359,1359,99.926,1,1359,172685,174043,0.0,2447.0,1.0
addA,NZ_JAFLNR010000001,1761,1761,100.0,1,1761,406366,408126,0.0,3177.0,1.0
adiA_1,SRR17888663.contig00031,2295,2295,97.298,1,2295,11463,13757,0.0,3860.0,1.0
adiA_1~~~adiA_2,SPVP170146.contig00008,2295,2295,99.782,1,2295,205278,202984,0.0,4117.0,1.0
adiC_1~~~adiC_2~~~adiC,SRR11823746.contig00017,1341,1341,98.434,1,1341,36512,35172,0.0,2324.0,1.0
alaS_1,SPVP110054.contig00005,675,675,99.259,1,675,34295,34969,0.0,1196.0,1.0
algC,SPVP170162.contig00003,1374,1305,95.479,1,1304,332465,331162,0.0,2081.0,0.9497816593886463
alr1~~~dadX,SRR19641559.contig00005,1077,1077,100.0,1,1077,268599,267523,0.0,1943.0,1.0
amsI~~~wzb~~~wzc_1~~~wzc~~~wzc_2~~~etk,VP06050.contig00004,2631,2631,99.962,1,2631,297855,295226,0.0,4737.0,1.0
aptA~~~tktB,VP10022.contig00001,822,822,100.0,1,822,27084,26263,0.0,1483.0,1.0
aptB~~~pdhB_2,SPVP140285.contig00010,978,978,93.149,1,978,192824,193801,0.0,1462.0,1.0
araA,SPVP150085.contig00006,1494,1494,99.398,1,1494,212743,211250,0.0,2654.0,1.0
araA_3~~~araA_1~~~araA~~~araA_2,NZ_BAVK01000003,1530,1530,100.0,1,1530,308422,309951,0.0,2760.0,1.0
araB,NZ_BAVK01000003,1677,1677,100.0,1,1677,305990,307666,0.0,3025.0,1.0
araB~~~araB_2~~~araB_1,NZ_JAFLNR010000003,1710,1710,99.532,1,1710,242013,243716,0.0,3049.0,1.0
araC_2~~~araC_1~~~araC,NZ_BAVK01000003,837,837,100.0,1,837,311195,312031,0.0,1510.0,1.0
araC~~~araC_1~~~araC_2,SPVP150085.contig00006,840,840,100.0,1,840,210628,209789,0.0,1516.0,1.0
araF~~~araF_1~~~araF_2,SRR11823746.contig00004,1062,1063,99.436,1,1062,206299,207361,0.0,1887.0,1.0009416195856873
araG~~~araG_1~~~araG_2~~~btuD_5,SRR17888663.contig00005,1515,1515,99.472,1,1515,76341,77855,0.0,2697.0,1.0
araH_1~~~araH_2~~~araH~~~rbsC_2,SPVP150085.contig00006,1203,982,99.898,1,982,218148,219129,0.0,1767.0,0.8162926018287614
argO_2~~~argO_1,SRR13684777.contig00039,627,627,100.0,1,627,37276,36650,0.0,1131.0,1.0
argP_3~~~argP_1~~~syrM1~~~syrM1_2~~~argP_4,SRR18609788.contig00002,963,963,99.688,1,963,32341,31379,0.0,1724.0,1.0
arnA,VP07269.contig00003,876,876,100.0,1,876,173596,174471,0.0,1581.0,1.0
arnA~~~fmt_1~~~fmt_2,VP10022.contig00003,894,894,97.092,1,894,382862,381969,0.0,1496.0,1.0
aroK_3,SPVP150139.contig00028,681,634,97.003,50,681,16233,15600,0.0,1056.0,0.9309838472834068
arpC~~~tdeA~~~btuD_1~~~ttgC~~~ttgI,VP06050.contig00002,3357,3357,98.868,1,3357,88086,91441,0.0,5880.0,1.0
asD,SRR16324073.contig00006,1596,1596,87.907,1,1596,18041,19636,0.0,2009.0,1.0
asnB_1,VP06050.contig00005,1770,1770,97.627,1,1770,218051,219820,0.0,3003.0,1.0
aspT_2~~~aspT_3~~~aspT_1,SRR16324073.contig00006,1716,1714,91.949,1,1714,16230,17943,0.0,2470.0,0.9988344988344988
atsA,NZ_JACBSZ010000012,2391,2391,99.665,1,2391,147946,145562,0.0,4277.0,1.0
atsA_2~~~atsA,SPVP150139.contig00003,2370,2370,99.451,1,2370,163971,161602,0.0,4216.0,1.0
atsA_3~~~atsA,NZ_CP046786,2373,2373,97.345,1,2373,725561,723189,0.0,3996.0,1.0
axeA1,NZ_NNEL01000027,934,934,100.0,1,934,61426,60493,0.0,1685.0,1.0
bacC,NZ_JAFLNR010000001,753,747,74.967,1,743,384777,385519,6.03e-138,494.0,0.9920318725099602
bar,NZ_CP051100,519,519,98.266,1,519,3286287,3286796,0.0,900.0,1.0
bar_1~~~bar_3~~~bar~~~bar_2,NZ_CP046785,510,510,94.51,1,510,2402861,2403370,0.0,794.0,1.0
bar_1~~~bar~~~bar_2,SPVP140259.contig00024,632,627,99.841,1,627,2463,3089,0.0,1127.0,0.9920886075949367
bar_2~~~bar_1~~~bar,VP15198.contig00054,513,513,99.025,1,513,72,583,0.0,900.0,1.0
bar_2~~~bar_1~~~bar~~~bar_3,SPVP140090.contig00021,588,589,99.491,1,588,801,213,0.0,1046.0,1.001700680272109
bar~~~bar_2,SRR11823746.contig00024,501,501,98.004,1,501,17639,18139,0.0,859.0,1.0
bcp_2~~~bcp_3~~~bcp_1,SRR18034811.contig00005,465,464,80.388,1,464,408412,407949,4.43e-118,427.0,0.9978494623655914
bcsA_2~~~bcsA_1~~~bcsA,SRR13684777.contig00033,2634,2634,99.848,1,2634,54295,51662,0.0,4733.0,1.0
bcsB~~~bcsB_1~~~bcsB_2,NZ_JABCBN010000012,2289,2291,95.373,1,2289,21933,24218,0.0,3652.0,1.00087374399301
bcsE,SPVP170146.contig00031,1584,1584,99.747,1,1584,17289,15706,0.0,2839.0,1.0
bcsG_2~~~bcsG_1~~~bcsG,SPVP150045.contig00003,1626,1626,99.692,1,1626,67812,66187,0.0,2911.0,1.0
bcsQ,VP11139.contig00008,795,795,97.862,1,795,70384,71163,0.0,1367.0,1.0
bcsZ~~~bcsZ_1~~~bcsZ_2,NZ_MUXG01000005,1119,1119,98.391,1,1119,105068,103962,0.0,1944.0,1.0
benM_2~~~benM_1,NZ_NNHO01000007,900,894,92.058,1,894,165353,166246,0.0,1293.0,0.9933333333333333
benM~~~hdfR_3~~~hdfR_8~~~hdfR_9~~~hdfR_6,NZ_JACBSZ010000006,936,940,97.979,1,936,36496,37435,0.0,1609.0,1.0042735042735043
bepA_3~~~bepA_2,SRR17888663.contig00035,723,723,100.0,1,723,8171,8893,0.0,1305.0,1.0
bepC_3,NZ_BAVK01000002,1320,1320,99.47,1,1320,908889,907576,0.0,2351.0,1.0
bglY,JACVHJ010000038.1,2067,2067,94.194,1,2067,17689,15623,0.0,3187.0,1.0
bin3~~~bin3_1~~~bin3_2,VP06050.contig00026,648,648,93.827,1,648,4599,3952,0.0,989.0,1.0
bin3~~~bin3_2~~~bin3_1~~~bin3_3,VP06050.contig00019,666,666,100.0,1,666,8015,8680,0.0,1202.0,1.0
bltD_1~~~bltD~~~bltD_4~~~bltD_2,DADYHI010000029,477,477,73.375,1,477,3372,3848,2.88e-76,288.0,1.0
bltD_3,SPVP140107.contig00033,555,555,98.919,1,555,677,1231,0.0,975.0,1.0
btrN,NZ_JABCFE010000004,1371,1371,99.854,1,1371,322034,320666,0.0,2457.0,1.0
btuB_1~~~btuB_2~~~btuB_3,NZ_KK020603,2610,2610,99.54,1,2610,73449,70846,0.0,4654.0,1.0
btuB_1~~~btuB_3~~~btuB_4~~~btuB_2,NZ_CP051100,1836,1836,92.538,1,1836,2098735,2100570,0.0,2694.0,1.0
btuB_2~~~btuB_1~~~btuB_4~~~btuB_3,AAXNRW010000015,1875,1857,97.684,19,1875,4313,2457,0.0,3156.0,0.9904
btuB_2~~~btuB_3~~~cirA_3~~~btuB_4,SPVP150139.contig00011,2604,2604,99.77,1,2604,143513,140913,0.0,4668.0,1.0
btuD_1~~~cysA~~~cysA_2~~~btuD_4~~~btuD_8~~~btuD_10~~~cysA_3~~~malK_1~~~btuD_3~~~potA_2,SPVP150045.contig00007,2403,2403,99.168,1,2403,105927,108327,0.0,4237.0,1.0
cadC_2,NZ_BAVK01000008,1371,1371,100.0,1,1371,288282,289652,0.0,2473.0,1.0
capD,NZ_CP046785,1053,1020,78.137,34,1053,758833,757814,0.0,835.0,0.9686609686609686
cas1,NZ_JACBSZ010000001,978,978,96.524,1,978,597841,596864,0.0,1611.0,1.0
cas2,ABDZFE010000020,249,249,100.0,1,249,7046,7294,1.9700000000000002e-125,450.0,1.0
cas3~~~cas1,NZ_BAVK01000008,3876,3339,99.73,538,3876,298591,295256,0.0,5980.0,0.8614551083591331
cas6f,SPVP140285.contig00010,639,639,98.122,1,639,136536,135898,0.0,1099.0,1.0
catM~~~hdfR_7~~~hdfR_1~~~hdfR_9,SRR4016801.contig00002,1005,1005,99.403,1,1005,712357,713361,0.0,1786.0,1.0
ccdB_2~~~ccdB~~~ccdB_1,DADYHI010000030,348,348,99.713,1,348,15433,15087,2.6499999999999997e-176,620.0,1.0
ccpA_1~~~ccpA_3,NZ_JAFLNR010000002,987,986,75.152,1,986,274747,273762,0.0,674.0,0.9989868287740629
cdhR_1~~~cdhR~~~xylR~~~cdhR_2,SRR13684777.contig00032,972,972,100.0,1,972,43661,44632,0.0,1754.0,1.0
cdhR_2~~~rhaR_5~~~cdhR~~~rhaS_9~~~cdhR_1,NZ_CP046786,1011,1012,99.407,1,1011,693656,692646,0.0,1792.0,1.0009891196834817
cdr,NZ_KK020569,1614,1614,100.0,1,1614,497132,495519,0.0,2911.0,1.0
cdr_2~~~cdr_1~~~cdr_3,VP06050.contig00001,1704,1694,90.791,1,1694,504908,503215,0.0,2352.0,0.994131455399061
cdr_2~~~cdr_1~~~cdr_3~~~cdr~~~nasD_3~~~cdr_4,SRR18762455.contig00001,1725,1725,99.536,1,1725,954559,956283,0.0,3076.0,1.0
cdr_2~~~cdr_3~~~cdr_1~~~cdr,SRR4016801.contig00007,1704,1695,80.295,1,1695,95644,93950,0.0,1552.0,0.9947183098591549
chuR_1~~~chuR_2~~~chuR_3,SPVP170162.contig00004,1269,1269,99.842,1,1269,433091,434359,0.0,2280.0,1.0
chuR_2~~~chuR_3,NZ_CP046786,1272,1272,99.057,1,1272,736944,738215,0.0,2241.0,1.0
chuR_2~~~chuR_3~~~chuR_4~~~chuR_1~~~chuR_5,SPVP150085.contig00001,1344,1344,98.958,1,1344,330910,332253,0.0,2361.0,1.0
chuR_5~~~chuR_3,SRR16324073.contig00020,1233,1233,97.972,1,1233,8378,7146,0.0,2112.0,1.0
citA,SPVP140107.contig00001,1656,1656,99.94,1,1656,765498,767153,0.0,2983.0,1.0
citC,VP06050.contig00025,1095,1095,94.886,1,1095,15008,13956,0.0,1756.0,1.0
citD,SPVP140285.contig00010,297,297,100.0,1,297,232282,231986,2.09e-151,536.0,1.0
citE,SPVP140107.contig00001,876,876,100.0,1,876,758924,758049,0.0,1581.0,1.0
citF,SPVP140107.contig00001,1518,1518,99.802,1,1518,758039,756522,0.0,2725.0,1.0
citG,SPVP140107.contig00001,960,960,100.0,1,960,756008,755049,0.0,1732.0,1.0
citS_2~~~citS_1~~~citS,SPVP140107.contig00001,1347,1347,99.926,1,1347,760579,761925,0.0,2425.0,1.0
citX,DADYHI010000001,537,537,98.696,1,537,88574,89110,0.0,938.0,1.0
clpV1_2,SRR18762455.contig00002,2607,2607,98.849,1,2607,364053,361447,0.0,4567.0,1.0
clpV1_4~~~clpV1~~~clpV1_3~~~clpV1_2~~~clpV1_1,SRR18762455.contig00006,2712,2724,99.156,1,2712,218960,221683,0.0,4816.0,1.0044247787610618
clsC_2~~~clsC_1,SRR16324073.contig00006,1452,1452,92.218,1,1452,9031,7580,0.0,2110.0,1.0
cmoA_2,NZ_JABCBN010000036,603,603,96.683,1,603,4181,4783,0.0,998.0,1.0
cmoM_2~~~cmoM_1,SRR18762455.contig00009,1719,1719,100.0,1,1719,24436,22718,0.0,3101.0,1.0
cnbH~~~QRSL1,SRR18034811.contig00001,1248,1248,100.0,1,1248,773367,774614,0.0,2251.0,1.0
coaD,SRR13684777.contig00016,488,488,98.975,1,488,109044,108559,0.0,851.0,1.0
coaD~~~coaD_1~~~coaD_2,SPVP140285.contig00003,576,576,99.826,1,576,179017,179592,0.0,1035.0,1.0
cpoB_1~~~cpoB_2,SRR18762455.contig00002,483,483,96.894,1,483,303805,304287,0.0,804.0,1.0
cpxA_2~~~sasA_6~~~cpxA_1~~~sasA_4~~~sasA_7,SRR11823746.contig00004,1323,1323,100.0,1,1323,583705,585027,0.0,2387.0,1.0
cqsS_2~~~cqsS_5~~~cqsS_1~~~cqsS,SPVP140260.contig00002,1965,1965,99.695,1,1965,222199,220236,0.0,3514.0,1.0
cqsS~~~cqsS_3~~~cqsS_2,NZ_JACBSZ010000012,2073,2073,97.829,1,2073,130587,132635,0.0,3553.0,1.0
crfC~~~era_2,SPVP150169.contig00024,2409,2409,97.717,1,2409,31650,34058,0.0,4097.0,1.0
csaA~~~csaA_2,SPVP150169.contig00027,344,344,100.0,1,344,13517,13860,7.51e-177,621.0,1.0
csdE,VP15198.contig00007,432,432,99.769,1,432,39564,39133,0.0,775.0,1.0
csgA~~~hcaB~~~csgA_1,JACVHJ010000016.1,693,693,88.312,1,693,53292,53984,0.0,885.0,1.0
csgD_4~~~malT_3~~~csgD_2~~~csgD~~~malT_4,NZ_CP051099,645,645,100.0,1,645,561506,562150,0.0,1164.0,1.0
cspG_1,SRR13684777.contig00052,214,214,99.065,1,214,6845,6633,1.05e-102,374.0,1.0
cspG_4~~~cspG_2,SPVP170146.contig00052,219,219,95.434,1,219,1744,1526,1.23e-95,351.0,1.0
cspG_4~~~cspG_2~~~cspG_3~~~cspG_1,SPVP170146.contig00029,210,210,100.0,1,210,8145,8354,2.4099999999999997e-104,379.0,1.0
cspG_5~~~cspG_3,VP06050.contig00001,213,213,93.897,1,213,499932,500144,4.73e-88,326.0,1.0
cspV_1~~~cspV_2,NZ_KK020625,564,564,100.0,1,564,165787,165224,0.0,1018.0,1.0
csy2,NZ_JACBSZ010000001,897,902,91.463,1,897,592219,591319,0.0,1272.0,1.0055741360089185
csy3,SRR18762455.contig00002,1038,1040,90.481,1,1038,111963,113000,0.0,1425.0,1.001926782273603
csy3_1~~~csy3,SPVP140285.contig00010,1032,1032,95.543,1,1032,137577,136546,0.0,1654.0,1.0
csy3_2~~~csy3,VP07269.contig00002,1047,1051,81.541,1,1047,533995,532952,0.0,1004.0,1.0038204393505252
cueR_2~~~cueR_3,NZ_CP046786,546,546,96.337,1,546,1677252,1676727,0.0,909.0,1.0
cugP,SPVP170162.contig00003,1059,1059,99.433,1,1059,377312,376254,0.0,1884.0,1.0
cugP~~~cugP_2,SRR19641559.contig00005,1068,1066,84.615,1,1066,273492,272427,0.0,1184.0,0.99812734082397
cycB,SRR18609788.contig00024,1236,1236,100.0,1,1236,14802,13567,0.0,2230.0,1.0
cysC_2~~~cysC_1,NZ_JABCIE010000008,659,536,99.254,1,536,23517,24052,0.0,949.0,0.8133535660091047
cysD_1,NZ_JABCFE010000004,915,915,100.0,1,915,348288,349202,0.0,1651.0,1.0
cysE_1~~~cysE_2,SPVP150139.contig00005,486,486,100.0,1,486,414692,414207,0.0,877.0,1.0
cysE_2~~~dapH~~~dapH_2,SPVP150139.contig00005,498,498,100.0,1,498,415918,415421,0.0,899.0,1.0
cysN_1,VP11139.contig00002,1410,1410,100.0,1,1410,349649,351058,0.0,2544.0,1.0
cytR_2~~~cytR_1,SPVP170146.contig00006,1122,1122,99.822,1,1122,173725,172604,0.0,2015.0,1.0
czcA_5~~~swrC~~~mdtC~~~cnrA_2~~~mdtB,SRR13684777.contig00032,3045,3045,100.0,1,3045,48688,51732,0.0,5492.0,1.0
dam,NZ_NNHO01000034,810,810,100.0,1,810,20353,19544,0.0,1462.0,1.0
dam_2~~~dam~~~dam_1,VP07269.contig00021,840,840,99.762,1,840,32022,32861,0.0,1507.0,1.0
dapE_1~~~dapE_2,SRR11823746.contig00017,1524,1524,100.0,1,1524,48303,49826,0.0,2749.0,1.0
dapH,VP07003.contig00003,546,546,100.0,1,546,203871,204416,0.0,985.0,1.0
dapH~~~lacA_1,SPVP170146.contig00004,606,606,99.835,1,606,36606,37211,0.0,1089.0,1.0
dapb3~~~dapb3_1~~~dapb3_2,NZ_JAFLNR010000003,1923,1923,99.064,1,1923,391448,389526,0.0,3388.0,1.0
dbpA_2~~~dbpA_1,JACVHT010000001.1,2196,2196,99.727,1,2196,1233772,1231583,0.0,3935.0,1.0
dcm~~~dcm_2~~~dcm_1,NZ_BAVK01000003,1707,1385,68.087,274,1650,10017,11381,2.0699999999999998e-135,486.0,0.8113649677797306
dctM_3~~~dctM_2~~~dctM_1,NZ_NNHO01000003,1302,1302,99.846,1,1302,271392,272693,0.0,2340.0,1.0
ddl_2,SRR18762455.contig00002,1155,1155,96.45,1,1155,361302,360148,0.0,1899.0,1.0
ddpC,SRR18763195.contig00013,894,894,97.539,1,894,55789,56661,0.0,1528.0,1.0
decR,NZ_JAFLNR010000031,513,514,99.611,1,513,7422,7935,0.0,915.0,1.0019493177387915
def2_2~~~def~~~def2_1,NZ_CP051100,504,504,93.849,1,504,3299545,3300048,0.0,770.0,1.0
deoD3,SPVP140107.contig00002,708,708,100.0,1,708,469056,469763,0.0,1278.0,1.0
dgcM_2,SRR18609788.contig00032,1533,1533,98.63,1,1533,6304,7836,0.0,2671.0,1.0
dgcZ~~~dgcC,SPVP140259.contig00002,633,633,89.415,1,633,638382,639014,0.0,840.0,1.0
dgkA_2,NZ_JABCCB010000005,396,396,99.747,1,396,197497,197102,0.0,710.0,1.0
dgkA_2~~~dgkA_1,SPVP140212.contig00009,417,417,97.842,1,417,184115,184522,0.0,716.0,1.0
dgkA_2~~~dgkA_3,AAXOXW010000034,381,381,100.0,1,381,12044,12424,0.0,688.0,1.0
dgt_1~~~dgt_2~~~dgt_3,SPVP140090.contig00005,1467,1467,100.0,1,1467,3801,2335,0.0,2646.0,1.0
dhaD~~~dhaD_1,NZ_NNHO01000002,1077,1077,94.708,1,1077,17824,16748,0.0,1686.0,1.0
dhaK_1~~~dhaK,VP10022.contig00003,1110,1111,99.73,1,1110,215951,214841,0.0,1987.0,1.000900900900901
dhaL~~~dhaL_2,AAXNRW010000003,1710,1711,99.532,1,1710,374128,375837,0.0,3043.0,1.0005847953216374
dhaM~~~ptsI_2~~~ptsI_1,SPVP140090.contig00003,2400,2400,96.708,1,2400,213771,211372,0.0,3973.0,1.0
dhaR~~~dhaR_1~~~dhaR_2,SRR18763195.contig00005,1947,1946,99.383,2,1947,190479,192424,0.0,3456.0,0.9994863893168978
dhmA~~~mhpC~~~ephA~~~menH_4,NZ_LFYN01000033,858,858,98.135,1,858,3446,4303,0.0,1476.0,1.0
dinB_2~~~dinB_1~~~dinB,JAJGNV010000004.1,1062,1009,70.862,8,1016,189168,188160,2.46e-138,495.0,0.9500941619585688
dinG_2~~~dinG_4~~~dinG_1~~~polC_2~~~polC_1~~~polC_4~~~polC_5~~~dinG_3,VP11139.contig00003,711,711,98.031,1,711,385102,384392,0.0,1220.0,1.0
dinG_4~~~dinG_5~~~dinG_2,NZ_NNHO01000001,624,624,92.628,1,624,843066,843689,0.0,919.0,1.0
dld_1~~~dld_2,SPVP140212.contig00002,1707,1707,96.837,1,1707,519417,521123,0.0,2836.0,1.0
dltC,VP07269.contig00003,228,228,97.368,1,228,171343,171570,6.219999999999999e-106,385.0,1.0
dmlR_10~~~dmlR_3~~~dmlR_4,VP06050.contig00001,903,903,95.681,1,903,485884,486786,0.0,1453.0,1.0
dmlR_2~~~oxyR_5~~~oxyR_1~~~dmlR_1~~~dmlR_13~~~oxyR_4~~~oxyR_2,NZ_CP046786,840,840,100.0,1,840,496473,495634,0.0,1516.0,1.0
dmlR_3~~~dmlR_8~~~dmlR_12,SRR16324073.contig00003,882,882,94.785,1,882,553029,553910,0.0,1384.0,1.0
dmlR_4~~~dmlR_14~~~dmlR_6~~~dmlR_11~~~dmlR_3,NZ_JAFLNR010000034,912,912,92.873,1,912,5007,4096,0.0,1352.0,1.0
dnaG_1,JAJGNV010000002.1,1644,1648,81.129,1,1644,228280,226646,0.0,1568.0,1.002433090024331
dpiA_1,SPVP140107.contig00001,681,681,100.0,1,681,767140,767820,0.0,1229.0,1.0
dpnA_1~~~dpnA,NZ_NNHO01000034,657,657,99.696,1,657,19527,18871,0.0,1177.0,1.0
dpnA~~~yhdJ~~~yhdJ_2,VP11139.contig00007,696,696,95.402,1,696,323453,322758,0.0,1112.0,1.0
dprE1_1~~~dprE1_2~~~dprE1,JADQEE010000007.1,1284,1284,99.844,1,1284,175766,177049,0.0,2307.0,1.0
dprE2,SPVP140285.contig00003,738,738,99.864,1,738,193343,194080,0.0,1327.0,1.0
dsbC_2,ABDZFE010000011,693,693,97.403,1,693,26159,25467,0.0,1169.0,1.0
dsdC_2~~~dsdC~~~hdfR_10~~~dsdC_1~~~hdfR_7~~~dsdC_3,SPVP150169.contig00002,966,966,98.24,1,966,195443,196408,0.0,1666.0,1.0
dthadh,SRR13684777.contig00052,1152,1152,97.309,1,1152,11692,10541,0.0,1939.0,1.0
eamB,NZ_JNSU02000016,585,583,95.026,1,583,46443,47025,0.0,921.0,0.9965811965811966
eda_2~~~eda_3~~~eda_4~~~eda_1,NZ_JACBSZ010000002,624,624,99.84,1,624,590599,591222,0.0,1122.0,1.0
eda_4~~~eda_2~~~eda_3~~~eda_1,NZ_NNHO01000003,651,651,98.771,1,651,276624,277274,0.0,1139.0,1.0
ehpR_1~~~ehpR_2,SRR18034811.contig00002,363,363,96.419,1,363,354986,354624,3.1700000000000003e-169,597.0,1.0
eltD_1~~~eltD_2~~~ydjJ~~~tdh_2,NZ_JACBSZ010000001,1038,1036,93.05,1,1036,647548,648583,0.0,1544.0,0.9980732177263969
emrA_2~~~emrK~~~emrA_1~~~emrK_2,VP10022.contig00010,1014,1014,99.803,1,1014,9315,10328,0.0,1820.0,1.0
epsE_2,SPVP150045.contig00004,879,879,97.838,1,879,324711,323833,0.0,1500.0,1.0
epsF_2,NZ_JABCBN010000003,1203,1203,100.0,1,1203,198849,200051,0.0,2170.0,1.0
epsL_1~~~epsL_2,VP10022.contig00003,636,615,97.236,22,636,332991,332377,0.0,1033.0,0.9669811320754716
epsL_2~~~epsL_1~~~epsL~~~pssY,JADQEE010000007.1,549,549,77.413,1,549,212655,213203,1.24e-119,432.0,1.0
epsM_1~~~epsM_2,NZ_NNKS01000228,678,633,99.684,1,633,6286,5654,0.0,1133.0,0.9336283185840708
epsM_1~~~epsM_3,NZ_CP051100,633,633,91.311,1,633,1682049,1681417,0.0,894.0,1.0
epsM_2,VP07269.contig00003,645,645,99.535,1,645,174475,175118,0.0,1147.0,1.0
epsM_2~~~epsM_1,VP10022.contig00003,654,654,95.107,1,654,375000,374347,0.0,1036.0,1.0
epsM_2~~~epsM_1~~~epsM_3,SPVP170049.contig00006,633,633,96.84,1,633,317186,316554,0.0,1052.0,1.0
epsM_3~~~epsM_2,VP07003.contig00003,654,654,80.428,1,654,194628,195281,3.99e-171,603.0,1.0
epsN~~~pglE~~~per~~~arnB,SRR19641559.contig00005,1164,1164,99.914,1,1164,277608,276445,0.0,2095.0,1.0
eptA_2~~~eptA_3~~~eptA_1,AAXOXW010000034,1695,1695,97.168,1,1695,10389,12038,0.0,2877.0,1.0
era_1~~~era_2,SPVP170146.contig00010,1623,1623,99.754,1,1623,206414,204792,0.0,2910.0,1.0
esiB,NZ_JNSU02000016,1029,1036,98.069,1,1029,57899,56864,0.0,1781.0,1.0068027210884354
essD,SPVP170102.contig00017,933,933,98.178,1,933,2838,3770,0.0,1607.0,1.0
fabG_1~~~fabG_3,VP07269.contig00003,741,741,99.325,1,741,172863,173603,0.0,1315.0,1.0
fabG_2~~~fabG_6~~~fabG_5,NZ_JAFLNR010000004,744,742,99.73,1,742,119731,118990,0.0,1330.0,0.9973118279569892
fabG_6,SPVP150085.contig00017,702,702,93.59,1,702,10225,9560,0.0,1092.0,1.0
fabH,VP07269.contig00003,1068,1068,99.438,1,1068,171574,172641,0.0,1900.0,1.0
fcl,SPVP170102.contig00004,999,989,92.72,11,999,319217,318229,0.0,1460.0,0.98998998998999
fdtA,SPVP140260.contig00004,429,429,100.0,1,429,174047,173619,0.0,774.0,1.0
fdtA~~~fdtA_1,SRR17888663.contig00002,420,420,100.0,1,420,169707,170126,0.0,758.0,1.0
fdtA~~~fdtA_2,NZ_JABCBH010000002,411,362,81.215,14,375,201294,201655,2.99e-94,347.0,0.8807785888077859
fdtB_2~~~fdtB~~~fdtB_1~~~phaJ_1~~~phaJ_2~~~phaJ,DADYHI010000002,1509,1510,99.934,1,1509,364051,362542,0.0,2716.0,1.0006626905235254
fdtC,SRR17888663.contig00002,471,471,100.0,1,471,170104,170574,0.0,850.0,1.0
fimA_1,SPVP170146.contig00012,438,438,98.402,1,438,95023,94592,0.0,760.0,1.0
fis_2,DADYHI010000030,291,291,99.656,1,291,11844,12133,1.91e-145,517.0,1.0
flaD_1~~~flaC~~~flaD_6~~~flaB_2~~~flaD_2~~~flaD_3~~~flaB_1,NZ_JACBSZ010000006,1260,1260,98.095,1,1260,335704,334445,0.0,2165.0,1.0
fldP,SPVP140285.contig00004,639,639,90.767,1,639,150041,149457,0.0,927.0,1.0
flhC,NZ_JAFLNR010000007,534,534,96.067,1,534,199330,199863,0.0,869.0,1.0
flhD,NZ_JAFLNR010000007,303,304,99.342,1,303,199034,199337,2.14e-151,536.0,1.0033003300330032
folP_2~~~folP_1,JADQEE010000005.1,816,816,100.0,1,816,267337,268152,0.0,1472.0,1.0
fosA_1~~~fosA~~~fosA_2,SRR16324073.contig00019,411,409,79.951,3,411,7814,8222,9.14e-101,369.0,0.9951338199513382
fucO~~~adhB_1~~~mdh_1~~~mdh_2~~~dhaT_1,VP10022.contig00001,1143,1144,76.311,1,1143,11839,10697,0.0,835.0,1.0008748906386702
gabD_1~~~gabD_2~~~gapN,NZ_JABCBN010000001,1401,1401,96.574,1,1401,421380,422779,0.0,2307.0,1.0
galE_2~~~galE_3~~~galE_1,SPVP170049.contig00007,1020,1015,89.951,6,1020,168326,169340,0.0,1371.0,0.9950980392156863
galK_2~~~galK_1,NZ_JAFLNR010000001,1164,1164,95.704,1,1164,415178,414015,0.0,1874.0,1.0
galM_2~~~galM_3~~~galM_1,VP10022.contig00001,1089,1089,97.521,1,1089,695340,696428,0.0,1843.0,1.0
galT_2~~~galT_1~~~galT_3,SRR18609788.contig00024,1053,1053,92.498,1,1053,23230,22178,0.0,1544.0,1.0
ganB_1~~~ganB,SRR18609788.contig00024,1248,1248,100.0,1,1248,11302,10055,0.0,2251.0,1.0
ganB_2~~~ganB_1,NZ_JAFLNR010000001,999,999,95.796,1,999,430262,431260,0.0,1613.0,1.0
gfcB,SRR17888663.contig00002,681,681,100.0,1,681,187375,186695,0.0,1229.0,1.0
ghrB,SPVP170162.contig00025,975,975,100.0,1,975,131,1105,0.0,1759.0,1.0
glcA~~~lutP_1,VP06050.contig00001,1590,1590,96.289,1,1590,488402,486813,0.0,2602.0,1.0
gldA~~~dhaD_1~~~dhaD~~~dhaD_2,SPVP170011.contig00003,1083,1083,99.538,1,1083,335836,334754,0.0,1931.0,1.0
glmM_1~~~glmM_2,SPVP140285.contig00003,1428,1404,98.647,1,1403,226772,228174,0.0,2440.0,0.9831932773109243
glmM_2,SRR18763195.contig00005,1419,1419,99.225,1,1419,312432,311014,0.0,2510.0,1.0
glnH~~~glnH_1,SRR11823746.contig00017,882,882,97.732,1,882,37490,36612,0.0,1499.0,1.0
gltC_1~~~gltC_2,SRR18763195.contig00001,891,891,100.0,1,891,999525,1000415,0.0,1608.0,1.0
gmd,SPVP150139.contig00005,1191,1191,99.916,1,1191,350444,349254,0.0,2144.0,1.0
gmd~~~gmd_1~~~gmd_2,SRR18763195.contig00005,1182,1103,77.607,1,1100,317248,316152,0.0,866.0,0.9331641285956007
gmm,NZ_KK020603,474,475,97.263,1,474,158841,159315,0.0,795.0,1.0021097046413503
gntR_3~~~gntR_2,VP06050.contig00027,1032,1032,100.0,1,1032,2070,1039,0.0,1862.0,1.0
gnu,NZ_KK020603,945,945,95.132,1,945,164368,165312,0.0,1498.0,1.0
golD~~~fabG_6,NZ_NNHO01000009,702,702,100.0,1,702,160904,161605,0.0,1267.0,1.0
gph_1~~~gph_2~~~gph_6~~~gph_5~~~yihX~~~gph_7,JACVHJ010000005.1,672,672,94.792,1,672,259898,260569,0.0,1055.0,1.0
gph_2~~~gph_1~~~gph_5~~~hxpA,JACVHI010000002.1,726,726,100.0,1,726,208525,209250,0.0,1310.0,1.0
gph_6~~~gph_5,SPVP150045.contig00003,714,695,99.568,20,714,557225,557919,0.0,1241.0,0.9733893557422969
gph_6~~~gph_5~~~gph_2~~~gph_1~~~gph_4~~~gph_3,NZ_JABCBN010000022,687,687,96.361,1,687,11317,12003,0.0,1127.0,1.0
group_10007,SRR11823751.contig00003,912,912,92.434,1,912,25027,24116,0.0,1334.0,1.0
group_10008,SPVP150139.contig00008,648,641,94.072,1,641,23183,23823,0.0,985.0,0.9891975308641975
group_10012,SPVP150169.contig00001,645,645,99.38,1,645,8723,8079,0.0,1146.0,1.0
group_10013,NZ_JABCFE010000001,6309,6309,99.873,1,6309,1003656,997348,0.0,11342.0,1.0
group_1002,SPVP170098.contig00001,1632,1632,99.755,1,1632,1157855,1156224,0.0,2926.0,1.0
group_10025,SRR18034811.contig00004,579,579,86.356,1,579,2612,2040,0.0,685.0,1.0
group_10034,SRR18762455.contig00002,510,510,99.804,1,510,370604,370095,0.0,916.0,1.0
group_10037,SPVP170146.contig00010,312,312,96.474,1,312,120191,119880,2.52e-144,514.0,1.0
group_10040,NZ_MUXG01000015,381,381,100.0,1,381,60583,60963,0.0,688.0,1.0
group_10043,SPVP170049.contig00024,714,714,99.86,1,714,1039,326,0.0,1284.0,1.0
group_10055,DADYHI010000002,570,570,98.596,1,570,410044,409475,0.0,993.0,1.0
group_10057,SPVP140107.contig00001,1491,1494,93.373,1,1491,720245,718755,0.0,2245.0,1.0020120724346075
group_10059,SPVP170146.contig00005,606,606,99.835,1,606,76474,77079,0.0,1089.0,1.0
group_1006,SRR11823746.contig00001,2151,2151,94.654,1,2151,153133,155283,0.0,3361.0,1.0
group_10062,SRR18609788.contig00018,1077,1086,94.936,1,1077,44797,45882,0.0,1715.0,1.0083565459610029
group_10063,SPVP150085.contig00007,267,267,100.0,1,267,1683,1949,3.6e-135,482.0,1.0
group_10064,SRR11823751.contig00023,1050,1052,88.498,1,1050,60170,59136,0.0,1338.0,1.0019047619047619
group_10072,NZ_JABCIE010000001,1584,1580,99.747,5,1584,406652,408231,0.0,2832.0,0.9974747474747475
group_10073,VP11139.contig00092,543,543,100.0,1,543,660,118,0.0,980.0,1.0
group_10074,SPVP170162.contig00003,687,687,98.108,1,687,366464,367150,0.0,1181.0,1.0
group_10075,SRR11823746.contig00001,549,549,97.45,1,549,200377,199829,0.0,928.0,1.0
group_10079,SPVP170162.contig00015,3573,3573,90.792,1,3573,9470,13042,0.0,4961.0,1.0
group_1008,SPVP150169.contig00016,873,848,74.882,13,860,50347,49500,1.1100000000000001e-160,570.0,0.9713631156930126
group_10081,ABDZFE010000002,108,108,99.074,1,108,458894,459001,1.0700000000000001e-47,191.0,1.0
group_10082,SRR13684777.contig00006,447,448,98.214,1,447,102064,101617,0.0,769.0,1.0022371364653244
group_10087,NZ_BAVK01000001,915,915,99.672,1,915,100532,101443,0.0,1636.0,1.0
group_10091,NZ_LFYN01000107,540,540,99.444,1,540,8054,7515,0.0,961.0,1.0
group_10092,NZ_KK020586,717,717,96.792,1,717,3311,4027,0.0,1190.0,1.0
group_10096,DADYHI010000047,540,540,89.63,1,540,736,1275,0.0,722.0,1.0
group_101,SPVP110054.contig00015,102,102,99.02,1,102,55903,56004,1.8e-44,180.0,1.0
group_1010,SPVP110054.contig00015,606,606,99.835,1,606,19298,18693,0.0,1089.0,1.0
group_10101,JACVHI010000023.1,534,534,99.625,1,534,34457,34990,0.0,955.0,1.0
group_10108,SPVP140259.contig00002,630,630,100.0,1,630,625998,625369,0.0,1137.0,1.0
group_1011,JACVHI010000018.1,483,483,99.379,1,483,64981,65463,0.0,858.0,1.0
group_10118,SRR18762455.contig00004,411,411,99.757,1,411,64063,63653,0.0,737.0,1.0
group_10119,VP11139.contig00001,576,575,99.478,1,575,104611,105185,0.0,1024.0,0.9982638888888888
group_10122,SRR4016801.contig00011,435,435,100.0,1,435,81928,81494,0.0,785.0,1.0
group_10125,SPVP140090.contig00001,876,876,100.0,1,876,632716,631841,0.0,1581.0,1.0
group_10126,VP11139.contig00012,522,522,96.169,1,522,124479,123958,0.0,852.0,1.0
group_1013,SPVP170049.contig00015,1146,1146,94.415,1,1146,29301,28156,0.0,1779.0,1.0
group_10130,SRR17888663.contig00025,675,675,99.704,1,675,59384,60058,0.0,1209.0,1.0
group_10131,SPVP170146.contig00010,912,761,97.24,1,761,175277,176037,0.0,1278.0,0.8344298245614035
group_10137,NZ_MUXG01000003,924,924,99.784,1,924,268484,267562,0.0,1654.0,1.0
group_10146,NZ_BAVK01000008,543,543,95.212,1,543,304634,304092,0.0,863.0,1.0
group_10147,NZ_BAVK01000003,1521,1512,99.802,10,1521,178675,180186,0.0,2714.0,0.9940828402366864
group_10148,NZ_LFYN01000107,489,489,95.092,1,489,7022,6534,0.0,774.0,1.0
group_1015,NZ_JAFLNR010000017,387,382,93.455,1,381,71204,71584,4.7200000000000005e-161,570.0,0.9870801033591732
group_10152,SRR18762455.contig00006,1128,1128,99.379,1,1128,229252,228125,0.0,2003.0,1.0
group_10167,SPVP170162.contig00011,513,484,77.066,1,474,71156,70677,9.5e-102,372.0,0.9434697855750487
group_10169,VP15198.contig00012,507,507,100.0,1,507,92790,92284,0.0,915.0,1.0
group_10170,NZ_MUXG01000012,528,528,100.0,1,528,76222,75695,0.0,953.0,1.0
group_10171,SPVP140212.contig00013,480,480,99.167,1,480,75491,75012,0.0,848.0,1.0
group_10187,NZ_JABCBH010000001,1710,1710,99.825,1,1710,1267398,1269107,0.0,3071.0,1.0
group_10189,NZ_MUXG01000019,165,165,95.758,1,165,12689,12853,2.88e-70,267.0,1.0
group_1019,SRR17888663.contig00016,1401,1401,98.43,1,1401,15279,16679,0.0,2428.0,1.0
group_10212,VP07003.contig00004,285,285,97.193,1,285,163116,162832,4.7e-134,479.0,1.0
group_10216,VP15198.contig00012,267,267,93.258,1,267,23434,23168,9.67e-111,401.0,1.0
group_1022,NZ_JABCIE010000001,519,519,99.807,1,519,644339,644857,0.0,932.0,1.0
group_10221,DADYHI010000030,460,460,99.13,1,460,10043,9585,0.0,809.0,1.0
group_10223,SRR19641559.contig00004,426,426,97.887,1,426,462063,462479,0.0,732.0,1.0
group_10225,VP07269.contig00005,525,536,97.948,1,525,44688,44153,0.0,923.0,1.020952380952381
group_10228,SPVP140285.contig00003,933,906,87.196,28,933,188430,189335,0.0,1112.0,0.9710610932475884
group_10230,SPVP170102.contig00003,441,432,87.037,9,440,620657,620226,1.66e-148,527.0,0.9795918367346939
group_10251,SPVP150139.contig00006,987,987,99.899,1,987,183874,182888,0.0,1776.0,1.0
group_10258,SRR18763195.contig00013,369,369,100.0,1,369,41777,41409,0.0,666.0,1.0
group_10260,AAXOXW010000046,825,715,99.86,111,825,4478,5192,0.0,1286.0,0.8666666666666667
group_10264,SPVP150085.contig00040,561,561,99.643,1,561,2607,2047,0.0,1003.0,1.0
group_10270,NZ_CP046785,477,477,99.581,1,477,2981595,2981119,0.0,852.0,1.0
group_10274,SPVP170102.contig00004,357,357,100.0,1,357,417810,417454,0.0,645.0,1.0
group_10279,SPVP110054.contig00008,1014,1014,100.0,1,1014,100497,99484,0.0,1829.0,1.0
group_10280,VP07003.contig00001,246,228,86.404,1,227,258202,257978,2.3699999999999997e-67,258.0,0.926829268292683
group_10286,VP10022.contig00003,1224,1224,97.141,1,1224,415051,416274,0.0,2050.0,1.0
group_10289,SRR17888663.contig00020,342,342,97.953,1,342,12050,12391,5.37e-166,586.0,1.0
group_10291,NZ_NNEL01000032,477,427,76.815,1,425,99449,99872,2.5199999999999998e-83,311.0,0.8951781970649895
group_10305,SRR13684777.contig00009,1119,1119,98.57,1,1119,5353,6471,0.0,1947.0,1.0
group_10306,SRR19641559.contig00017,870,870,97.701,1,870,17414,16545,0.0,1480.0,1.0
group_10307,JAJGNV010000001.1,3180,3180,99.119,1,3180,576666,579843,0.0,5602.0,1.0
group_10312,SPVP140285.contig00006,3885,3886,99.434,1,3885,401179,397309,0.0,6915.0,1.0002574002574003
group_10313,JACVHI010000008.1,417,417,99.52,1,417,84397,83981,0.0,744.0,1.0
group_10314,VP07003.contig00001,465,465,96.989,1,465,576375,576839,0.0,776.0,1.0
group_10327,SPVP110054.contig00015,121,121,99.174,1,121,76190,76071,1.33e-53,211.0,1.0
group_10330,SRR16324073.contig00011,2274,2274,100.0,1,2274,80950,83223,0.0,4102.0,1.0
group_10344,VP15198.contig00004,145,145,99.31,1,145,78205,78348,1.5500000000000001e-66,254.0,1.0
group_10347,NZ_JABCBH010000001,498,499,98.998,1,498,1101419,1101917,0.0,875.0,1.002008032128514
group_10351,SRR18762455.contig00013,291,291,99.656,1,291,37247,36957,1.57e-146,521.0,1.0
group_10352,SRR18762455.contig00002,633,633,98.262,1,633,348735,348103,0.0,1093.0,1.0
group_10356,SPVP170102.contig00003,444,444,100.0,1,444,623082,623525,0.0,801.0,1.0
group_10357,JAJGNV010000002.1,262,262,99.237,1,262,166762,166501,9.46e-130,464.0,1.0
group_10371,SPVP150139.contig00013,1233,1168,73.031,1,1164,128414,127251,0.0,667.0,0.9472830494728305
group_10380,NZ_BAVK01000001,467,455,99.78,1,455,101436,101890,0.0,817.0,0.974304068522484
group_10382,SPVP170146.contig00004,465,465,100.0,1,465,285788,285324,0.0,839.0,1.0
group_10390,AAXNRW010000001,1200,1200,99.583,1,1200,620621,621820,0.0,2142.0,1.0
group_10398,SRR18763195.contig00004,918,918,99.564,1,918,398387,399304,0.0,1638.0,1.0
group_10410,SRR16324073.contig00001,228,228,92.544,1,228,1081658,1081431,9.87e-91,335.0,1.0
group_10411,NZ_JABCCB010000019,432,433,98.152,1,432,2637,2205,0.0,742.0,1.0023148148148149
group_10419,SPVP110054.contig00015,435,435,100.0,1,435,29613,29179,0.0,785.0,1.0
group_10427,VP11139.contig00011,266,266,99.248,1,266,50801,51064,9.62e-130,464.0,1.0
group_10430,SRR18763195.contig00010,408,408,97.549,1,408,119533,119940,0.0,691.0,1.0
group_10440,SPVP140285.contig00006,240,240,100.0,1,240,394671,394432,1.45e-120,434.0,1.0
group_10442,SPVP150045.contig00002,309,309,100.0,1,309,484721,484413,6.68e-158,558.0,1.0
group_10444,VP07269.contig00005,558,551,82.396,1,550,31561,31018,1.87e-155,551.0,0.9874551971326165
group_10448,AAXOXW010000016,2097,2108,99.194,1,2097,4108,6215,0.0,3727.0,1.0052455889365761
group_10449,SRR4016801.contig00007,453,446,93.049,1,446,241584,241139,0.0,665.0,0.9845474613686535
group_10461,JACVHJ010000002.1,1215,1214,77.924,1,1214,137281,136068,0.0,982.0,0.9991769547325103
group_10462,VP10022.contig00002,486,484,91.942,1,484,16838,17321,0.0,698.0,0.9958847736625515
group_10463,SRR16324073.contig00006,264,264,100.0,1,264,316445,316182,1.51e-133,477.0,1.0
group_10472,SPVP140107.contig00002,297,297,98.653,1,297,689340,689044,5.61e-146,518.0,1.0
group_10474,NZ_JNSU02000009,1152,1152,94.705,1,1152,701645,700494,0.0,1803.0,1.0
group_10475,SPVP140259.contig00002,534,534,98.876,1,534,706610,707137,0.0,938.0,1.0
group_10478,SPVP170098.contig00008,732,733,99.591,1,732,84932,84200,0.0,1306.0,1.0013661202185793
group_10479,NZ_JNSU02000001,96,96,96.875,1,96,286059,286154,1.55e-38,160.0,1.0
group_10488,SPVP140212.contig00001,279,279,97.849,1,279,173499,173227,1.6e-133,478.0,1.0
group_10489,SRR11823751.contig00003,447,363,98.072,85,447,425805,425443,2.85e-177,624.0,0.8120805369127517
group_10493,SPVP170098.contig00005,3408,3108,99.517,1,3108,6041,9148,0.0,5538.0,0.9119718309859155
group_10494,ABDZFE010000005,255,255,90.588,1,255,163839,164093,4.17e-96,352.0,1.0
group_10498,NZ_KK020586,660,660,98.333,1,660,22441,23099,0.0,1138.0,1.0
group_10502,NZ_JAFLNR010000009,510,503,92.445,1,503,98874,98372,0.0,737.0,0.9862745098039216
group_1051,SPVP150169.contig00015,1098,1098,96.357,1,1098,109965,111062,0.0,1801.0,1.0
group_10513,SPVP170162.contig00001,235,235,99.149,1,235,623249,623482,4.63e-114,412.0,1.0
group_10514,VP10022.contig00001,630,630,93.016,1,630,66461,65832,0.0,939.0,1.0
group_10542,NZ_JABCIE010000004,678,678,99.853,1,678,87756,87079,0.0,1219.0,1.0
group_10547,DADYHI010000002,807,807,98.761,1,807,385558,384752,0.0,1411.0,1.0
group_10549,SPVP140260.contig00031,1038,1038,96.532,1,1038,8875,9907,0.0,1706.0,1.0
group_10558,VP07269.contig00014,273,273,98.901,1,273,96888,96616,4.4999999999999995e-134,480.0,1.0
group_10560,SRR13684777.contig00018,1344,1344,99.777,1,1344,96790,98132,0.0,2407.0,1.0
group_10562,SPVP170049.contig00001,1308,1308,100.0,1,1308,97448,98755,0.0,2360.0,1.0
group_10563,VP07269.contig00006,1128,1128,99.734,1,1128,159121,157994,0.0,2021.0,1.0
group_10567,VP15198.contig00003,831,831,95.668,1,831,335390,334560,0.0,1337.0,1.0
group_10574,VP07269.contig00001,339,339,100.0,1,339,438228,437890,3.83e-174,612.0,1.0
group_10581,NZ_CP046785,1230,1230,88.13,1,1230,1905309,1906532,0.0,1562.0,1.0
group_10590,SRR18763195.contig00002,252,252,99.603,1,252,344363,344614,2e-125,451.0,1.0
group_10591,SRR18763195.contig00002,630,628,96.178,1,628,343792,343165,0.0,1025.0,0.9968253968253968
group_10596,SPVP140090.contig00001,250,250,97.6,1,250,111003,111251,9.590000000000001e-117,421.0,1.0
group_10602,VP11139.contig00006,486,493,98.174,1,486,138333,138825,0.0,851.0,1.01440329218107
group_10603,SRR11823751.contig00002,939,939,97.444,1,939,432283,433221,0.0,1586.0,1.0
group_10605,JACVHJ010000021.1,756,756,88.228,1,756,827,72,0.0,963.0,1.0
group_10613,SPVP110054.contig00015,384,384,99.74,1,384,33155,32772,0.0,689.0,1.0
group_10620,SRR11823746.contig00001,441,441,99.093,1,441,24120,23680,0.0,778.0,1.0
group_10621,SPVP110054.contig00006,405,405,87.16,1,405,291348,291752,2.57e-139,497.0,1.0
group_10623,SRR16324073.contig00002,471,390,78.462,1,387,723530,723913,1.06e-81,306.0,0.8280254777070064
group_10624,JACVHI010000006.1,450,450,100.0,1,450,23689,23240,0.0,812.0,1.0
group_10627,NZ_BAVK01000008,1722,1722,100.0,1,1722,307298,309019,0.0,3106.0,1.0
group_10630,NZ_BAVK01000017,156,147,98.639,1,147,32680,32534,1.3899999999999999e-67,257.0,0.9423076923076923
group_10636,VP06050.contig00019,912,912,99.232,1,912,4085,3174,0.0,1614.0,1.0
group_10637,NZ_JAFLNR010000004,804,804,95.522,1,804,126704,127507,0.0,1288.0,1.0
group_1064,NZ_BAVK01000017,192,192,92.188,1,192,36179,35988,5.4599999999999994e-74,279.0,1.0
group_1065,NZ_JAFLNR010000017,1674,1673,95.218,1,1673,69470,71142,0.0,2657.0,0.9994026284348865
group_10654,NZ_NNHO01000001,351,351,87.464,1,351,76266,76616,6.32e-121,435.0,1.0
group_10659,SPVP140090.contig00005,1491,1491,97.921,1,1491,292592,294070,0.0,2556.0,1.0
group_1066,SPVP150169.contig00016,2019,1996,83.818,1,1993,41270,43253,0.0,2126.0,0.9886082218920258
group_10670,AAXNRW010000004,1752,1737,97.064,1,1737,39844,38108,0.0,2903.0,0.9914383561643836
group_10672,NZ_KK020625,567,567,100.0,1,567,175410,175976,0.0,1023.0,1.0
group_10674,SPVP140107.contig00001,1044,1044,99.713,1,1044,729808,730850,0.0,1866.0,1.0
group_10683,NZ_JABCCB010000003,789,789,100.0,1,789,81854,81066,0.0,1424.0,1.0
group_10688,SPVP150085.contig00038,822,679,99.853,1,679,3671,4349,0.0,1221.0,0.8260340632603407
group_10689,NZ_JNSU02000012,1326,1328,92.47,2,1326,4168,2844,0.0,1941.0,1.0015082956259427
group_10690,NZ_JNSU02000012,609,564,99.113,1,564,821,258,0.0,995.0,0.9261083743842364
group_10692,VP10022.contig00003,141,141,99.291,1,141,550218,550358,1.84e-65,251.0,1.0
group_10693,VP06050.contig00009,471,471,99.363,1,471,45437,45907,0.0,837.0,1.0
group_10695,VP07269.contig00007,240,240,97.917,1,240,103821,103582,1.66e-113,411.0,1.0
group_10698,VP11139.contig00011,399,399,96.742,1,399,58269,58667,0.0,662.0,1.0
group_10699,AAXOXW010000014,867,870,98.391,1,867,94820,95683,0.0,1501.0,1.0034602076124568
group_10704,ABDZFE010000002,285,285,95.439,1,285,151437,151153,5.36e-127,456.0,1.0
group_10716,NZ_NNHO01000017,1749,1749,100.0,1,1749,199237,200985,0.0,3155.0,1.0
group_1072,SPVP140107.contig00013,1122,1122,100.0,1,1122,60347,59226,0.0,2024.0,1.0
group_10725,VP07269.contig00025,762,762,94.882,1,762,20581,19820,0.0,1199.0,1.0
group_10731,AAXNRW010000005,219,220,99.545,1,219,71255,71474,4.88e-107,389.0,1.004566210045662
group_10740,SPVP140259.contig00002,566,566,99.823,1,566,295751,296315,0.0,1013.0,1.0
group_10741,SRR11350400.contig00012,687,687,99.563,1,687,2433,3119,0.0,1226.0,1.0
group_10742,SPVP170049.contig00005,1344,1344,99.628,1,1344,415789,414446,0.0,2402.0,1.0
group_10746,SRR17888663.contig00003,1044,1044,99.521,1,1044,206013,207056,0.0,1861.0,1.0
group_10749,VP06050.contig00018,234,234,94.444,1,234,54942,54709,2.1000000000000002e-99,364.0,1.0
group_1075,SPVP150085.contig00004,807,807,96.159,1,807,241063,240257,0.0,1316.0,1.0
group_10752,NZ_NNEL01000006,513,513,98.441,1,513,427628,427121,0.0,885.0,1.0
group_10753,VP07003.contig00001,237,237,98.312,1,237,254445,254681,1.63e-113,410.0,1.0
group_10758,VP07003.contig00003,726,726,100.0,1,726,181733,181008,0.0,1310.0,1.0
group_1076,SPVP150085.contig00023,1239,1239,99.839,1,1239,37327,36089,0.0,2226.0,1.0
group_10765,DADYHI010000030,300,300,97.667,1,300,12168,12467,2.94e-143,510.0,1.0
group_10773,NZ_LFYN01000106,378,378,97.354,1,378,15679,16056,0.0,637.0,1.0
group_10774,NZ_KK020600,789,789,97.338,1,789,1405,2193,0.0,1329.0,1.0
group_10777,SPVP170146.contig00015,462,462,100.0,1,462,70659,70198,0.0,834.0,1.0
group_10779,SRR16324073.contig00005,195,195,100.0,1,195,353999,354193,3.07e-96,352.0,1.0
group_10782,AAXOXW010000029,894,894,95.973,1,894,987,94,0.0,1451.0,1.0
group_10789,DADYHI010000002,792,762,97.9,31,792,184775,185536,0.0,1303.0,0.9621212121212122
group_10790,SPVP140212.contig00007,690,690,99.855,1,690,106452,105763,0.0,1241.0,1.0
group_10791,SRR13684777.contig00003,1950,1938,89.37,1,1938,2016,3953,0.0,2567.0,0.9938461538461538
group_10796,VP06050.contig00002,285,285,95.439,1,285,293879,294163,5.36e-127,456.0,1.0
group_10797,JADQEE010000003.1,141,141,99.291,1,141,236972,237112,1.84e-65,251.0,1.0
group_10800,SPVP110054.contig00015,600,600,99.667,1,600,41072,40473,0.0,1074.0,1.0
group_10802,NZ_MUXG01000015,789,789,99.873,1,789,44720,45507,0.0,1416.0,1.0
group_10812,SRR17888663.contig00003,3369,3369,90.917,1,3369,326056,329423,0.0,4693.0,1.0
group_10825,VP07269.contig00025,282,282,99.291,1,282,32129,32410,1.42e-140,500.0,1.0
group_10826,SRR18034811.contig00002,729,729,98.491,1,729,255091,255819,0.0,1266.0,1.0
group_10828,VP07269.contig00005,1794,1794,99.498,1,1794,65837,64044,0.0,3195.0,1.0
group_10830,VP10022.contig00001,138,138,99.275,1,138,667727,667863,9.28e-63,242.0,1.0
group_10838,SRR11823746.contig00003,114,114,98.246,1,114,189755,189868,7.78e-50,197.0,1.0
group_10839,VP06050.contig00002,346,344,98.837,3,346,86788,86445,2.03e-171,603.0,0.9942196531791907
group_10840,SPVP170102.contig00004,1044,1044,97.031,1,1044,310422,309379,0.0,1744.0,1.0
group_10846,SRR17888663.contig00003,624,624,87.5,1,624,436134,436757,0.0,774.0,1.0
group_1085,SRR11823751.contig00026,585,588,88.776,1,585,15392,15976,0.0,760.0,1.005128205128205
group_10852,SRR19641559.contig00004,381,381,100.0,1,381,476122,475742,0.0,688.0,1.0
group_10854,SRR18762455.contig00006,519,519,100.0,1,519,218544,218026,0.0,937.0,1.0
group_10858,NZ_JABCBH010000001,1713,1713,99.416,1,1713,146836,148548,0.0,3045.0,1.0
group_10862,SRR18609788.contig00009,2196,2196,100.0,1,2196,204628,202433,0.0,3961.0,1.0
group_10876,SPVP140259.contig00002,504,504,100.0,1,504,602504,603007,0.0,910.0,1.0
group_10882,VP15198.contig00006,153,153,92.81,1,153,49392,49533,5.419999999999999e-60,233.0,1.0
group_10886,NZ_NNHO01000007,1398,1398,100.0,1,1398,129654,131051,0.0,2522.0,1.0
group_10887,SPVP150045.contig00002,171,171,84.795,1,171,456814,456984,5.4399999999999995e-48,192.0,1.0
group_10890,SPVP150085.contig00021,252,252,97.619,1,252,11525,11274,6.52e-119,428.0,1.0
group_10894,SPVP170049.contig00002,201,165,98.788,37,201,641439,641275,3.18e-77,289.0,0.8208955223880597
group_10907,SRR18762455.contig00002,285,285,98.596,1,285,397032,396748,1.75e-139,497.0,1.0
group_10908,SPVP150169.contig00010,165,165,95.152,1,165,8608,8772,3.51e-69,262.0,1.0
group_10913,SPVP150085.contig00002,324,324,99.383,1,324,302980,302658,3.2e-162,572.0,1.0
group_10918,AAXNRW010000001,513,513,100.0,1,513,811106,810594,0.0,926.0,1.0
group_10921,SPVP140107.contig00001,957,958,99.896,1,957,743322,742365,0.0,1720.0,1.0010449320794148
group_10922,SRR18609788.contig00028,1707,1707,100.0,1,1707,13061,14767,0.0,3079.0,1.0
group_10923,SPVP110054.contig00004,1206,1206,99.751,1,1206,443416,442211,0.0,2162.0,1.0
group_10927,VP15198.contig00012,1584,1584,96.465,1,1584,117824,116241,0.0,2605.0,1.0
group_10929,SPVP170146.contig00001,101,95,100.0,7,101,382987,383081,2.6299999999999996e-42,172.0,0.9405940594059405
group_1095,SPVP170098.contig00033,363,363,100.0,1,363,3213,2851,0.0,655.0,1.0
group_10950,VP15198.contig00008,414,414,90.338,1,414,212171,211794,1.28e-168,595.0,1.0
group_10955,VP07269.contig00011,288,288,92.361,1,288,44069,43782,1.1200000000000001e-116,421.0,1.0
group_10961,NZ_JABCBN010000001,2127,2127,99.953,1,2127,1253528,1255653,0.0,3828.0,1.0
group_10963,SPVP170102.contig00004,243,230,90.435,1,230,427023,427252,2.85e-85,316.0,0.9465020576131687
group_10965,JAJGNV010000001.1,813,814,99.877,1,813,1252285,1251472,0.0,1461.0,1.001230012300123
group_10966,DADYHI010000032,423,402,89.055,1,393,8216,7815,1.31e-149,531.0,0.950354609929078
group_10975,SPVP140259.contig00005,4071,4071,97.789,1,4071,299062,294995,0.0,6935.0,1.0
group_10976,SPVP150045.contig00005,954,957,91.014,1,954,151480,150527,0.0,1331.0,1.0031446540880504
group_10979,NZ_NNEL01000006,1806,1806,100.0,1,1806,286234,288039,0.0,3258.0,1.0
group_10981,SRR18609788.contig00052,291,254,100.0,1,254,1243,1496,4.5e-128,459.0,0.872852233676976
group_10982,SPVP140260.contig00023,378,378,91.005,1,378,62574,62951,3.5400000000000004e-156,554.0,1.0
group_10994,SRR19641559.contig00001,1158,1151,87.576,1,1148,78532,77385,0.0,1419.0,0.9939550949913645
group_10997,SPVP140212.contig00001,384,382,90.838,1,382,547244,547625,1.18e-149,532.0,0.9947916666666666
group_10999,NZ_JAFLNR010000015,537,537,100.0,1,537,2556,3092,0.0,969.0,1.0
group_11004,VP06050.contig00009,993,993,89.023,1,993,18296,19288,0.0,1300.0,1.0
group_11007,SRR18763195.contig00001,432,433,99.769,1,432,446983,447415,0.0,774.0,1.0023148148148149
group_11008,SPVP140259.contig00007,4386,4101,99.659,1,4101,123208,127308,0.0,7333.0,0.9350205198358413
group_11009,SRR16324073.contig00013,294,294,99.66,1,294,62840,62548,4.55e-147,523.0,1.0
group_1101,SPVP110054.contig00015,366,366,99.18,1,366,14360,13995,0.0,647.0,1.0
group_11013,SRR4016801.contig00006,921,921,89.902,1,921,175562,174642,0.0,1242.0,1.0
group_11016,SPVP110054.contig00004,1497,1497,99.198,1,1497,401816,403306,0.0,2647.0,1.0
group_11017,AAXOXW010000016,150,150,99.333,1,150,4108,4257,2.5600000000000002e-70,267.0,1.0
group_11023,VP11139.contig00005,993,997,99.198,1,993,209567,210563,0.0,1762.0,1.0040281973816716
group_11035,VP11139.contig00010,243,253,95.652,1,243,149438,149186,4.81e-114,412.0,1.0411522633744856
group_11038,SPVP140107.contig00007,456,456,94.956,1,456,106115,106570,0.0,719.0,1.0
group_11040,ABDZFE010000002,225,219,93.151,7,225,151145,150927,1.44e-88,328.0,0.9733333333333334
group_11045,VP06050.contig00001,564,564,100.0,1,564,493290,492727,0.0,1018.0,1.0
group_11048,SPVP170162.contig00003,468,468,94.872,1,468,318986,318519,0.0,737.0,1.0
group_11051,SPVP170049.contig00002,2466,2466,99.108,1,2466,529802,532266,0.0,4345.0,1.0
group_11053,SRR18609788.contig00001,324,324,100.0,1,324,164363,164040,5.06e-166,585.0,1.0
group_11056,SPVP140285.contig00010,1302,1302,88.018,1,1302,96945,95644,0.0,1645.0,1.0
group_11058,NZ_JABCCB010000029,780,782,99.488,1,780,6092,6872,0.0,1387.0,1.0025641025641026
group_11062,AAXOXW010000028,597,597,98.995,1,597,1291,1887,0.0,1050.0,1.0
group_11063,VP07003.contig00005,328,328,99.39,1,328,176652,176327,2.18e-164,581.0,1.0
group_11064,SPVP140107.contig00007,582,582,92.612,1,582,99744,100325,0.0,856.0,1.0
group_11068,NZ_JAFLNR010000002,1665,1665,94.715,1,1665,157681,156062,0.0,2620.0,1.0
group_11069,SRR11350400.contig00025,585,585,99.487,1,585,11725,12308,0.0,1039.0,1.0
group_11070,JACVHJ010000002.1,825,825,96.485,1,825,235243,234419,0.0,1383.0,1.0
group_11074,NZ_JABCBN010000001,17586,17586,97.89,1,17586,573282,590867,0.0,30042.0,1.0
group_11081,NZ_MUXG01000015,300,300,99.667,1,300,56304,56603,2.11e-151,537.0,1.0
group_11082,JACVHI010000006.1,942,946,71.67,1,942,155811,156752,1.37e-134,483.0,1.0042462845010616
group_11086,SPVP150045.contig00008,351,351,98.575,1,351,178777,178427,1.39e-173,611.0,1.0
group_11091,SPVP170102.contig00002,585,585,98.632,1,585,177515,178099,0.0,1020.0,1.0
group_11093,SRR18763195.contig00006,4398,4398,98.931,1,4398,85048,80672,0.0,7735.0,1.0
group_11096,NZ_JABCIE010000001,1209,1209,100.0,1,1209,305283,304075,0.0,2181.0,1.0
group_11104,SRR16324073.contig00004,2415,2382,98.825,1,2382,6549,8930,0.0,4170.0,0.986335403726708
group_11107,SPVP170102.contig00002,1599,1501,72.685,1,1493,131625,130136,0.0,809.0,0.9387116948092558
group_11113,SPVP140260.contig00031,1224,1224,94.853,1,1224,7266,6043,0.0,1924.0,1.0
group_11119,SRR19641559.contig00003,1728,1728,94.618,1,1728,6134,4407,0.0,2698.0,1.0
group_1112,AAXOXW010000036,381,382,96.859,1,381,9016,8635,4.64e-180,632.0,1.0026246719160106
group_11121,NZ_MUXG01000015,423,423,100.0,1,423,39144,39566,0.0,764.0,1.0
group_11122,AAXOXW010000046,828,828,98.551,1,828,6359,5532,0.0,1440.0,1.0
group_1113,AAXOXW010000036,108,108,93.519,1,108,9764,9657,1.49e-39,164.0,1.0
group_11130,AAXNRW010000010,936,936,99.893,1,936,9182,10117,0.0,1684.0,1.0
group_11150,NZ_JAFLNR010000007,870,870,98.736,1,870,196984,197853,0.0,1520.0,1.0
group_11151,SRR18762455.contig00002,417,416,98.798,2,417,367216,366801,0.0,728.0,0.9976019184652278
group_11153,VP15198.contig00001,1266,1266,99.289,1,1266,589984,591249,0.0,2243.0,1.0
group_11157,NZ_JABCIE010000003,1644,1644,100.0,1,1644,277899,279542,0.0,2966.0,1.0
group_1116,VP07269.contig00025,300,300,99.0,1,300,9467,9766,1.09e-148,528.0,1.0
group_11166,NZ_CP046785,1260,1260,98.016,1,1260,2953413,2954672,0.0,2160.0,1.0
group_11170,SRR13684777.contig00058,372,372,100.0,1,372,12851,12480,0.0,672.0,1.0
group_11173,SPVP150085.contig00006,225,225,76.0,1,225,245,422,3.1799999999999998e-46,187.0,1.0
group_11184,NZ_MUXG01000009,492,492,99.797,1,492,225860,225369,0.0,884.0,1.0
group_11195,VP06050.contig00027,1866,1864,99.839,3,1866,3905,2042,0.0,3349.0,0.9989281886387996
group_11196,SPVP140260.contig00042,303,303,96.7,1,303,294,1,3.62e-142,506.0,1.0
group_11198,VP06050.contig00003,654,654,95.107,1,654,77812,78465,0.0,1049.0,1.0
group_11199,SRR19641559.contig00004,105,105,100.0,1,105,29224,29120,1.0300000000000001e-47,190.0,1.0
group_112,VP11139.contig00002,477,477,99.581,1,477,101453,101928,0.0,848.0,1.0
group_11203,SPVP170098.contig00002,1389,1389,98.704,1,1389,189561,188173,0.0,2425.0,1.0
group_11204,SRR17888663.contig00002,220,219,99.543,2,220,343791,343574,1.71e-106,388.0,0.9954545454545455
group_11207,SRR19641559.contig00003,519,519,97.688,1,519,312505,311999,0.0,889.0,1.0
group_11208,SPVP170011.contig00004,825,809,99.629,1,809,250460,251268,0.0,1446.0,0.9806060606060606
group_11211,VP11139.contig00007,285,285,92.982,1,285,323706,323422,9.08e-118,425.0,1.0
group_11212,SPVP140285.contig00008,387,387,96.382,1,387,159195,158809,0.0,636.0,1.0
group_11272,NZ_JACBSZ010000024,555,555,98.559,1,555,9272,9826,0.0,966.0,1.0
group_1128,NZ_CP051100,216,216,99.074,1,216,461783,461998,7.13e-105,381.0,1.0
group_1133,JACVHI010000023.1,642,642,99.688,1,642,33415,34056,0.0,1150.0,1.0
group_1134,VP07269.contig00002,489,482,89.419,1,482,556999,557480,0.0,640.0,0.9856850715746421
group_11389,NZ_JAFLNR010000001,885,885,100.0,1,885,395414,394530,0.0,1597.0,1.0
group_11390,NZ_JAFLNR010000001,1074,1074,100.0,1,1074,394533,393460,0.0,1938.0,1.0
group_1142,SRR18762455.contig00002,3453,3453,98.668,1,3453,352196,348744,0.0,6020.0,1.0
group_1145,NZ_JAFLNR010000001,276,276,98.551,1,276,408636,408361,1.2999999999999999e-134,480.0,1.0
group_1148,SPVP140285.contig00010,435,436,84.174,1,435,197498,197064,1.35e-130,469.0,1.0022988505747126
group_1149,AAXNRW010000006,1125,1125,89.067,1,1125,6183,5065,0.0,1471.0,1.0
group_1155,SPVP150045.contig00010,492,492,86.179,1,492,29942,30421,2.77e-165,583.0,1.0
group_1159,AAXOXW010000010,570,570,100.0,1,570,7218,7787,0.0,1029.0,1.0
group_1160,NZ_JABCIE010000001,393,393,100.0,1,393,581197,580805,0.0,710.0,1.0
group_1163,AAXNRW010000007,1257,1260,93.095,1,1257,2897,4153,0.0,1877.0,1.0023866348448687
group_11637,NZ_LFYN01000049,243,243,98.765,1,243,2756,2998,7.6300000000000005e-118,425.0,1.0
group_11640,NZ_LFYN01000049,258,258,100.0,1,258,4469,4726,2.6600000000000002e-130,466.0,1.0
group_11644,NZ_LFYN01000049,258,258,99.225,1,258,6456,6199,1.38e-127,457.0,1.0
group_11645,NZ_LFYN01000049,1251,1251,94.804,1,1251,2991,4241,0.0,1964.0,1.0
group_11646,NZ_LFYN01000049,1140,1140,98.596,1,1140,1538,2665,0.0,1991.0,1.0
group_11654,NZ_LFYN01000049,243,243,100.0,1,243,6051,5809,3.46e-122,439.0,1.0
group_11689,SRR11823746.contig00037,246,246,99.593,1,246,1752,1997,3.5100000000000004e-122,440.0,1.0
group_11690,SRR11823746.contig00037,432,432,98.148,1,432,1223,1654,0.0,744.0,1.0
group_1176,NZ_MUXG01000009,465,373,97.051,1,373,64149,64520,3.6299999999999995e-176,620.0,0.8021505376344086
group_1177,VP15198.contig00014,972,972,100.0,1,972,113388,112417,0.0,1754.0,1.0
group_1187,SPVP170162.contig00015,1356,1205,86.722,1,1199,34672,33474,0.0,1436.0,0.8886430678466076
group_1191,SPVP170162.contig00005,1785,1785,99.776,1,1785,129557,131339,0.0,3195.0,1.0
group_1196,SRR18763195.contig00010,684,684,99.123,1,684,118551,119233,0.0,1204.0,1.0
group_12097,VP07269.contig00016,396,396,97.475,1,396,40253,40648,0.0,670.0,1.0
group_12098,SPVP140260.contig00018,954,954,97.275,1,954,81671,80718,0.0,1604.0,1.0
group_12099,VP07269.contig00016,198,198,98.99,1,198,48444,48247,3.81e-95,349.0,1.0
group_12104,SRR17888663.contig00016,426,426,98.357,1,426,35691,35266,0.0,737.0,1.0
group_12105,SPVP140260.contig00018,297,297,100.0,1,297,68545,68249,2.09e-151,536.0,1.0
group_12106,SPVP140260.contig00018,729,729,97.394,1,729,70119,69391,0.0,1230.0,1.0
group_12109,SPVP140260.contig00018,303,303,100.0,1,303,75107,74805,1.18e-154,547.0,1.0
group_12110,VP07269.contig00016,507,507,95.464,1,507,31707,31201,0.0,811.0,1.0
group_12111,VP07269.contig00016,768,726,98.898,1,725,71166,70441,0.0,1270.0,0.9453125
group_12112,SPVP140260.contig00018,333,333,100.0,1,333,93804,93472,6.79e-171,601.0,1.0
group_12118,JACVHI010000015.1,516,516,98.256,1,516,90901,91416,0.0,891.0,1.0
group_12119,VP07269.contig00016,6720,6720,98.943,1,6720,58489,65208,0.0,11799.0,1.0
group_1212,NZ_JAFLNR010000009,1506,1507,91.108,1,1506,100352,101857,0.0,2107.0,1.00066401062417
group_12121,SRR17888663.contig00016,489,489,100.0,1,489,54541,55029,0.0,883.0,1.0
group_12122,SRR17888663.contig00016,327,327,100.0,1,327,71435,71761,1.2000000000000002e-167,590.0,1.0
group_12123,VP07269.contig00016,582,582,96.907,1,582,48158,47577,0.0,969.0,1.0
group_12125,SRR17888663.contig00016,627,627,91.707,1,627,24524,25150,0.0,897.0,1.0
group_12134,JACVHI010000015.1,921,921,99.24,1,921,23756,24676,0.0,1630.0,1.0
group_12135,SPVP140260.contig00018,243,243,100.0,1,243,91519,91761,3.46e-122,439.0,1.0
group_12136,JACVHI010000015.1,408,408,93.137,1,408,80212,79805,1.63e-173,610.0,1.0
group_12138,VP07269.contig00016,1416,1417,99.012,1,1416,49844,48428,0.0,2489.0,1.0007062146892656
group_12139,NZ_MUXG01000014,297,297,98.316,1,297,15200,15496,2.38e-144,514.0,1.0
group_12140,VP07269.contig00016,639,639,99.061,1,639,43413,42775,0.0,1126.0,1.0
group_12141,JACVHI010000015.1,630,630,97.778,1,630,84824,84195,0.0,1074.0,1.0
group_12142,JACVHI010000015.1,297,297,95.96,1,297,94357,94062,4.92e-134,479.0,1.0
group_12143,SRR17888663.contig00016,4794,4794,95.745,1,4794,25147,29940,0.0,7726.0,1.0
group_12146,SRR17888663.contig00016,522,521,94.818,1,521,68500,69020,0.0,819.0,0.9980842911877394
group_12147,SPVP140260.contig00018,207,207,100.0,1,207,59749,59955,1.01e-102,374.0,1.0
group_12148,SPVP140260.contig00018,234,234,96.154,1,234,75653,75886,7.81e-105,382.0,1.0
group_12149,SPVP140260.contig00018,354,354,96.61,1,354,80273,80626,5.58e-166,585.0,1.0
group_12150,SRR17888663.contig00016,1674,1674,98.507,1,1674,42849,44522,0.0,2907.0,1.0
group_12151,SRR17888663.contig00016,414,414,93.72,1,414,24118,24531,1.77e-179,630.0,1.0
group_12152,VP07269.contig00016,123,123,95.122,1,123,70246,70124,3e-49,196.0,1.0
group_12156,JACVHI010000015.1,237,237,95.359,1,237,81093,80860,3.37e-103,377.0,1.0
group_12157,SPVP140260.contig00018,429,429,96.27,1,429,55175,54750,0.0,700.0,1.0
group_12160,SPVP140260.contig00018,300,300,100.0,1,300,74254,73955,4.97e-153,542.0,1.0
group_12161,VP07269.contig00016,1497,1497,99.8,1,1497,38557,37061,0.0,2687.0,1.0
group_12162,SPVP140260.contig00018,699,699,98.283,1,699,69363,68665,0.0,1207.0,1.0
group_12163,NZ_MUXG01000014,519,519,97.11,1,519,12534,13052,0.0,869.0,1.0
group_12167,SRR17888663.contig00016,921,927,91.909,1,921,46476,47393,0.0,1325.0,1.006514657980456
group_12168,VP07269.contig00016,501,501,96.008,1,501,47099,46599,0.0,814.0,1.0
group_12170,SPVP140260.contig00018,258,258,98.45,1,258,57046,56789,7.15e-125,448.0,1.0
group_12173,NZ_MUXG01000014,1446,1446,100.0,1,1446,80781,82226,0.0,2608.0,1.0
group_12175,VP07269.contig00016,888,888,98.986,1,888,36073,36960,0.0,1562.0,1.0
group_12176,VP07269.contig00016,1455,1455,99.107,1,1455,40004,38550,0.0,2566.0,1.0
group_12178,VP07269.contig00016,243,243,95.473,1,243,43633,43391,5.49e-107,389.0,1.0
group_12180,SRR17888663.contig00016,774,774,100.0,1,774,34565,33792,0.0,1397.0,1.0
group_12181,VP07269.contig00016,486,486,98.148,1,486,42760,42275,0.0,837.0,1.0
group_12182,SRR17888663.contig00016,189,189,99.471,1,189,60350,60538,2.28e-91,337.0,1.0
group_12183,JACVHI010000015.1,324,324,94.136,1,324,35834,35511,5.78e-140,499.0,1.0
group_12186,JACVHI010000015.1,486,486,98.971,1,486,7970,7485,0.0,855.0,1.0
group_12187,VP07269.contig00016,234,194,94.33,1,194,33924,33731,2.1e-80,301.0,0.8290598290598291
group_12188,NZ_MUXG01000014,642,641,98.908,2,642,24417,25056,0.0,1122.0,0.9984423676012462
group_12222,SPVP170162.contig00023,939,939,99.894,1,939,10902,11840,0.0,1690.0,1.0
group_12261,VP07269.contig00016,1332,1332,96.246,1,1332,397,1728,0.0,2177.0,1.0
group_12262,SRR17888663.contig00016,1650,1650,100.0,1,1650,92860,94509,0.0,2976.0,1.0
group_12264,SPVP140260.contig00018,810,811,98.274,1,810,35544,34734,0.0,1397.0,1.0012345679012347
group_12265,NZ_MUXG01000014,669,669,99.552,1,669,54694,55362,0.0,1194.0,1.0
group_12266,JACVHI010000015.1,498,498,94.98,1,498,53294,52797,0.0,786.0,1.0
group_12267,VP07269.contig00016,609,609,99.507,1,609,2912,2304,0.0,1086.0,1.0
group_12268,SPVP140260.contig00018,351,351,97.151,1,351,33579,33229,4.54e-167,589.0,1.0
group_12269,VP07269.contig00016,438,438,99.087,1,438,5617,5180,0.0,773.0,1.0
group_1227,SRR19641559.contig00004,480,480,100.0,1,480,476598,476119,0.0,866.0,1.0
group_12270,SPVP140260.contig00018,540,540,96.111,1,540,38885,38346,0.0,880.0,1.0
group_12271,SRR17888663.contig00016,1575,1575,96.889,1,1575,94980,96554,0.0,2620.0,1.0
group_12272,JACVHI010000015.1,375,371,87.601,6,375,60107,59737,5.95e-128,459.0,0.9893333333333333
group_12273,SRR17888663.contig00016,978,978,96.626,1,978,88218,89195,0.0,1616.0,1.0
group_12274,SPVP140260.contig00018,285,285,95.789,1,285,35838,35554,1.2599999999999998e-128,461.0,1.0
group_12276,VP07269.contig00016,771,771,96.109,1,771,10969,10199,0.0,1256.0,1.0
group_12277,JACVHI010000015.1,762,762,95.407,1,762,63692,62931,0.0,1217.0,1.0
group_1230,DADYHI010000003,699,699,100.0,1,699,495512,494814,0.0,1261.0,1.0
group_1236,SPVP140285.contig00001,696,696,95.115,1,696,65581,66276,0.0,1103.0,1.0
group_124,VP11139.contig00008,177,177,98.305,1,177,68132,67956,3.57e-82,306.0,1.0
group_12469,JACVHT010000003.1,864,864,99.306,1,864,148513,147650,0.0,1532.0,1.0
group_1247,VP06050.contig00005,753,753,94.422,1,753,177614,178366,0.0,1169.0,1.0
group_125,SRR13684777.contig00054,468,468,97.436,1,468,15423,15890,0.0,791.0,1.0
group_1251,VP07003.contig00001,2046,1796,92.205,1,1796,254656,256449,0.0,2606.0,0.8778103616813294
group_1261,SRR13684777.contig00003,1191,1191,88.329,1,1191,331,1521,0.0,1522.0,1.0
group_1265,SRR17888663.contig00012,333,333,89.189,1,333,86970,87302,4.900000000000001e-122,439.0,1.0
group_1266,NZ_JABCBN010000001,492,492,100.0,1,492,19300,18809,0.0,888.0,1.0
group_12678,JADQEE010000006.1,1347,1347,87.899,1,1347,201650,200304,0.0,1695.0,1.0
group_12695,JADQEE010000006.1,999,999,100.0,1,999,182825,181827,0.0,1802.0,1.0
group_12719,SPVP150169.contig00001,468,468,87.607,1,468,750915,750454,2.63e-165,584.0,1.0
group_1272,SPVP140285.contig00003,723,723,92.808,1,723,199801,199079,0.0,1070.0,1.0
group_1274,SRR17888663.contig00003,1098,1098,94.627,1,1098,438588,439685,0.0,1715.0,1.0
group_1277,NZ_JAFLNR010000009,1332,1332,99.099,1,1332,150179,151510,0.0,2349.0,1.0
group_12792,SPVP170102.contig00018,543,543,99.816,1,543,136,678,0.0,976.0,1.0
group_128,SRR11350400.contig00019,1083,1083,100.0,1,1083,46848,45766,0.0,1954.0,1.0
group_1284,SRR4016801.contig00011,2382,2391,80.176,1,2382,111174,108805,0.0,2171.0,1.0037783375314862
group_1286,SPVP140285.contig00005,450,450,100.0,1,450,113397,113846,0.0,812.0,1.0
group_1288,SPVP140285.contig00005,237,237,100.0,1,237,113164,113400,6.09e-119,428.0,1.0
group_1302,SPVP140212.contig00001,405,405,92.593,1,405,545524,545121,4.35e-168,592.0,1.0
group_13043,VP15198.contig00005,309,309,97.411,1,309,18841,19149,4.8099999999999995e-147,522.0,1.0
group_13066,JACVHJ010000010.1,717,717,100.0,1,717,182279,181563,0.0,1294.0,1.0
group_1309,SPVP140285.contig00003,381,378,71.693,2,379,211154,211531,9.01e-50,200.0,0.9921259842519685
group_131,VP06050.contig00005,744,744,84.409,1,744,256708,257451,0.0,820.0,1.0
group_13144,NZ_NNEL01000051,306,306,99.673,1,306,1500,1195,1.19e-154,548.0,1.0
group_1316,JACVHI010000023.1,2589,2589,94.477,1,2589,30667,28079,0.0,4025.0,1.0
group_1317,CP078611,1452,1452,99.38,1,1452,3035583,3037034,0.0,2579.0,1.0
group_13218,VP11139.contig00040,231,231,99.134,1,231,3241,3011,5.54e-113,408.0,1.0
group_13219,NZ_JABCCB010000020,468,468,99.786,1,468,5347,4880,0.0,840.0,1.0
group_13224,SPVP140259.contig00042,546,546,100.0,1,546,1955,1410,0.0,985.0,1.0
group_13225,JACVHJ010000059.1,546,546,95.604,2,546,2063,1519,0.0,870.0,1.0
group_13226,SPVP170098.contig00037,501,501,100.0,1,501,270,770,0.0,904.0,1.0
group_13291,NZ_LFYN01000118,453,453,100.0,1,453,815,1267,0.0,818.0,1.0
group_13317,AAXNRW010000034,696,696,100.0,1,696,664,1359,0.0,1256.0,1.0
group_13318,SPVP170098.contig00023,480,480,100.0,1,480,8026,8505,0.0,866.0,1.0
group_13320,JACVHI010000028.1,360,360,98.333,1,360,11165,10806,2.26e-177,623.0,1.0
group_13321,SRR18763195.contig00018,378,378,100.0,1,378,30710,31087,0.0,682.0,1.0
group_1334,VP15198.contig00009,177,177,96.61,1,177,132231,132055,2.25e-78,293.0,1.0
group_13344,VP11139.contig00052,402,401,96.509,1,401,1004,1401,0.0,659.0,0.9975124378109452
group_1336,SPVP140212.contig00008,465,373,80.161,1,372,158376,158006,9.149999999999999e-89,329.0,0.8021505376344086
group_1345,SPVP140285.contig00010,1767,1767,99.83,1,1767,6110,7875,0.0,3170.0,1.0
group_1347,SPVP170098.contig00002,1293,1293,94.896,1,1293,185521,186813,0.0,2035.0,1.0
group_1349,DADYHI010000010,1083,1084,99.446,1,1083,100613,101696,0.0,1925.0,1.0009233610341643
group_1350,NZ_JABCIE010000001,384,384,97.396,1,384,400349,400732,0.0,648.0,1.0
group_13535,VP06050.contig00035,369,365,79.726,1,365,4389,4031,8.690000000000001e-88,326.0,0.989159891598916
group_13576,NZ_JNSU02000085,777,777,99.871,1,777,105,881,0.0,1397.0,1.0
group_13600,JACVHI010000015.1,687,687,100.0,1,687,74914,75600,0.0,1240.0,1.0
group_13602,SPVP140260.contig00018,234,234,97.863,1,234,51332,51565,2.91e-110,400.0,1.0
group_13603,VP07269.contig00016,243,243,97.531,1,243,27452,27694,4.81e-114,412.0,1.0
group_13604,SPVP140260.contig00018,429,429,86.247,1,429,45099,45527,1.5099999999999999e-142,508.0,1.0
group_13609,VP07269.contig00016,360,360,97.778,1,360,27082,27441,1.17e-174,614.0,1.0
group_13612,JACVHI010000015.1,156,155,96.774,1,155,75863,76017,1.3899999999999999e-67,258.0,0.9935897435897436
group_13613,JACVHI010000015.1,747,747,99.465,1,747,74155,74901,0.0,1330.0,1.0
group_13621,SRR17888663.contig00016,672,672,92.411,1,672,82498,83163,0.0,984.0,1.0
group_13622,SPVP140260.contig00018,324,324,90.432,1,324,41921,41598,1.1200000000000002e-123,445.0,1.0
group_13627,JACVHI010000015.1,189,189,100.0,1,189,68081,67893,5.35e-93,342.0,1.0
group_13628,SRR17888663.contig00016,633,633,92.259,1,633,83261,83893,0.0,921.0,1.0
group_13633,NZ_MUXG01000014,423,422,95.498,1,422,30664,30243,0.0,676.0,0.9976359338061466
group_13636,SRR17888663.contig00016,621,612,97.386,1,611,80979,81590,0.0,1029.0,0.9855072463768116
group_13638,NZ_MUXG01000014,636,636,97.642,1,636,44358,44984,0.0,1084.0,1.0
group_13639,VP07269.contig00016,267,262,98.855,1,262,22860,23121,4.11e-128,460.0,0.9812734082397003
group_1364,NZ_CP051100,1035,1042,84.645,1,1035,1948138,1949172,0.0,1131.0,1.0067632850241546
group_13642,JACVHI010000015.1,453,453,96.247,1,453,70204,70656,0.0,741.0,1.0
group_13643,SRR17888663.contig00016,534,534,91.386,1,534,81632,82165,0.0,756.0,1.0
group_13644,JACVHI010000015.1,504,517,83.752,1,504,73365,73875,5.87e-155,549.0,1.0257936507936507
group_13645,NZ_MUXG01000014,1152,1152,95.052,1,1152,43210,44361,0.0,1821.0,1.0
group_1366,NZ_MUXG01000015,243,243,100.0,1,243,65472,65230,3.46e-122,439.0,1.0
group_137,SRR18762455.contig00010,1269,1269,95.193,1,1269,108771,107503,0.0,2014.0,1.0
group_138,SRR17888663.contig00001,1308,1308,98.165,1,1308,146802,148109,0.0,2251.0,1.0
group_1382,SRR11823751.contig00023,357,357,98.599,1,357,40411,40055,7.82e-177,622.0,1.0
group_1387,NZ_JABCBN010000001,1629,1626,75.892,1,1625,704575,702950,0.0,1162.0,0.998158379373849
group_1389,NZ_JABCBN010000001,495,459,94.553,1,459,702345,701887,0.0,716.0,0.9272727272727272
group_1400,SPVP140285.contig00010,696,695,92.374,1,695,103217,102523,0.0,1015.0,0.9985632183908046
group_1402,NZ_MUXG01000007,5154,5129,96.413,1,5129,80798,75670,0.0,8421.0,0.9951493985254172
group_1413,JACVHJ010000002.1,978,796,72.613,188,978,215505,216293,2.7600000000000003e-118,428.0,0.8139059304703476
group_142,SPVP110054.contig00015,255,255,99.216,1,255,62659,62405,5.7899999999999996e-126,452.0,1.0
group_1422,JADQEE010000028.1,363,363,100.0,1,363,18275,18637,0.0,655.0,1.0
group_1424,NZ_MUXG01000015,1224,1224,99.918,1,1224,31864,30641,0.0,2204.0,1.0
group_1427,SRR18609788.contig00018,528,528,92.614,1,528,42772,43299,0.0,777.0,1.0
group_1437,SPVP110054.contig00015,363,363,98.623,1,363,36898,36536,4.399999999999999e-180,633.0,1.0
group_1439,AAXOXW010000036,1137,1137,95.339,1,1136,8622,7486,0.0,1809.0,1.0
group_144,AAXOXW010000029,540,541,94.824,1,540,3444,2904,0.0,847.0,1.0018518518518518
group_1445,VP07269.contig00014,534,534,99.813,1,534,104044,103511,0.0,959.0,1.0
group_14459,SPVP170011.contig00021,417,417,100.0,1,417,1742,2158,0.0,753.0,1.0
group_145,NZ_BAVK01000017,543,543,99.448,1,543,44427,44967,0.0,959.0,1.0
group_1450,NZ_KK020592,250,250,100.0,1,250,2027,1778,5.6699999999999994e-126,452.0,1.0
group_1451,DADYHI010000032,411,402,88.806,1,393,8216,7815,5.39e-148,526.0,0.9781021897810219
group_1452,SPVP140090.contig00005,210,210,95.238,1,210,9049,8841,1.0899999999999998e-89,331.0,1.0
group_1455,SRR18034811.contig00004,1167,1167,100.0,1,1167,6898,5732,0.0,2105.0,1.0
group_1466,NZ_NNEL01000006,174,174,98.851,1,174,457696,457523,3.5e-82,306.0,1.0
group_147,NZ_CP051100,567,567,99.824,1,567,12029,12595,0.0,1019.0,1.0
group_1475,VP11139.contig00011,279,279,98.925,1,279,47428,47706,2.54e-137,490.0,1.0
group_1484,SRR16324073.contig00006,2223,2223,95.547,1,2223,11355,9133,0.0,3563.0,1.0
group_1499,JACVHI010000018.1,3033,3033,99.571,1,3033,49613,52645,0.0,5412.0,1.0
group_1507,NZ_NNHO01000019,312,312,85.577,1,312,130273,129962,3.51e-98,361.0,1.0
group_1508,VP06050.contig00002,636,636,97.956,1,636,292199,292822,0.0,1095.0,1.0
group_1511,NZ_MUXG01000002,1002,1002,99.401,1,1002,364665,365660,0.0,1782.0,1.0
group_15124,SRR11823751.contig00034,666,666,100.0,1,666,10426,9761,0.0,1202.0,1.0
group_15128,SRR11823751.contig00034,321,321,100.0,1,321,9777,9457,2.13e-164,580.0,1.0
group_15162,JACVHJ010000026.1,225,225,100.0,1,225,35911,36135,1.88e-112,407.0,1.0
group_15164,SRR18609788.contig00018,207,190,95.789,1,190,666,477,1.23e-82,307.0,0.9178743961352657
group_15165,JACVHJ010000026.1,1059,1049,77.216,16,1059,31950,32993,0.0,801.0,0.9905571293673276
group_15166,ABDZFE010000020,186,181,90.608,1,181,2015,1835,2.55e-65,251.0,0.9731182795698925
group_15169,SRR11823751.contig00023,225,225,92.0,1,225,1566,1790,5.04e-88,325.0,1.0
group_15170,SRR11823751.contig00023,330,331,99.698,1,330,2417,2087,4.2400000000000006e-167,590.0,1.003030303030303
group_1519,SRR4016801.contig00011,432,432,99.769,1,432,108799,108369,0.0,772.0,1.0
group_1522,SRR13684777.contig00029,594,594,99.832,1,594,59192,59785,0.0,1067.0,1.0
group_1528,JACVHI010000018.1,477,477,99.581,1,477,18545,19021,0.0,852.0,1.0
group_153,VP15198.contig00001,2802,2567,99.221,1,2567,655988,658554,0.0,4540.0,0.916131334760885
group_1536,NZ_JABCBN010000003,1059,1059,100.0,1,1059,218042,219100,0.0,1911.0,1.0
group_1545,NZ_JABCFE010000004,1017,1017,100.0,1,1017,324409,323393,0.0,1835.0,1.0
group_1550,NZ_JABCIE010000001,210,210,100.0,1,210,400747,400956,2.4099999999999997e-104,379.0,1.0
group_15522,JACVHJ010000036.1,1677,1677,92.546,1,1677,11118,12794,0.0,2461.0,1.0
group_15527,VP06050.contig00003,639,639,94.366,1,639,240931,240293,0.0,991.0,1.0
group_1553,SPVP170146.contig00004,432,432,96.528,1,432,2754,2323,0.0,712.0,1.0
group_15533,JACVHJ010000036.1,561,561,94.831,1,561,10394,10954,0.0,882.0,1.0
group_15556,VP10022.contig00004,426,426,98.826,1,426,350591,351016,0.0,746.0,1.0
group_156,NZ_KK020655,576,576,98.785,1,576,158189,157614,0.0,1008.0,1.0
group_1560,SPVP110054.contig00022,336,336,100.0,1,336,6375,6710,1.61e-172,607.0,1.0
group_15603,JACVHJ010000036.1,228,206,87.864,1,206,2068,2273,6.2299999999999995e-68,260.0,0.9035087719298246
group_15609,VP10022.contig00004,924,917,86.15,8,924,327082,327998,0.0,1082.0,0.9924242424242424
group_15622,VP10022.contig00004,1065,1070,95.794,1,1065,331808,332872,0.0,1714.0,1.0046948356807512
group_15629,JACVHJ010000054.1,2085,1944,98.251,142,2085,5537,3594,0.0,3353.0,0.9323741007194245
group_1563,NZ_LFYN01000047,300,282,91.135,1,282,44449,44730,4.66e-109,397.0,0.94
group_15632,JACVHJ010000054.1,207,207,91.304,1,207,1964,1758,2.7e-78,293.0,1.0
group_15633,JACVHJ010000054.1,246,228,92.544,1,228,2237,2010,1.08e-90,335.0,0.926829268292683
group_1568,SPVP140285.contig00010,1425,1425,100.0,1,1425,165279,163855,0.0,2571.0,1.0
group_1571,SPVP150169.contig00019,1377,1361,80.602,23,1374,5401,6758,0.0,1262.0,0.9883805374001452
group_1577,NZ_JABCBN010000001,915,909,75.138,1,909,705494,704586,2.11e-176,621.0,0.9934426229508196
group_15787,SRR18609788.contig00013,1656,1656,96.135,1,1656,129931,131586,0.0,2699.0,1.0
group_15788,SPVP150139.contig00009,498,498,97.992,1,498,2993,2496,0.0,854.0,1.0
group_15789,SRR4016801.contig00002,1074,1074,100.0,1,1074,268604,269677,0.0,1938.0,1.0
group_15790,SRR11823746.contig00001,342,342,97.953,1,342,190180,190521,5.37e-166,586.0,1.0
group_15791,SRR11823746.contig00001,960,960,98.021,1,960,184598,185557,0.0,1646.0,1.0
group_15792,SPVP150139.contig00009,144,144,97.222,1,144,9513,9370,2.78e-63,242.0,1.0
group_15793,SRR18609788.contig00013,603,603,100.0,1,603,123041,122439,0.0,1088.0,1.0
group_15794,SRR11823746.contig00001,438,439,99.772,1,438,181768,182206,0.0,784.0,1.0022831050228311
group_15795,SPVP150139.contig00009,735,662,95.015,1,662,910,249,0.0,1046.0,0.9006802721088435
group_15796,SPVP150139.contig00009,1017,1017,97.837,1,1017,9308,8292,0.0,1736.0,1.0
group_15797,SRR11823746.contig00001,768,768,100.0,1,768,185557,186324,0.0,1386.0,1.0
group_15798,NZ_JAFLNR010000007,819,818,89.976,1,818,223873,223056,0.0,1106.0,0.9987789987789988
group_15799,ABDZFE010000011,441,441,97.279,1,441,6811,6371,0.0,742.0,1.0
group_158,SPVP150085.contig00032,1008,989,83.418,2,990,2618,3606,0.0,1045.0,0.9811507936507936
group_15800,SRR11823746.contig00001,960,960,97.083,1,960,186423,187376,0.0,1607.0,1.0
group_15801,SRR18609788.contig00013,327,327,100.0,1,327,123409,123735,1.2000000000000002e-167,590.0,1.0
group_1587,SPVP170102.contig00002,402,402,98.756,1,402,187217,186816,0.0,703.0,1.0
group_1591,SPVP150139.contig00005,282,240,85.833,43,282,198293,198532,2.41e-74,280.0,0.851063829787234
group_1596,NZ_CP051100,1914,1894,91.341,1,1894,781362,779469,0.0,2677.0,0.9895506792058516
group_1597,NZ_JNSU02000041,1818,1818,96.975,1,1818,2801,985,0.0,3028.0,1.0
group_1599,JADQEE010000007.1,762,762,100.0,1,762,210973,211734,0.0,1375.0,1.0
group_1600,VP15198.contig00003,810,810,99.259,1,810,190406,189598,0.0,1431.0,1.0
group_1606,SRR17888663.contig00020,2316,2316,91.537,1,2316,16057,18369,0.0,3292.0,1.0
group_16098,SPVP140212.contig00001,3366,3366,96.999,1,3366,511978,508613,0.0,5616.0,1.0
group_1610,VP11139.contig00039,567,567,99.647,1,567,1661,1095,0.0,1014.0,1.0
group_16100,SPVP140212.contig00001,6207,6207,96.504,1,6207,508598,502398,0.0,10217.0,1.0
group_1611,NZ_LFYN01000075,1365,1365,99.194,1,1365,96601,95243,0.0,2414.0,1.0
group_1613,VP10022.contig00011,777,777,99.743,1,777,54319,53543,0.0,1393.0,1.0
group_1617,SPVP140259.contig00002,771,761,92.378,1,761,642485,641731,0.0,1108.0,0.9870298313878081
group_1618,SPVP140285.contig00005,603,603,87.065,1,603,117272,117874,0.0,737.0,1.0
group_1622,NZ_NNHO01000001,1191,1188,84.259,1,1187,79009,80187,0.0,1300.0,0.9974811083123426
group_1623,AAXOXW010000036,690,690,96.667,1,690,7398,6709,0.0,1141.0,1.0
group_1624,SRR11823746.contig00001,627,627,97.767,1,627,159524,160150,0.0,1068.0,1.0
group_1629,NZ_JAFLNR010000009,795,795,97.61,1,795,149096,149890,0.0,1349.0,1.0
group_1634,SPVP150045.contig00004,2136,2136,99.86,1,2136,306769,304634,0.0,3839.0,1.0
group_1644,SRR16324073.contig00020,507,508,99.606,1,507,986,479,0.0,904.0,1.0019723865877712
group_165,NZ_KK020603,645,645,92.868,1,645,82441,83085,0.0,957.0,1.0
group_1660,NZ_JAFLNR010000006,1653,1653,90.986,1,1653,7548,5896,0.0,2310.0,1.0
group_1668,NZ_BAVK01000001,1416,1416,99.859,1,1416,321798,323211,0.0,2538.0,1.0
group_167,VP11139.contig00016,1140,1140,100.0,1,1140,82368,81229,0.0,2057.0,1.0
group_1670,VP07269.contig00001,348,348,100.0,1,348,53900,54247,5.12e-179,628.0,1.0
group_168,SPVP140212.contig00006,1251,1251,90.568,1,1251,2347,3597,0.0,1725.0,1.0
group_1681,SRR18763195.contig00002,495,461,74.403,35,495,738929,738472,7.04e-78,294.0,0.9313131313131313
group_1684,JACVHT010000002.1,426,426,100.0,1,426,569227,569652,0.0,769.0,1.0
group_1685,DADYHI010000018,561,561,94.296,1,561,14609,15169,0.0,868.0,1.0
group_1690,SRR18762455.contig00003,537,538,99.628,1,537,234893,235430,0.0,958.0,1.0018621973929236
group_1699,SRR18762455.contig00002,594,594,89.731,1,594,113005,113598,0.0,797.0,1.0
group_1701,NZ_JABCBN010000001,1407,1415,83.746,1,1407,706893,705487,0.0,1508.0,1.0056858564321252
group_17014,SPVP140259.contig00030,318,318,100.0,1,318,1428,1111,8.970000000000001e-163,574.0,1.0
group_17015,SPVP170098.contig00031,306,306,99.346,1,306,1068,763,1.46e-153,544.0,1.0
group_17017,SPVP170011.contig00022,115,115,98.261,1,115,1844,1957,2.75e-49,196.0,1.0
group_1708,SRR18762455.contig00008,792,792,99.874,1,792,6315,7106,0.0,1425.0,1.0
group_171,NZ_JABCBN010000010,1068,1069,99.906,1,1068,63155,62087,0.0,1920.0,1.000936329588015
group_1723,JAJGNV010000014.1,243,227,98.238,17,243,30316,30542,4.51e-108,392.0,0.934156378600823
group_1724,SPVP170162.contig00001,1923,1924,91.996,1,1923,289717,291640,0.0,2773.0,1.000520020800832
group_1725,NZ_JAFLNR010000001,201,199,92.462,1,199,441100,440902,9.12e-78,292.0,0.9900497512437811
group_1730,SPVP150139.contig00008,444,444,84.009,1,444,79692,80135,2.1799999999999999e-134,481.0,1.0
group_1733,SPVP170146.contig00001,813,813,99.262,1,813,500628,501437,0.0,1438.0,1.0
group_1737,SPVP170102.contig00001,222,222,90.09,1,222,418028,418249,5.6599999999999995e-81,302.0,1.0
group_1746,NZ_CP046785,504,446,83.857,1,446,1980499,1980054,2.4999999999999997e-134,480.0,0.8849206349206349
group_1747,JACVHI010000006.1,792,718,90.251,1,717,322757,322040,0.0,976.0,0.9065656565656566
group_1755,VP07269.contig00001,1188,1188,93.35,1,1188,54240,55426,0.0,1783.0,1.0
group_1758,SRR13684777.contig00009,885,805,69.441,83,884,30679,31480,4.22e-90,335.0,0.9096045197740112
group_1760,SPVP140090.contig00001,255,255,91.765,1,255,106816,107070,6.62e-100,366.0,1.0
group_1761,SPVP140107.contig00005,1317,1320,76.591,1,1317,234756,236072,0.0,980.0,1.0022779043280183
group_1763,SRR11823751.contig00001,858,858,100.0,1,858,177967,177110,0.0,1548.0,1.0
group_1764,JACVHT010000002.1,477,477,100.0,1,477,568754,569230,0.0,861.0,1.0
group_1765,DADYHI010000018,540,518,93.05,1,518,15271,15788,0.0,773.0,0.9592592592592593
group_177,VP06050.contig00001,1404,1404,97.578,1,1404,452206,453609,0.0,2379.0,1.0
group_1770,VP11139.contig00007,495,403,74.938,95,495,238256,237856,9.79e-70,267.0,0.8141414141414142
group_1785,DADYHI010000008,387,387,86.305,1,387,51115,51501,6.16e-128,460.0,1.0
group_1788,JADQEE010000018.1,723,723,89.488,1,723,1862,2584,0.0,962.0,1.0
group_1794,SRR13684777.contig00003,264,239,70.711,1,239,108399,108634,1.98e-24,114.0,0.9053030303030303
group_17962,VP07003.contig00008,237,221,83.71,2,222,50973,50753,2.13e-61,237.0,0.9324894514767933
group_180,NZ_JABCFE010000001,255,255,87.059,1,255,349342,349088,1.28e-83,312.0,1.0
group_1803,VP06050.contig00001,219,219,99.087,1,219,303739,303957,1.7e-106,387.0,1.0
group_1809,NZ_JABCFE010000003,759,762,78.74,1,759,102600,103355,0.0,639.0,1.0039525691699605
group_1822,JADQEE010000018.1,372,372,91.935,1,372,1494,1865,2.68e-151,536.0,1.0
group_1827,SPVP170102.contig00001,240,240,96.25,1,240,418454,418693,4.4399999999999996e-108,393.0,1.0
group_1830,SRR16324073.contig00006,213,213,94.836,1,213,15804,15592,9.13e-91,335.0,1.0
group_18325,SPVP170162.contig00001,1158,1158,100.0,1,1158,287580,286423,0.0,2089.0,1.0
group_1841,SRR18762455.contig00002,1971,1977,85.483,1,1971,109994,111966,0.0,2254.0,1.0030441400304415
group_1846,SPVP140090.contig00003,906,906,98.455,1,906,331627,330722,0.0,1572.0,1.0
group_1848,SPVP170049.contig00006,474,474,100.0,1,474,290677,291150,0.0,856.0,1.0
group_18483,NZ_CP051100,450,450,100.0,1,450,3270676,3271125,0.0,812.0,1.0
group_1852,JADQEE010000018.1,1038,1038,84.297,1,1038,1383,346,0.0,1138.0,1.0
group_1855,SPVP140090.contig00007,2145,2077,85.556,69,2145,34950,32874,0.0,2394.0,0.9682983682983684
group_1859,VP06050.contig00009,1116,1119,87.578,1,1116,3067,4173,0.0,1392.0,1.0026881720430108
group_1866,VP11139.contig00007,225,225,83.111,1,225,239842,239618,7.01e-61,235.0,1.0
group_187,NZ_NNEL01000032,384,384,94.271,1,384,110849,110466,1.18e-168,594.0,1.0
group_1877,DADYHI010000003,2154,2154,100.0,1,2154,485244,487397,0.0,3885.0,1.0
group_1879,VP07269.contig00025,393,393,98.219,1,393,5403,5795,0.0,678.0,1.0
group_1889,DADYHI010000003,969,888,89.077,1,888,483598,484485,0.0,1165.0,0.9164086687306502
group_1891,NZ_JAFLNR010000006,1170,1170,87.778,1,1170,15318,16487,0.0,1466.0,1.0
group_1894,JADQEE010000037.1,186,186,87.634,1,186,2845,2660,6.849999999999999e-60,233.0,1.0
group_1898,SRR16324073.contig00006,429,429,89.044,1,429,22008,22436,7.83e-159,563.0,1.0
group_19,JAJGNV010000002.1,465,372,97.849,1,372,156800,156430,5.75e-180,632.0,0.8
group_1900,SRR19641559.contig00017,393,393,98.219,1,393,37893,37501,0.0,678.0,1.0
group_1902,SRR16324073.contig00006,912,908,84.802,1,908,22572,23479,0.0,1016.0,0.9956140350877193
group_1903,NZ_NNHO01000001,765,765,97.516,1,765,90517,91281,0.0,1295.0,1.0
group_1905,NZ_LFYN01000147,1167,1167,84.919,1,1167,18545,19711,0.0,1312.0,1.0
group_1906,DADYHI010000003,408,408,94.853,1,408,481316,480909,0.0,642.0,1.0
group_1924,SRR16324073.contig00005,393,393,97.71,1,393,153804,154196,0.0,669.0,1.0
group_1928,VP07269.contig00014,357,357,100.0,1,357,103514,103158,0.0,645.0,1.0
group_193,SPVP170102.contig00001,624,626,95.048,1,624,747549,746926,0.0,985.0,1.0032051282051282
group_1935,SPVP110054.contig00001,156,156,98.077,1,156,290789,290944,2.21e-71,270.0,1.0
group_1936,AAXOXW010000037,279,279,98.925,1,279,5697,5975,2.54e-137,490.0,1.0
group_1944,SPVP140090.contig00027,306,306,99.673,1,306,4392,4697,1.19e-154,548.0,1.0
group_1949,NZ_NNEL01000036,600,601,99.501,1,600,32429,31830,0.0,1064.0,1.0016666666666667
group_195,SRR18609788.contig00018,420,420,89.048,1,420,44271,44687,4.83e-155,549.0,1.0
group_1951,SPVP140260.contig00001,1134,1110,91.892,27,1134,61368,60261,0.0,1591.0,0.9788359788359788
group_1970,SRR18763195.contig00004,315,315,98.73,1,315,386759,387073,1.01e-155,551.0,1.0
group_1971,DADYHI010000023,354,352,96.875,3,354,11829,11478,5.58e-166,586.0,0.9943502824858758
group_1973,SPVP150045.contig00002,618,618,99.838,1,618,477249,477866,0.0,1111.0,1.0
group_1987,NZ_JABCCB010000002,1083,1083,99.077,1,1083,333010,331928,0.0,1909.0,1.0
group_1992,VP11139.contig00059,474,474,87.131,1,474,1720,1247,3.25e-164,581.0,1.0
group_1996,NZ_LFYN01000133,351,351,99.715,1,351,10551,10202,6.3e-178,626.0,1.0
group_2009,NZ_JABCCB010000008,858,860,98.256,1,858,58193,59052,0.0,1481.0,1.0023310023310024
group_2019,DADYHI010000030,310,305,98.689,6,310,10284,10588,2.67e-150,533.0,0.9838709677419355
group_202,JADQEE010000011.1,803,803,100.0,1,803,77670,76868,0.0,1449.0,1.0
group_2023,SPVP110054.contig00015,1197,1197,99.499,1,1197,4006,2810,0.0,2132.0,1.0
group_2033,NZ_MUXG01000003,297,297,100.0,1,297,15512,15216,2.09e-151,536.0,1.0
group_2035,VP07269.contig00025,234,234,100.0,1,234,18728,18961,2.55e-117,423.0,1.0
group_2037,SRR18763195.contig00013,234,234,99.145,1,234,71687,71454,1.32e-114,414.0,1.0
group_2038,AAXOXW010000034,234,234,100.0,1,234,12552,12319,2.55e-117,423.0,1.0
group_2041,SPVP170146.contig00004,1263,1263,98.1,1,1263,60308,61570,0.0,2170.0,1.0
group_205,SPVP150139.contig00009,513,513,96.101,1,513,31017,30505,0.0,836.0,1.0
group_2051,NZ_KK020625,396,396,99.242,1,396,222472,222077,0.0,701.0,1.0
group_2054,SRR11823751.contig00049,393,393,98.982,1,393,2355,1964,0.0,688.0,1.0
group_20594,SPVP170098.contig00028,222,221,97.738,1,221,3663,3883,3.13e-103,377.0,0.9954954954954955
group_206,ABDZFE010000011,3696,3689,96.666,1,3689,20082,16394,0.0,6099.0,0.9981060606060606
group_2065,SPVP110054.contig00015,618,618,100.0,1,618,36108,35491,0.0,1115.0,1.0
group_2077,NZ_JNSU02000011,423,423,99.527,1,423,83877,83455,0.0,755.0,1.0
group_2081,NZ_LFYN01000106,762,762,100.0,1,762,23025,23786,0.0,1375.0,1.0
group_2082,VP11139.contig00048,354,354,97.458,1,354,1843,1490,8.84e-170,599.0,1.0
group_209,SRR18762455.contig00007,3372,3372,96.797,1,3372,107195,103824,0.0,5595.0,1.0
group_2098,SPVP150045.contig00002,534,535,99.813,1,534,460429,460963,0.0,957.0,1.0018726591760299
group_21,NZ_LFYN01000147,1287,1287,99.922,1,1287,22870,21584,0.0,2317.0,1.0
group_2101,SPVP170102.contig00002,271,271,99.631,1,271,216888,216619,1.28e-134,481.0,1.0
group_2105,NZ_JABCBN010000025,282,282,98.227,1,282,8116,7835,3.13e-136,487.0,1.0
group_2108,SPVP150045.contig00002,219,219,98.174,1,219,483547,483329,8.819999999999999e-104,378.0,1.0
group_2127,VP11139.contig00015,138,138,98.551,1,138,4337,4474,9.28e-63,241.0,1.0
group_2129,NZ_MUXG01000025,930,930,87.957,1,930,1230,2159,0.0,1173.0,1.0
group_2146,ABDZFE010000001,846,846,99.882,1,846,166798,167643,0.0,1522.0,1.0
group_21745,NZ_JABCBH010000006,885,885,100.0,1,885,70050,70934,0.0,1597.0,1.0
group_21746,NZ_JABCBH010000006,213,213,100.0,1,213,69723,69935,5.76e-106,385.0,1.0
group_2178,SPVP170098.contig00011,468,468,97.65,1,468,74790,74323,0.0,795.0,1.0
group_2182,SPVP110054.contig00022,453,453,100.0,1,453,32122,32574,0.0,818.0,1.0
group_2195,AAXOXW010000033,843,843,99.881,1,843,6688,5846,0.0,1517.0,1.0
group_220,NZ_CP051100,771,771,96.757,1,771,794144,793374,0.0,1278.0,1.0
group_2206,VP11139.contig00048,351,351,100.0,1,351,1488,1138,1.22e-180,634.0,1.0
group_2207,VP11139.contig00001,540,540,100.0,1,540,88993,89532,0.0,975.0,1.0
group_2211,SRR18609788.contig00024,480,480,97.917,1,480,27847,27368,0.0,821.0,1.0
group_2213,NZ_JABCBH010000007,233,233,98.712,1,233,59383,59153,6.81e-112,405.0,1.0
group_2216,ABDZFE010000001,570,570,98.596,1,570,169637,170206,0.0,993.0,1.0
group_2217,DADYHI010000001,252,252,100.0,1,252,107626,107375,4.69e-127,455.0,1.0
group_222,NZ_LFYN01000047,282,282,96.099,1,281,57277,56996,5.3e-127,456.0,1.0
group_2228,SPVP140107.contig00002,462,462,95.238,1,462,481079,480640,0.0,750.0,1.0
group_2252,SPVP140285.contig00023,552,552,96.377,1,552,21718,22269,0.0,906.0,1.0
group_2254,VP07269.contig00007,744,744,99.866,1,744,101860,102603,0.0,1338.0,1.0
group_2261,NZ_JACBSZ010000006,723,723,100.0,1,723,177627,176905,0.0,1305.0,1.0
group_2262,VP07269.contig00003,849,849,99.647,1,849,175154,176002,0.0,1518.0,1.0
group_2268,SPVP150085.contig00003,1008,1008,99.802,1,1008,138695,139702,0.0,1810.0,1.0
group_2295,SPVP110054.contig00001,144,144,97.222,1,144,294346,294489,2.78e-63,242.0,1.0
group_23,CP078611,933,933,100.0,1,933,2758143,2757211,0.0,1683.0,1.0
group_2300,NZ_BAVK01000026,786,786,100.0,1,786,8729,9514,0.0,1418.0,1.0
group_23017,SRR16324073.contig00002,345,345,96.812,1,345,64477,64821,3.42e-162,573.0,1.0
group_2305,SRR11823751.contig00003,219,216,99.537,4,219,27215,27000,5.94e-106,386.0,0.9863013698630136
group_2315,SPVP140285.contig00027,882,882,94.785,1,882,1072,233,0.0,1417.0,1.0
group_2316,NZ_JABCBN010000004,684,641,99.844,44,684,254621,253981,0.0,1152.0,0.9371345029239766
group_2318,VP07269.contig00005,465,465,100.0,1,465,57383,56919,0.0,839.0,1.0
group_2324,VP07003.contig00001,1458,1458,99.314,1,1458,753028,751577,0.0,2586.0,1.0
group_2331,NZ_KK020625,618,618,100.0,1,618,174146,174763,0.0,1115.0,1.0
group_2334,SRR11823751.contig00004,588,588,100.0,1,588,202256,202843,0.0,1061.0,1.0
group_2336,NZ_JAFLNR010000004,699,699,100.0,1,699,129649,128951,0.0,1261.0,1.0
group_234,NZ_CP046786,2790,2790,96.774,1,2790,1169066,1171854,0.0,4623.0,1.0
group_235,JACVHJ010000011.1,2982,2460,97.154,523,2982,12743,15202,0.0,4121.0,0.8249496981891348
group_2353,NZ_JNSU02000015,177,177,99.435,1,177,92972,93148,6.89e-85,315.0,1.0
group_23611,JACVHJ010000045.1,549,549,100.0,1,549,15810,16358,0.0,991.0,1.0
group_2362,NZ_CP046785,666,663,95.324,5,666,2490053,2490715,0.0,1053.0,0.9954954954954955
group_2363,SPVP150085.contig00008,157,157,100.0,1,157,112631,112787,1.01e-75,284.0,1.0
group_2369,NZ_JABCCB010000005,795,795,100.0,1,795,141709,140915,0.0,1434.0,1.0
group_2375,SRR11823746.contig00009,519,519,99.037,1,519,64173,63655,0.0,914.0,1.0
group_2379,VP11139.contig00032,351,351,99.715,1,351,5512,5163,6.3e-178,626.0,1.0
group_238,VP11139.contig00007,213,214,95.794,1,213,324012,323799,6.15e-93,343.0,1.0046948356807512
group_23819,NZ_MUXG01000029,402,360,76.111,1,357,776,1132,1.1599999999999999e-67,259.0,0.8955223880597015
group_2391,SPVP170098.contig00020,471,471,100.0,1,471,14070,14540,0.0,850.0,1.0
group_2394,JACVHT010000001.1,2850,2850,97.719,1,2850,171896,169065,0.0,4859.0,1.0
group_24,SRR4016801.contig00011,933,932,98.498,2,933,11863,12794,0.0,1618.0,0.9989281886387996
group_2411,NZ_JABCBN010000033,615,615,100.0,1,615,5555,6169,0.0,1110.0,1.0
group_2434,VP11139.contig00064,948,948,100.0,1,948,1218,2165,0.0,1710.0,1.0
group_2435,NZ_MUXG01000013,285,285,98.947,1,285,62167,62451,1.4399999999999998e-140,501.0,1.0
group_245,SRR11823751.contig00003,957,956,86.611,1,956,21727,20772,0.0,1148.0,0.9989550679205852
group_2466,SPVP110054.contig00015,1167,1167,99.572,1,1167,76873,78039,0.0,2083.0,1.0
group_2467,SPVP140285.contig00001,711,711,99.859,1,711,34924,35634,0.0,1278.0,1.0
group_2479,SRR18609788.contig00048,546,546,72.894,1,546,1360,1905,1.9600000000000002e-85,318.0,1.0
group_2487,SPVP170049.contig00014,831,831,100.0,1,831,92802,93632,0.0,1499.0,1.0
group_249,SPVP170011.contig00003,1848,1848,99.242,1,1848,216080,217927,0.0,3270.0,1.0
group_2491,SPVP110054.contig00015,831,831,99.639,1,831,35400,34570,0.0,1486.0,1.0
group_2492,NZ_JAFLNR010000004,306,306,99.673,1,306,118995,118690,1.19e-154,548.0,1.0
group_2494,SPVP110054.contig00015,282,282,99.291,1,282,55131,55412,1.42e-140,500.0,1.0
group_2499,NZ_NNEL01000026,687,687,97.089,1,687,169941,169255,0.0,1150.0,1.0
group_25,AAXOXW010000014,642,642,99.377,1,642,95745,96386,0.0,1141.0,1.0
group_2500,SPVP170098.contig00030,402,390,74.872,1,390,3156,3545,9.54e-69,262.0,0.9701492537313433
group_2533,SRR18762455.contig00013,408,408,96.324,1,408,22939,23331,0.0,673.0,1.0
group_2545,SRR16324073.contig00011,384,384,99.479,1,384,79198,78815,0.0,684.0,1.0
group_255,SPVP140285.contig00003,1764,1770,70.452,3,1764,52268,50504,0.0,806.0,1.0034013605442176
group_25981,NZ_JACBSZ010000034,561,560,93.75,1,560,3533,2974,0.0,853.0,0.9982174688057041
group_2600,NZ_JABCIE010000006,528,528,97.348,1,528,234758,234231,0.0,890.0,1.0
group_2616,AAXNRW010000004,825,825,99.394,1,825,78038,78862,0.0,1466.0,1.0
group_2617,AAXNRW010000004,261,261,100.0,1,261,67885,67625,6.35e-132,471.0,1.0
group_2618,SRR4016801.contig00008,825,825,99.515,1,825,210226,209402,0.0,1471.0,1.0
group_2628,SRR4016801.contig00002,276,276,100.0,1,276,275876,276151,4.859999999999999e-140,499.0,1.0
group_26444,SPVP150085.contig00034,504,504,91.468,1,504,6899,7399,0.0,714.0,1.0
group_2648,SPVP170011.contig00001,828,828,88.647,1,828,533951,534778,0.0,1152.0,1.0
group_2660,JAJGNV010000008.1,399,399,99.749,1,399,8669,9067,0.0,716.0,1.0
group_268,SRR11823746.contig00001,1821,1821,96.54,1,1821,155331,157151,0.0,3001.0,1.0
group_2690,SPVP170049.contig00003,942,942,99.575,1,942,34836,35776,0.0,1678.0,1.0
group_2694,NZ_JABCFE010000004,969,969,99.897,1,969,349947,350915,0.0,1744.0,1.0
group_27,NZ_LFYN01000106,1308,1309,95.111,1,1308,18892,20199,0.0,2066.0,1.0007645259938838
group_270,NZ_MUXG01000009,906,901,97.447,1,897,91312,90412,0.0,1521.0,0.9944812362030905
group_271,NZ_JAFLNR010000007,864,864,100.0,1,864,171273,172136,0.0,1559.0,1.0
group_27302,NZ_NNEL01000026,951,937,80.043,15,951,162748,161812,0.0,847.0,0.9852786540483701
group_2734,VP15198.contig00001,1242,1242,97.585,1,1242,682702,683943,0.0,2105.0,1.0
group_274,SPVP140090.contig00003,366,366,97.268,1,366,186489,186854,3.42e-175,616.0,1.0
group_2743,DADYHI010000030,223,215,100.0,9,223,6294,6080,4.98e-107,389.0,0.9641255605381166
group_2747,NZ_JNSU02000015,801,801,98.876,1,801,93375,94175,0.0,1405.0,1.0
group_2762,DADYHI010000031,588,558,93.548,31,588,4095,3543,0.0,840.0,0.9489795918367347
group_278,SPVP140285.contig00009,294,294,92.857,1,294,52346,52637,1.81e-120,434.0,1.0
group_2783,VP07269.contig00025,597,597,99.832,1,597,1080,1676,0.0,1073.0,1.0
group_279,NZ_JAFLNR010000018,858,858,97.786,1,858,4574,3717,0.0,1462.0,1.0
group_2799,SPVP170102.contig00001,525,525,97.714,1,525,430787,431311,0.0,893.0,1.0
group_2806,SPVP140260.contig00025,240,240,99.583,1,240,23216,23455,6.17e-119,429.0,1.0
group_2807,NZ_MUXG01000015,1146,1146,99.825,1,1146,85133,86278,0.0,2058.0,1.0
group_2823,NZ_JACBSZ010000015,456,456,99.781,1,456,28506,28961,0.0,819.0,1.0
group_2824,SPVP110054.contig00015,456,456,100.0,1,456,2704,2249,0.0,823.0,1.0
group_2825,SPVP170146.contig00004,456,456,99.781,1,456,74541,74996,0.0,819.0,1.0
group_2840,SRR19641559.contig00008,765,765,99.216,1,765,47641,48405,0.0,1353.0,1.0
group_2856,VP10022.contig00001,219,219,100.0,1,219,41587,41805,3.2900000000000004e-109,396.0,1.0
group_2857,NZ_JAFLNR010000004,219,219,100.0,1,219,119959,119741,3.2900000000000004e-109,396.0,1.0
group_2861,DADYHI010000030,276,276,99.638,1,276,16540,16265,2.07e-138,494.0,1.0
group_2867,SRR19641559.contig00004,165,165,98.788,1,165,478596,478760,2.5200000000000003e-77,289.0,1.0
group_2878,VP15198.contig00023,525,525,93.905,1,525,115,639,0.0,803.0,1.0
group_2879,SPVP110054.contig00015,219,219,100.0,1,219,72356,72138,3.2900000000000004e-109,396.0,1.0
group_28978,SRR11350400.contig00001,1086,913,93.538,1,913,383547,382635,0.0,1381.0,0.8406998158379374
group_2914,NZ_KK020569,435,435,99.08,1,435,733909,733475,0.0,767.0,1.0
group_2917,JACVHI010000018.1,594,594,99.663,1,594,70284,70877,0.0,1063.0,1.0
group_2932,SPVP150045.contig00002,1068,1068,99.906,1,1068,459349,460416,0.0,1922.0,1.0
group_2935,SPVP110054.contig00015,453,453,99.558,1,453,53920,54372,0.0,809.0,1.0
group_2936,DADYHI010000009,537,537,99.441,1,537,191669,192205,0.0,956.0,1.0
group_2952,NZ_JNSU02000047,357,357,99.72,1,357,1928,1572,0.0,640.0,1.0
group_2969,SRR16324073.contig00001,807,807,99.752,1,807,946404,947210,0.0,1447.0,1.0
group_2973,AAXNRW010000004,810,810,100.0,1,810,73044,72235,0.0,1462.0,1.0
group_2977,NZ_KK020625,810,810,100.0,1,810,173540,172731,0.0,1462.0,1.0
group_2982,VP15198.contig00012,2700,2505,83.593,202,2700,18781,16277,0.0,2666.0,0.9277777777777778
group_2984,SRR18763195.contig00003,405,405,100.0,1,405,2453,2049,0.0,731.0,1.0
group_2986,SPVP140260.contig00001,417,417,99.76,1,417,9165,8749,0.0,748.0,1.0
group_2988,SRR4016801.contig00003,894,894,97.092,1,894,415872,416765,0.0,1496.0,1.0
group_2992,JACVHT010000003.1,462,462,99.351,1,462,135692,135232,0.0,817.0,1.0
group_2997,NZ_JACBSZ010000006,216,216,100.0,1,216,172657,172872,1.38e-107,390.0,1.0
group_3,SPVP170146.contig00010,1107,1107,96.748,1,1107,192915,191809,0.0,1835.0,1.0
group_3004,SRR11823746.contig00028,1020,1020,93.627,1,1020,12474,13493,0.0,1547.0,1.0
group_302,SPVP170146.contig00008,165,165,99.394,1,165,194741,194577,2.07e-78,294.0,1.0
group_3022,VP11139.contig00048,768,771,73.671,1,768,3815,3048,1.0399999999999999e-128,463.0,1.00390625
group_3024,JACVHT010000008.1,1131,1131,99.646,1,1131,180106,181236,0.0,2022.0,1.0
group_303,DADYHI010000004,918,918,99.891,1,918,27921,27004,0.0,1652.0,1.0
group_3036,SRR16324073.contig00011,720,720,100.0,1,720,79624,80343,0.0,1299.0,1.0
group_3038,JAJGNV010000004.1,345,331,78.248,34,345,75058,75387,3.6700000000000004e-73,278.0,0.9594202898550724
group_3045,VP11139.contig00011,909,909,100.0,1,909,59131,60039,0.0,1640.0,1.0
group_30456,NZ_LFYN01000051,528,527,91.461,5,528,3399,3925,0.0,737.0,0.9981060606060606
group_3047,SPVP170102.contig00004,1248,1248,87.099,1,1248,329448,328201,0.0,1526.0,1.0
group_3051,NZ_CP051100,525,525,93.905,1,525,806069,806593,0.0,803.0,1.0
group_3053,SPVP170162.contig00007,393,393,96.692,1,393,112510,112902,0.0,651.0,1.0
group_3054,SPVP150139.contig00005,726,726,95.455,1,726,203968,204693,0.0,1161.0,1.0
group_3061,SPVP170098.contig00002,420,420,99.524,1,420,100152,99733,0.0,749.0,1.0
group_3062,NZ_JAFLNR010000007,1014,949,87.777,67,1014,266008,265075,0.0,1190.0,0.9358974358974359
group_3065,NZ_MUXG01000019,264,263,87.452,2,264,7522,7260,6.03e-88,326.0,0.9962121212121212
group_3066,DADYHI010000002,255,255,98.824,1,255,187002,187256,2.46e-124,447.0,1.0
group_3073,SPVP140090.contig00003,759,759,97.365,1,759,191224,191982,0.0,1279.0,1.0
group_3076,VP10022.contig00001,582,582,98.797,1,582,106944,107524,0.0,1015.0,1.0
group_3082,SPVP140090.contig00009,531,531,99.623,1,531,114,644,0.0,949.0,1.0
group_3083,AAXOXW010000025,651,651,100.0,1,651,7167,7817,0.0,1175.0,1.0
group_3086,SPVP140090.contig00007,543,543,91.713,1,543,11654,11112,0.0,777.0,1.0
group_3087,SRR19641559.contig00004,555,556,98.741,1,555,9160,9715,0.0,968.0,1.0018018018018018
group_3093,NZ_JABCCB010000010,618,618,100.0,1,618,75652,75035,0.0,1115.0,1.0
group_31,VP06050.contig00005,621,622,85.531,1,621,257448,258068,0.0,710.0,1.001610305958132
group_3107,SPVP150085.contig00011,309,309,98.382,1,309,13573,13268,2.66e-150,534.0,1.0
group_3111,SPVP110054.contig00014,2367,2374,85.131,1,2367,58118,60488,0.0,2668.0,1.0029573299535277
group_3113,VP07269.contig00008,165,165,80.606,1,165,181744,181876,1.1500000000000001e-43,178.0,1.0
group_3119,VP15198.contig00004,936,936,99.786,1,936,246992,246057,0.0,1680.0,1.0
group_3126,NZ_JAFLNR010000009,1509,1509,89.264,1,1509,100352,101857,0.0,1990.0,1.0
group_3128,SPVP140260.contig00015,1071,1071,100.0,1,1071,3407,2337,0.0,1932.0,1.0
group_3129,SRR4016801.contig00002,1029,1029,97.473,1,1029,241270,242298,0.0,1739.0,1.0
group_3131,NZ_KK020655,186,179,75.419,8,186,17035,16857,7.32e-28,125.0,0.9623655913978495
group_3135,NZ_NNKS01000009,750,763,72.346,1,750,60004,59291,4.62e-114,414.0,1.0173333333333334
group_3138,VP10022.contig00027,453,453,96.689,1,453,5805,6257,0.0,750.0,1.0
group_314,NZ_JAFLNR010000002,732,732,100.0,1,732,271058,271789,0.0,1321.0,1.0
group_316,NZ_KK020603,999,999,98.098,1,999,303130,304128,0.0,1717.0,1.0
group_3164,SRR17888663.contig00011,138,136,90.441,1,136,30233,30098,1.79e-46,187.0,0.9855072463768116
group_3170,NZ_JABCBH010000011,594,595,93.782,1,594,121578,122166,0.0,900.0,1.0016835016835017
group_3178,SRR18762455.contig00002,1392,1392,97.845,1,1392,372622,371231,0.0,2376.0,1.0
group_3179,NZ_NNKS01000016,936,942,74.204,1,936,18968,19903,4.4600000000000003e-166,588.0,1.0064102564102564
group_3197,SPVP140285.contig00006,462,464,94.612,1,462,287514,287056,0.0,718.0,1.0043290043290043
group_3218,VP11139.contig00011,465,465,98.495,1,465,46092,46556,0.0,808.0,1.0
group_322,SRR11823746.contig00017,97,97,100.0,1,97,11242,11146,2.0500000000000003e-43,176.0,1.0
group_3227,NZ_JABCBN010000028,675,675,100.0,1,675,1507,833,0.0,1218.0,1.0
group_3229,SRR18762455.contig00001,2430,2430,97.819,1,2430,167056,164627,0.0,4144.0,1.0
group_323,SRR11823751.contig00003,648,648,99.846,1,648,26746,26099,0.0,1165.0,1.0
group_3230,SPVP170146.contig00004,1011,1011,100.0,1,1011,51332,52342,0.0,1824.0,1.0
group_3238,SPVP170049.contig00018,759,758,87.731,1,753,20739,19982,0.0,944.0,0.9986824769433466
group_324,VP07269.contig00016,978,964,98.548,16,978,82640,81677,0.0,1673.0,0.9856850715746421
group_3252,AAXOXW010000034,282,282,100.0,1,282,10124,9843,2.74e-143,509.0,1.0
group_3254,SRR18762455.contig00002,984,984,97.967,1,984,365045,364062,0.0,1685.0,1.0
group_3259,NZ_JABCFE010000005,2757,2757,97.388,1,2757,103995,106751,0.0,4648.0,1.0
group_3260,SRR13684777.contig00017,102,97,92.784,6,102,100319,100223,1.3e-33,144.0,0.9509803921568627
group_3264,SRR18609788.contig00008,1167,1166,99.228,1,1166,62689,61524,0.0,2063.0,0.9991431019708654
group_3273,NZ_CP046785,441,415,97.59,1,415,2741949,2741535,0.0,704.0,0.9410430839002267
group_3295,SPVP150139.contig00005,291,254,88.976,1,254,205172,205425,4.51e-90,333.0,0.872852233676976
group_3298,SPVP170146.contig00008,858,858,93.823,1,858,200517,199660,0.0,1309.0,1.0
group_3304,SRR11823751.contig00023,2073,1725,92.348,1,1723,50485,48763,0.0,2511.0,0.8321273516642547
group_3306,SRR18034811.contig00004,1530,1530,100.0,1,1530,9756,11285,0.0,2760.0,1.0
group_3309,VP07269.contig00005,393,393,99.491,1,393,74546,74154,0.0,700.0,1.0
group_3310,SPVP170011.contig00011,1050,973,98.356,1,973,27153,26181,0.0,1683.0,0.9266666666666666
group_3311,NZ_JABCBN010000009,153,153,96.078,1,153,93466,93618,2.02e-65,250.0,1.0
group_3324,SRR19641559.contig00012,2427,2428,87.932,1,2427,20841,18418,0.0,3049.0,1.0004120313143798
group_3330,SRR18762455.contig00002,1134,1134,97.884,1,1134,357946,356813,0.0,1938.0,1.0
group_33321,SPVP150085.contig00007,456,456,99.781,1,456,225003,225458,0.0,819.0,1.0
group_33322,SPVP170146.contig00046,519,517,98.066,3,519,172,688,0.0,888.0,0.9961464354527938
group_33325,NZ_JNSU02000022,1203,1203,99.917,1,1203,8454,7252,0.0,2166.0,1.0
group_3333,VP07003.contig00001,1407,1407,98.01,1,1407,258532,259920,0.0,2424.0,1.0
group_3341,SPVP170102.contig00004,2112,2112,96.686,1,2112,424523,426634,0.0,3494.0,1.0
group_33436,SPVP170098.contig00047,400,400,99.5,1,400,1355,1754,0.0,713.0,1.0
group_3344,JADQEE010000007.1,1062,1051,99.239,1,1051,182791,181741,0.0,1860.0,0.9896421845574388
group_3353,SRR17888663.contig00001,387,387,100.0,1,387,678833,679219,0.0,699.0,1.0
group_33563,SRR18762455.contig00002,618,618,96.602,1,618,303563,302946,0.0,1021.0,1.0
group_33564,SRR18762455.contig00002,264,264,99.621,1,264,302742,302479,6.430000000000001e-132,472.0,1.0
group_33571,SRR19641559.contig00030,228,226,98.673,1,226,2165,1940,1.1999999999999999e-108,395.0,0.9912280701754386
group_33572,VP10022.contig00023,606,606,97.525,1,606,11478,12083,0.0,1026.0,1.0
group_33581,SRR18762455.contig00004,585,585,100.0,1,585,48113,48697,0.0,1056.0,1.0
group_336,SRR18609788.contig00001,678,678,100.0,1,678,164034,163357,0.0,1223.0,1.0
group_3362,SPVP140260.contig00027,105,105,97.143,1,105,26808,26912,2.28e-43,177.0,1.0
group_33627,SPVP170098.contig00033,303,303,99.67,1,303,536,234,5.03e-153,543.0,1.0
group_33628,VP11139.contig00026,387,392,90.051,1,387,9953,9562,1.4500000000000001e-148,527.0,1.0129198966408268
group_33629,SPVP150139.contig00025,489,489,97.751,1,489,14705,15193,0.0,833.0,1.0
group_33630,SPVP140107.contig00020,628,628,99.841,1,628,1744,2370,0.0,1125.0,1.0
group_33631,SPVP170098.contig00056,651,539,99.629,1,539,1186,648,0.0,964.0,0.8279569892473119
group_33632,VP11139.contig00094,537,537,90.689,1,537,654,118,0.0,744.0,1.0
group_33633,SPVP140259.contig00030,351,351,97.436,1,351,3929,4279,3.72e-168,593.0,1.0
group_33634,SPVP140259.contig00016,366,368,76.087,1,366,13396,13031,3.6699999999999996e-67,258.0,1.005464480874317
group_33635,NZ_CP046785,480,480,83.333,1,480,2486187,2486666,5.96e-142,506.0,1.0
group_33636,VP11139.contig00035,804,804,100.0,1,804,3127,3930,0.0,1451.0,1.0
group_33637,VP11139.contig00062,471,471,99.788,1,471,1909,2379,0.0,846.0,1.0
group_33638,SPVP170098.contig00033,810,810,98.765,1,810,2075,1275,0.0,1420.0,1.0
group_33639,JACVHJ010000045.1,471,475,94.105,1,471,1936,2406,0.0,716.0,1.0084925690021231
group_3365,SRR13684777.contig00029,456,424,100.0,1,424,61710,61287,0.0,765.0,0.9298245614035088
group_33666,JACVHI010000031.1,414,414,100.0,1,414,130,543,0.0,747.0,1.0
group_33667,SRR13684777.contig00032,492,492,100.0,1,492,53620,54111,0.0,888.0,1.0
group_33689,SPVP170162.contig00022,735,724,99.724,12,735,3441,4164,0.0,1297.0,0.9850340136054422
group_33694,SPVP140259.contig00041,378,378,99.735,1,378,1793,2170,0.0,678.0,1.0
group_3375,NZ_JABCBN010000003,177,177,100.0,1,177,366409,366585,1.62e-86,320.0,1.0
group_3376,SPVP140090.contig00007,732,732,98.77,1,732,32689,31958,0.0,1280.0,1.0
group_3377,DADYHI010000033,411,412,98.786,1,411,2903,2496,0.0,717.0,1.002433090024331
group_3378,SPVP140212.contig00001,657,657,99.848,1,657,538106,537450,0.0,1181.0,1.0
group_338,SRR16324073.contig00003,1065,1065,95.869,1,1065,304028,302964,0.0,1723.0,1.0
group_3382,SPVP170162.contig00005,315,313,83.706,1,312,102007,101708,1.4099999999999999e-90,334.0,0.9936507936507937
group_3392,NZ_JABCFE010000007,606,606,99.67,1,606,28549,27944,0.0,1085.0,1.0
group_3394,SPVP140285.contig00026,798,798,100.0,1,798,7324,8121,0.0,1440.0,1.0
group_33976,SPVP170049.contig00034,399,399,99.248,1,399,3624,3226,0.0,707.0,1.0
group_33977,SPVP170162.contig00015,450,450,100.0,1,450,55440,55889,0.0,812.0,1.0
group_33978,JAJGNV010000039.1,501,502,99.602,1,501,694,193,0.0,893.0,1.001996007984032
group_33979,SPVP170162.contig00015,491,491,99.593,1,491,54101,54589,0.0,870.0,1.0
group_33980,SPVP170102.contig00016,465,465,99.57,1,465,14482,14946,0.0,830.0,1.0
group_33982,NZ_CP046785,924,924,99.892,1,924,2446526,2447449,0.0,1663.0,1.0
group_33983,NZ_NNKS01000370,543,543,99.816,1,543,123,665,0.0,976.0,1.0
group_3407,DADYHI010000010,3432,3225,94.078,208,3432,105074,101850,0.0,4956.0,0.9396853146853147
group_34088,VP15198.contig00023,906,906,99.227,1,906,2797,3702,0.0,1603.0,1.0
group_34091,NZ_JABCBN010000022,270,270,99.63,1,270,12716,12985,3.65e-135,483.0,1.0
group_34094,SPVP170162.contig00027,933,933,99.893,1,933,1482,2414,0.0,1679.0,1.0
group_34095,VP11139.contig00079,489,490,99.796,1,489,514,25,0.0,876.0,1.0020449897750512
group_3419,NZ_JABCFE010000001,1569,1569,89.739,1,1569,1738181,1736622,0.0,2108.0,1.0
group_34192,SRR19641559.contig00036,213,213,100.0,1,213,1011,799,5.76e-106,385.0,1.0
group_3425,SPVP110054.contig00014,588,505,89.109,1,505,62905,63409,0.0,664.0,0.858843537414966
group_34256,NZ_JNSU02000035,495,495,100.0,1,495,2245,2739,0.0,893.0,1.0
group_34257,SPVP150045.contig00008,873,850,98.824,24,873,2331,3180,0.0,1489.0,0.9736540664375716
group_3427,SPVP140212.contig00001,342,342,95.906,1,342,535288,534947,9.100000000000001e-157,554.0,1.0
group_34279,SRR17888663.contig00003,1047,1048,96.947,1,1047,347794,346747,0.0,1743.0,1.0009551098376313
group_34284,SPVP140212.contig00024,756,756,96.693,1,756,3914,4669,0.0,1251.0,1.0
group_34287,NZ_JABCFE010000003,660,660,100.0,1,660,10553,9894,0.0,1191.0,1.0
group_3429,VP11139.contig00011,582,582,96.048,1,582,55680,56261,0.0,947.0,1.0
group_34290,VP07003.contig00001,2559,2559,99.922,1,2559,539863,542421,0.0,4607.0,1.0
group_34291,SRR11823746.contig00027,885,885,96.045,1,885,4637,3753,0.0,1439.0,1.0
group_34292,SRR11823746.contig00027,423,423,98.818,1,423,3605,3183,0.0,741.0,1.0
group_34307,NZ_NNEL01000051,441,441,100.0,1,441,2116,1676,0.0,796.0,1.0
group_3431,SPVP170098.contig00003,1242,1244,93.81,1,1242,394754,393513,0.0,1883.0,1.001610305958132
group_34312,SPVP170011.contig00046,450,447,98.434,4,450,718,273,0.0,772.0,0.9933333333333333
group_34321,SPVP140259.contig00029,435,435,98.391,1,435,5836,5402,0.0,754.0,1.0
group_34324,SRR19641559.contig00021,411,411,98.783,1,411,12784,13194,0.0,719.0,1.0
group_34332,JACVHJ010000048.1,903,903,99.779,1,903,11136,10234,0.0,1620.0,1.0
group_34340,SPVP170098.contig00046,429,429,96.037,1,429,1142,1570,0.0,698.0,1.0
group_34343,VP10022.contig00018,438,438,99.772,1,438,2124,2561,0.0,786.0,1.0
group_34344,NZ_NNEL01000050,654,654,97.706,1,654,8527,9180,0.0,1113.0,1.0
group_34345,SRR11823751.contig00003,366,366,99.18,1,366,6790,7155,0.0,647.0,1.0
group_34369,SPVP170102.contig00015,510,510,100.0,1,510,6280,5771,0.0,921.0,1.0
group_34376,VP11139.contig00040,360,360,100.0,1,360,1739,1380,0.0,650.0,1.0
group_34381,SPVP140285.contig00027,450,450,99.556,1,450,4419,3970,0.0,803.0,1.0
group_34382,AAXOXW010000037,477,477,98.952,1,477,1689,1213,0.0,838.0,1.0
group_34392,SPVP170162.contig00020,618,618,100.0,1,618,17650,18267,0.0,1115.0,1.0
group_3441,DADYHI010000008,381,381,90.551,1,381,51115,51495,4.96e-148,526.0,1.0
group_34416,AAXNRW010000023,642,642,98.287,1,642,4636,3995,0.0,1109.0,1.0
group_34418,SRR19641559.contig00034,336,335,96.418,3,336,637,303,1.32e-154,547.0,0.9970238095238095
group_3442,SPVP140090.contig00007,693,693,92.929,1,693,11102,10413,0.0,1028.0,1.0
group_34436,JACVHJ010000014.1,1428,1420,99.648,9,1428,4647,6066,0.0,2539.0,0.9943977591036415
group_34437,SRR18609788.contig00050,366,366,99.727,1,366,1550,1185,0.0,656.0,1.0
group_34446,NZ_JABCBN010000023,579,579,97.582,1,579,11614,11036,0.0,982.0,1.0
group_34451,SPVP140090.contig00023,459,459,99.564,1,459,111,569,0.0,820.0,1.0
group_34459,VP11139.contig00046,300,300,99.333,1,300,1736,2035,2.5699999999999997e-150,533.0,1.0
group_34475,SRR18762455.contig00018,678,678,98.23,1,678,10850,11527,0.0,1169.0,1.0
group_34481,JAJGNV010000047.1,591,591,99.492,1,591,47,637,0.0,1053.0,1.0
group_34482,NZ_JABCCB010000017,606,539,99.443,68,606,3228,2690,0.0,959.0,0.8894389438943895
group_34483,SPVP140259.contig00024,534,534,99.813,1,534,6969,6437,0.0,956.0,1.0
group_34484,SPVP140259.contig00024,441,440,93.182,2,441,5838,6277,0.0,659.0,0.9977324263038548
group_34485,VP07269.contig00029,324,324,98.457,1,324,5325,5648,5.78e-159,563.0,1.0
group_34486,SPVP140259.contig00024,1203,1203,97.423,1,1203,8158,6956,0.0,2030.0,1.0
group_34495,NZ_CP046785,549,549,98.543,1,549,2457820,2458367,0.0,951.0,1.0
group_3450,NZ_MUXG01000004,162,162,75.926,1,162,434944,435090,6.21e-28,126.0,1.0
group_34506,JACVHJ010000050.1,108,108,99.074,1,108,1425,1532,1.0700000000000001e-47,191.0,1.0
group_34546,NZ_NNEL01000051,885,878,98.861,9,885,1045,168,0.0,1535.0,0.992090395480226
group_3455,SPVP140260.contig00008,318,318,99.371,1,318,59374,59057,4.65e-160,565.0,1.0
group_34558,VP11139.contig00045,216,216,98.611,1,216,534,749,3.03e-103,377.0,1.0
group_34564,VP11139.contig00036,687,687,97.817,1,687,1586,900,0.0,1172.0,1.0
group_34587,SPVP140107.contig00041,279,279,97.849,1,279,548,270,1.6e-133,477.0,1.0
group_34601,SRR18763195.contig00018,426,361,99.446,66,426,33506,33866,0.0,643.0,0.8474178403755869
group_34620,SRR19641559.contig00022,354,354,97.74,1,354,6958,6605,2.08e-171,603.0,1.0
group_3464,VP10022.contig00002,609,609,100.0,1,609,754047,754655,0.0,1099.0,1.0
group_34643,SRR11823751.contig00042,531,531,93.597,1,531,3909,4439,0.0,805.0,1.0
group_3466,SRR17888663.contig00025,1122,1122,100.0,1,1122,60061,61182,0.0,2024.0,1.0
group_34665,SPVP150169.contig00027,405,405,96.79,1,405,288,692,0.0,673.0,1.0
group_34666,VP10022.contig00023,555,555,97.117,1,555,18912,19466,0.0,930.0,1.0
group_34667,SPVP170102.contig00015,537,537,98.324,1,537,12050,11514,0.0,929.0,1.0
group_34668,SPVP140259.contig00025,513,471,99.363,43,513,4961,5431,0.0,837.0,0.9181286549707602
group_34669,VP10022.contig00023,222,222,99.55,1,222,19463,19684,3.34e-109,397.0,1.0
group_34674,SPVP110054.contig00005,399,399,99.248,1,399,128,526,0.0,707.0,1.0
group_3473,SPVP170102.contig00002,294,278,86.331,1,276,121991,121717,3.5100000000000003e-85,317.0,0.9455782312925171
group_34731,NZ_NNHO01000050,423,423,99.291,1,423,5108,5530,0.0,750.0,1.0
group_34736,VP07003.contig00028,219,220,99.091,1,219,14105,13886,5.94e-106,385.0,1.004566210045662
group_3475,SPVP170102.contig00001,339,303,95.38,37,339,423395,423697,1.34e-135,484.0,0.8938053097345132
group_34756,NZ_BAVK01000029,303,303,98.02,1,303,2625,2323,1.64e-146,520.0,1.0
group_34757,NZ_NNHO01000066,213,213,99.531,1,213,1493,1705,2.4499999999999998e-104,380.0,1.0
group_34766,VP15198.contig00008,549,549,100.0,1,549,217841,217293,0.0,991.0,1.0
group_34768,VP10022.contig00028,285,285,100.0,1,285,2439,2723,6.53e-145,515.0,1.0
group_3477,VP11139.contig00011,309,270,85.185,13,282,33497,33766,1.9199999999999998e-82,307.0,0.8737864077669902
group_34772,SPVP170162.contig00015,846,846,98.582,1,846,52575,53420,0.0,1472.0,1.0
group_348,NZ_JABCFE010000003,2409,2409,100.0,1,2409,26372,23964,0.0,4345.0,1.0
group_3484,AAXOXW010000034,540,477,74.633,1,476,9856,9381,3.5099999999999997e-82,308.0,0.8833333333333333
group_34881,NZ_CP051100,429,429,98.135,1,429,3287530,3287958,0.0,738.0,1.0
group_34931,VP11139.contig00026,666,666,100.0,1,666,5004,4339,0.0,1202.0,1.0
group_3503,SPVP140090.contig00003,234,234,98.718,1,234,192441,192674,5.62e-113,409.0,1.0
group_3508,SPVP140212.contig00001,1629,1623,90.08,1,1623,519140,517533,0.0,2197.0,0.996316758747698
group_35095,SPVP150139.contig00025,774,774,96.899,1,774,16209,16979,0.0,1287.0,1.0
group_3512,JADQEE010000005.1,561,561,97.683,1,561,242276,241716,0.0,954.0,1.0
group_35145,VP11139.contig00050,483,483,99.379,1,483,704,222,0.0,858.0,1.0
group_35163,NZ_JABCBN010000053,759,759,98.155,1,759,2633,3391,0.0,1306.0,1.0
group_35164,NZ_JABCBN010000053,136,136,100.0,1,136,3363,3498,2.1400000000000002e-64,246.0,1.0
group_352,VP06050.contig00038,1146,1146,97.033,1,1146,1193,48,0.0,1914.0,1.0
group_3523,DADYHI010000005,516,426,99.765,1,426,149835,150260,0.0,765.0,0.8255813953488372
group_3524,NZ_JAFLNR010000001,1119,1118,100.0,2,1119,622016,620899,0.0,2017.0,0.9991063449508489
group_3525,SRR18763195.contig00002,240,220,86.364,8,227,344358,344577,5.42e-69,262.0,0.9166666666666666
group_3528,SPVP110054.contig00015,222,222,99.55,1,222,63344,63123,3.34e-109,397.0,1.0
group_3534,SPVP140212.contig00005,1776,1776,97.691,1,1776,282807,281032,0.0,3019.0,1.0
group_35353,SPVP170146.contig00001,1662,1633,78.873,1,1633,599032,600664,0.0,1390.0,0.9825511432009627
group_35363,SRR11350400.contig00032,786,786,98.473,1,786,10906,11691,0.0,1364.0,1.0
group_3537,VP06050.contig00005,636,636,99.528,1,636,178320,178955,0.0,1134.0,1.0
group_354,NZ_CP051100,3249,3249,94.645,1,3249,776311,773069,0.0,5072.0,1.0
group_35422,SRR17888663.contig00014,225,225,100.0,1,225,97046,96822,1.88e-112,407.0,1.0
group_3543,VP06050.contig00005,432,432,99.769,1,432,272335,271904,0.0,775.0,1.0
group_35443,NZ_JABCBN010000052,144,144,97.917,1,144,528,671,2.28e-64,247.0,1.0
group_3545,NZ_JABCBN010000003,1947,1947,100.0,1,1947,220868,222814,0.0,3512.0,1.0
group_35457,SRR19641559.contig00022,627,627,99.841,1,627,4568,3943,0.0,1123.0,1.0
group_35487,NZ_JACBSZ010000001,309,309,100.0,1,309,353137,353445,6.68e-158,558.0,1.0
group_35488,ABDZFE010000011,1272,1270,96.142,3,1272,209336,208067,0.0,2070.0,0.9984276729559748
group_35489,SRR4016801.contig00011,1299,1299,97.691,1,1299,102803,104098,0.0,2206.0,1.0
group_35490,VP07269.contig00011,1233,1148,72.387,29,1175,23807,22661,4.54e-180,635.0,0.9310624493106245
group_35491,ABDZFE010000011,201,186,84.409,1,186,210979,211164,1.04e-51,205.0,0.9253731343283582
group_3550,SPVP140259.contig00004,387,387,99.225,1,387,350291,349905,0.0,685.0,1.0
group_3551,NZ_JABCCB010000005,1374,1362,96.476,1,1362,125674,127035,0.0,2241.0,0.9912663755458515
group_3552,SRR18609788.contig00010,270,261,83.525,10,270,137059,136799,2.8100000000000003e-73,278.0,0.9666666666666667
group_35541,SPVP140212.contig00024,654,654,97.706,1,654,8239,8892,0.0,1113.0,1.0
group_356,VP11139.contig00006,1089,1084,65.037,1,1076,232630,231555,6.81e-57,225.0,0.9954086317722681
group_35607,AAXNRW010000020,408,408,92.892,1,408,6337,6744,6.95e-172,606.0,1.0
group_35608,SPVP140259.contig00031,858,858,99.883,1,858,2866,3723,0.0,1544.0,1.0
group_35609,SPVP140260.contig00043,456,434,92.627,23,456,679,246,0.0,639.0,0.9517543859649122
group_35620,NZ_JABCIE010000006,684,684,95.614,1,684,240459,239776,0.0,1099.0,1.0
group_35621,SRR13684777.contig00078,231,231,100.0,1,231,2389,2619,1.07e-115,417.0,1.0
group_35622,SRR18762455.contig00013,195,157,71.975,45,193,70446,70600,7.75e-09,63.5,0.8051282051282052
group_35628,SPVP140259.contig00050,291,291,98.625,1,291,1011,721,9.91e-143,508.0,1.0
group_3563,SPVP110054.contig00013,1362,1362,99.853,1,1362,83719,82358,0.0,2448.0,1.0
group_35637,DADYHI010000043,489,489,98.773,1,489,1160,672,0.0,856.0,1.0
group_35638,SPVP140090.contig00025,456,456,100.0,1,456,1581,1126,0.0,823.0,1.0
group_35639,VP11139.contig00032,546,546,98.535,1,546,1254,709,0.0,949.0,1.0
group_35640,SRR11350400.contig00028,645,599,88.815,48,645,5895,5297,0.0,775.0,0.9286821705426357
group_35641,AAXNRW010000026,360,360,77.5,1,360,4117,3758,2.59e-75,285.0,1.0
group_35656,SPVP140260.contig00034,888,814,93.735,74,887,10348,9535,0.0,1239.0,0.9166666666666666
group_35657,SPVP140260.contig00034,1818,1818,95.27,1,1818,8786,6969,0.0,2892.0,1.0
group_35660,SPVP140260.contig00034,711,711,99.859,1,711,9403,8693,0.0,1278.0,1.0
group_35667,SPVP140285.contig00027,378,378,99.206,1,378,12967,12590,0.0,669.0,1.0
group_35683,VP11139.contig00023,276,276,97.826,1,276,30039,29764,6.76e-132,471.0,1.0
group_35684,VP11139.contig00023,633,633,100.0,1,633,30675,30043,0.0,1142.0,1.0
group_3570,AAXOXW010000025,585,585,81.709,1,585,518,1102,6.01e-162,573.0,1.0
group_35722,SRR18034811.contig00002,714,711,95.359,5,714,333673,334383,0.0,1131.0,0.9957983193277311
group_3573,NZ_KK020655,345,345,99.42,1,345,18793,18449,1.12e-174,614.0,1.0
group_35734,SRR11823751.contig00047,249,250,95.2,1,249,358,607,1.33e-108,394.0,1.0040160642570282
group_3578,SRR18762455.contig00008,462,462,95.887,1,462,9001,9462,0.0,748.0,1.0
group_35780,JACVHI010000029.1,381,381,88.451,1,381,13064,12684,3.57e-137,489.0,1.0
group_35781,JACVHJ010000017.1,681,681,99.559,1,681,95025,95705,0.0,1215.0,1.0
group_35782,SRR11350400.contig00010,994,990,100.0,1,990,182632,183621,0.0,1786.0,0.9959758551307847
group_35783,SRR11350400.contig00010,510,510,99.804,1,510,181007,181516,0.0,916.0,1.0
group_35787,NZ_BAVK01000027,435,435,97.241,1,435,4464,4030,0.0,731.0,1.0
group_35802,VP06050.contig00001,1248,1248,95.673,1,1248,779500,778253,0.0,2008.0,1.0
group_35803,SPVP140285.contig00023,585,585,99.829,1,585,12533,13117,0.0,1051.0,1.0
group_35809,NZ_NNKS01000506,477,477,97.275,1,477,518,42,0.0,802.0,1.0
group_35810,SRR18609788.contig00035,585,563,92.895,24,585,6786,7346,0.0,829.0,0.9623931623931624
group_35812,NZ_JABCBH010000022,909,909,100.0,1,909,1487,2395,0.0,1640.0,1.0
group_35825,SRR17888663.contig00048,582,582,98.282,1,582,430,1011,0.0,1005.0,1.0
group_35842,NZ_CP051100,768,768,98.568,1,768,3320696,3321463,0.0,1336.0,1.0
group_35863,NZ_JABCBH010000029,285,285,99.649,1,285,1190,906,2.78e-143,510.0,1.0
group_35864,NZ_JABCBH010000029,279,279,99.642,1,279,909,631,4.9e-140,499.0,1.0
group_3588,SPVP150045.contig00002,418,418,99.522,1,418,483859,484275,0.0,742.0,1.0
group_35880,SPVP140260.contig00027,1209,1209,100.0,1,1209,6292,5084,0.0,2181.0,1.0
group_35881,SPVP140260.contig00027,834,834,100.0,1,834,6387,7220,0.0,1505.0,1.0
group_35887,VP06050.contig00028,474,474,97.679,1,474,6448,6921,0.0,806.0,1.0
group_35986,JAJGNV010000020.1,261,261,95.402,1,261,10581,10841,1.2299999999999999e-115,417.0,1.0
group_35987,SPVP170146.contig00043,348,346,92.197,3,348,2006,1662,6.2499999999999995e-140,499.0,0.9942528735632183
group_36020,NZ_LFYN01000051,387,387,100.0,1,387,1877,1491,0.0,699.0,1.0
group_36021,NZ_LFYN01000051,435,435,99.77,1,435,2298,1864,0.0,781.0,1.0
group_36032,JACVHJ010000010.1,336,336,79.464,1,336,185473,185141,4.64e-78,294.0,1.0
group_36034,JACVHJ010000010.1,297,297,90.236,1,295,185087,184795,1.32e-109,398.0,1.0
group_3604,SRR13684777.contig00058,792,792,100.0,1,792,5256,4465,0.0,1429.0,1.0
group_36043,NZ_JABCFE010000015,387,387,96.899,1,387,5056,5442,0.0,645.0,1.0
group_36044,VP11139.contig00055,306,305,97.705,1,305,2054,1750,5.799999999999999e-146,519.0,0.9967320261437909
group_36045,VP11139.contig00055,147,148,95.946,1,147,2604,2459,1.48e-60,234.0,1.0068027210884354
group_36047,SPVP150085.contig00034,654,654,92.355,1,654,9049,9657,0.0,991.0,1.0
group_36052,DADYHI010000053,882,882,99.887,1,882,15,896,0.0,1587.0,1.0
group_36083,SRR11350400.contig00028,573,569,95.958,5,573,22101,21533,0.0,923.0,0.9930191972076788
group_3610,SRR11823751.contig00001,1341,1341,100.0,1,1341,179888,181228,0.0,2419.0,1.0
group_3616,SRR11823746.contig00004,327,327,100.0,1,327,579199,578873,1.2000000000000002e-167,590.0,1.0
group_36160,AAXOXW010000070,396,395,90.633,1,395,1595,1201,5.5300000000000004e-154,546.0,0.9974747474747475
group_36169,SPVP150045.contig00030,1338,1338,98.954,1,1338,174,1511,0.0,2351.0,1.0
group_36170,SPVP140285.contig00021,222,222,96.396,1,222,21468,21689,5.65e-100,365.0,1.0
group_36177,NZ_NNKS01000403,489,489,99.591,1,489,556,68,0.0,874.0,1.0
group_36186,SRR4016801.contig00023,630,630,99.683,1,630,4551,5179,0.0,1124.0,1.0
group_36188,NZ_KK020625,414,414,99.034,1,414,223168,222755,0.0,729.0,1.0
group_36196,NZ_CP046785,417,417,100.0,1,417,2489538,2489954,0.0,753.0,1.0
group_36199,AAXNRW010000019,495,443,96.614,53,495,5113,4671,0.0,732.0,0.8949494949494949
group_362,SRR19641559.contig00001,1749,1748,79.405,1,1748,1193058,1191311,0.0,1530.0,0.9994282447112636
group_36202,VP07003.contig00012,477,477,99.79,1,477,5138,5614,0.0,856.0,1.0
group_3625,VP07269.contig00005,297,297,99.327,1,297,75618,75322,1.08e-148,527.0,1.0
group_3632,NZ_KK020655,750,750,100.0,1,750,158951,158202,0.0,1353.0,1.0
group_36322,SPVP140285.contig00021,462,462,96.537,1,462,28200,28661,0.0,762.0,1.0
group_36357,SRR11823746.contig00040,1227,1227,99.511,1,1227,1867,641,0.0,2186.0,1.0
group_364,NZ_KK020603,741,741,96.356,1,741,163631,164371,0.0,1215.0,1.0
group_3645,SPVP110054.contig00015,327,327,99.694,1,327,72138,71812,5.11e-166,586.0,1.0
group_3646,NZ_NNEL01000032,924,921,93.702,4,924,108000,108920,0.0,1400.0,0.9967532467532467
group_3648,JACVHI010000018.1,327,327,99.694,1,327,74818,75144,5.11e-166,586.0,1.0
group_36532,SRR18762455.contig00013,855,855,93.684,1,855,7862,8716,0.0,1299.0,1.0
group_36533,SRR18762455.contig00013,777,774,98.062,4,777,8719,9492,0.0,1329.0,0.9961389961389961
group_3654,SPVP170102.contig00001,207,207,100.0,1,207,433522,433728,1.01e-102,374.0,1.0
group_36547,VP07003.contig00028,660,660,95.303,1,660,1359,700,0.0,1051.0,1.0
group_36550,DADYHI010000009,561,561,98.752,1,561,191669,192228,0.0,977.0,1.0
group_36551,SPVP150139.contig00028,408,408,97.794,1,408,10861,10454,0.0,696.0,1.0
group_36553,SRR11350400.contig00032,618,618,98.867,1,618,5786,6403,0.0,1084.0,1.0
group_36555,JAJGNV010000019.1,420,420,98.095,1,420,10905,11324,0.0,722.0,1.0
group_36556,NZ_KK020582,432,432,97.917,1,432,3467,3036,0.0,739.0,1.0
group_3656,JADQEE010000002.1,1113,1113,99.91,1,1113,426478,427590,0.0,2003.0,1.0
group_36560,VP11139.contig00050,366,366,100.0,1,366,2932,2567,0.0,661.0,1.0
group_36561,VP11139.contig00043,402,389,72.494,16,402,1239,1625,4.3399999999999996e-54,214.0,0.9676616915422885
group_36562,NZ_CP051100,768,768,97.266,1,768,3320696,3321463,0.0,1291.0,1.0
group_36563,NZ_NNKS01000368,291,291,97.938,1,291,181,471,5.14e-140,499.0,1.0
group_36564,NZ_JABCFE010000009,639,641,97.192,1,639,45287,45926,0.0,1065.0,1.0031298904538342
group_3657,SPVP140285.contig00023,322,322,100.0,1,322,23636,23957,6.129999999999999e-165,581.0,1.0
group_36575,NZ_JABCIE010000024,465,465,99.14,1,465,13027,13491,0.0,821.0,1.0
group_36580,SPVP140260.contig00039,687,688,99.855,1,687,3579,4266,0.0,1233.0,1.0014556040756915
group_36581,SPVP170098.contig00035,633,633,92.891,1,633,2542,3174,0.0,939.0,1.0
group_36584,SPVP170098.contig00022,642,642,97.508,1,642,2651,2010,0.0,1086.0,1.0
group_36590,NZ_JABCIE010000024,300,300,97.333,1,300,5180,5479,3.5799999999999996e-142,506.0,1.0
group_36592,VP07003.contig00029,492,492,98.374,1,492,16691,17182,0.0,852.0,1.0
group_36596,SPVP140090.contig00020,312,312,97.756,1,312,13442,13131,9.389999999999999e-150,532.0,1.0
group_36605,SRR16324073.contig00008,681,681,99.559,1,681,1056,1736,0.0,1215.0,1.0
group_36606,NZ_MUXG01000028,343,343,99.125,1,343,2221,1880,7.0099999999999995e-171,602.0,1.0
group_36607,NZ_JNSU02000043,459,459,91.939,1,459,4034,3576,0.0,662.0,1.0
group_36610,SPVP150045.contig00021,291,291,99.313,1,291,1783,1493,1.91e-145,517.0,1.0
group_36612,AAXOXW010000042,675,675,100.0,1,675,4284,3610,0.0,1218.0,1.0
group_36621,NZ_JABCFE010000009,1239,1239,97.74,1,1239,28177,29415,0.0,2109.0,1.0
group_36629,SPVP140259.contig00028,1149,1149,99.304,1,1149,4804,3656,0.0,2037.0,1.0
group_36631,JAJGNV010000020.1,276,276,88.406,1,276,8238,8513,1.31e-96,354.0,1.0
group_36632,VP07003.contig00012,462,462,90.909,1,462,6037,6498,0.0,645.0,1.0
group_36636,JAJGNV010000020.1,363,363,96.694,1,363,16532,16894,7.46e-171,601.0,1.0
group_36637,SRR11823751.contig00038,1287,1287,100.0,1,1287,4321,5607,0.0,2322.0,1.0
group_36638,VP07269.contig00041,660,660,98.939,1,660,33,692,0.0,1159.0,1.0
group_3664,NZ_MUXG01000015,741,741,99.595,1,741,28726,27986,0.0,1324.0,1.0
group_36641,SPVP170011.contig00018,555,555,99.64,1,555,22059,22613,0.0,993.0,1.0
group_36642,VP11139.contig00004,396,395,95.949,1,395,395676,396070,0.0,641.0,0.9974747474747475
group_36649,SRR18034811.contig00002,405,405,96.79,1,405,321273,321677,0.0,673.0,1.0
group_36656,SPVP150085.contig00032,642,642,99.844,1,642,12854,13495,0.0,1154.0,1.0
group_36657,AAXNRW010000024,762,762,97.638,1,762,7,768,0.0,1294.0,1.0
group_3666,SPVP110054.contig00015,1236,1236,99.919,1,1236,53701,52466,0.0,2225.0,1.0
group_36661,NZ_JABCFE010000009,324,334,96.407,1,324,42032,42365,2.99e-156,554.0,1.0308641975308641
group_36667,SRR11823746.contig00027,744,726,86.777,1,726,18193,17469,0.0,874.0,0.9758064516129032
group_36668,SPVP140285.contig00023,579,557,99.82,1,557,22849,23405,0.0,1001.0,0.9620034542314335
group_36673,NZ_JABCCB010000017,363,363,97.245,1,363,12067,11711,1.4400000000000002e-173,611.0,1.0
group_36675,SRR16324073.contig00019,531,531,100.0,1,531,11067,11597,0.0,958.0,1.0
group_36676,NZ_JNSU02000088,333,282,99.291,1,282,633,913,2.08e-139,497.0,0.8468468468468469
group_36677,SPVP170011.contig00024,1554,1554,99.936,1,1554,2873,4426,0.0,2799.0,1.0
group_36679,AAXOXW010000034,834,834,99.64,1,834,699,1532,0.0,1491.0,1.0
group_36684,SPVP150169.contig00036,438,438,99.087,1,438,866,1303,0.0,773.0,1.0
group_36687,NZ_BAVK01000029,471,471,100.0,1,471,9728,9258,0.0,850.0,1.0
group_36689,JADQEE010000038.1,360,360,96.111,1,360,2224,2583,1.63e-166,587.0,1.0
group_3669,VP11139.contig00011,327,327,100.0,1,327,54180,54506,1.2000000000000002e-167,590.0,1.0
group_36690,VP10022.contig00025,375,375,95.467,1,375,1462,1088,2.7e-170,600.0,1.0
group_36699,NZ_CP046785,366,366,96.448,1,366,2456402,2456767,7.52e-171,602.0,1.0
group_3670,SPVP110054.contig00015,378,378,98.942,1,378,23445,23068,0.0,664.0,1.0
group_36700,SPVP140285.contig00021,474,474,98.734,1,474,33007,33480,0.0,829.0,1.0
group_36709,NZ_JABCIE010000024,441,438,98.858,5,441,11017,11453,0.0,761.0,0.9931972789115646
group_36710,SRR18034811.contig00002,486,485,98.351,2,486,413665,414149,0.0,839.0,0.9979423868312757
group_36711,NZ_JABCIE010000006,642,641,95.008,1,641,243770,243130,0.0,1012.0,0.9984423676012462
group_36723,JACVHJ010000044.1,423,417,99.041,8,423,15587,15171,0.0,731.0,0.9858156028368794
group_36724,NZ_JABCCB010000017,423,423,95.981,1,423,2583,2161,0.0,687.0,1.0
group_36726,NZ_JABCCB010000020,759,759,93.017,1,759,15367,14609,0.0,1131.0,1.0
group_36728,VP11139.contig00046,564,563,92.007,2,564,589,1151,0.0,813.0,0.99822695035461
group_36737,VP11139.contig00023,585,585,96.068,1,585,240,824,0.0,952.0,1.0
group_36738,SRR18034811.contig00001,642,642,92.212,1,642,787658,788281,0.0,940.0,1.0
group_36739,AAXNRW010000019,396,373,95.442,25,396,12493,12121,4.24e-168,593.0,0.9419191919191919
group_36742,NZ_NNHO01000050,501,501,90.22,1,501,6183,6683,0.0,683.0,1.0
group_36752,NZ_JACBSZ010000029,477,512,90.43,1,476,3994,4504,0.0,728.0,1.0733752620545074
group_36757,JACVHJ010000005.1,759,759,82.872,1,759,269757,270515,0.0,783.0,1.0
group_36759,SRR18034811.contig00002,726,726,97.796,1,726,363563,364288,0.0,1238.0,1.0
group_36772,SPVP170102.contig00015,504,504,100.0,1,504,13731,13228,0.0,910.0,1.0
group_36773,SPVP140259.contig00029,453,454,95.154,2,453,5372,4919,0.0,713.0,1.0022075055187638
group_36784,NZ_LFYN01000051,444,444,100.0,1,444,911,1354,0.0,801.0,1.0
group_36785,SRR4016801.contig00020,468,468,100.0,1,468,9747,10214,0.0,845.0,1.0
group_36786,SPVP140212.contig00022,705,705,100.0,1,705,4109,4813,0.0,1272.0,1.0
group_36791,SPVP170011.contig00018,510,510,97.451,1,510,17421,17930,0.0,862.0,1.0
group_36798,SPVP150045.contig00024,912,909,89.769,2,910,1385,2293,0.0,1221.0,0.9967105263157895
group_36808,SPVP170098.contig00030,498,498,96.787,1,498,1626,2123,0.0,827.0,1.0
group_36809,NZ_JABCIE010000026,360,360,97.222,1,360,14037,14396,6.069999999999999e-172,605.0,1.0
group_36810,NZ_JABCBH010000019,453,453,94.26,1,453,10718,11170,0.0,700.0,1.0
group_36817,SRR16324073.contig00021,633,633,85.782,1,633,4049,4681,0.0,737.0,1.0
group_36820,SPVP140260.contig00027,801,802,99.501,1,801,41700,42501,0.0,1425.0,1.0012484394506866
group_36824,NZ_LFYN01000043,531,527,98.482,5,531,3098,3624,0.0,915.0,0.992467043314501
group_36826,AAXNRW010000030,426,426,96.714,1,426,528,103,0.0,706.0,1.0
group_3684,SRR11823751.contig00044,426,426,100.0,1,426,3644,4069,0.0,769.0,1.0
group_36849,VP11139.contig00037,447,447,100.0,1,447,5511,5065,0.0,807.0,1.0
group_36859,JACVHJ010000044.1,627,627,95.375,1,627,17964,17338,0.0,1001.0,1.0
group_36886,JADQEE010000030.1,336,329,89.058,8,336,12487,12815,7.339999999999999e-120,432.0,0.9791666666666666
group_36891,NZ_JABCCB010000017,423,423,100.0,1,423,19616,19194,0.0,764.0,1.0
group_36899,VP15198.contig00027,351,338,77.515,1,338,2763,2426,1.94e-70,268.0,0.9629629629629629
group_36928,NZ_JABCCB010000033,270,270,85.556,1,270,2393,2662,1.3599999999999999e-83,312.0,1.0
group_36929,VP11139.contig00055,534,534,84.082,1,534,1240,707,3.69e-164,581.0,1.0
group_36934,SPVP170162.contig00022,180,180,93.889,1,180,21927,22106,6.160000000000001e-73,276.0,1.0
group_36935,SPVP170162.contig00022,519,519,94.412,1,519,21406,21924,0.0,806.0,1.0
group_36957,SPVP140090.contig00023,663,663,87.33,1,663,2518,3180,0.0,818.0,1.0
group_3697,SRR18763195.contig00002,996,996,93.373,1,996,3219,4214,0.0,1499.0,1.0
group_36972,SRR11823746.contig00027,489,489,79.755,1,489,1958,1470,9.02e-121,436.0,1.0
group_36973,SPVP150045.contig00022,525,525,93.333,1,525,15111,15635,0.0,790.0,1.0
group_36977,SPVP140107.contig00007,348,348,97.126,1,348,5343,5690,1.9099999999999999e-165,583.0,1.0
group_3698,VP15198.contig00028,609,609,99.015,1,609,1488,880,0.0,1072.0,1.0
group_36983,NZ_JABCBH010000021,567,524,95.038,45,567,6693,6172,0.0,818.0,0.9241622574955908
group_36984,SPVP170049.contig00027,486,486,88.889,1,486,1195,710,1.73e-180,634.0,1.0
group_36985,NZ_NNEL01000066,399,399,97.494,1,399,1136,738,0.0,675.0,1.0
group_36988,NZ_MUXG01000028,276,276,97.101,1,276,2500,2775,3.5000000000000004e-129,462.0,1.0
group_36998,SPVP150045.contig00025,336,337,73.591,1,336,4793,4458,7.86e-50,200.0,1.0029761904761905
group_3700,JACVHI010000026.1,249,249,96.386,1,249,15546,15794,6.029999999999999e-113,409.0,1.0
group_37000,NZ_JAFLNR010000022,417,417,90.408,1,417,4231,3815,4.2e-162,572.0,1.0
group_37001,NZ_BAVK01000039,888,888,100.0,1,888,6844,7731,0.0,1602.0,1.0
group_37002,SPVP140212.contig00027,588,588,98.129,1,588,1420,833,0.0,1012.0,1.0
group_37006,SPVP170102.contig00017,291,291,100.0,1,291,15568,15278,3.69e-148,526.0,1.0
group_37009,NZ_NNEL01000026,465,465,99.785,1,465,175099,174635,0.0,835.0,1.0
group_37016,SPVP140259.contig00033,375,362,96.685,14,375,2257,1896,2.7e-170,600.0,0.9653333333333334
group_37021,NZ_JABCBN010000065,432,432,97.454,1,432,198,629,0.0,730.0,1.0
group_37029,NZ_NNEL01000056,225,225,94.667,1,225,762,538,3.62e-96,352.0,1.0
group_37030,AAXNRW010000026,138,138,81.884,1,138,1437,1300,2.85e-31,137.0,1.0
group_37040,SPVP140259.contig00023,846,846,95.154,1,846,8216,7371,0.0,1342.0,1.0
group_37044,SRR18762455.contig00002,669,669,99.851,1,669,311116,310448,0.0,1203.0,1.0
group_37047,NZ_JABCBH010000020,414,414,96.377,1,414,3262,2849,0.0,680.0,1.0
group_37049,VP11139.contig00032,396,397,97.733,1,396,2907,2512,0.0,669.0,1.0025252525252526
group_3705,SRR18034811.contig00002,1224,1224,99.51,1,1224,264041,265264,0.0,2181.0,1.0
group_37052,ABDZFE010000010,573,570,95.965,5,573,1315,1884,0.0,921.0,0.9947643979057592
group_37053,NZ_KK020589,543,544,87.316,1,543,11489,10947,0.0,664.0,1.0018416206261511
group_37058,SPVP140212.contig00024,513,513,98.051,1,513,111,620,0.0,879.0,1.0
group_37059,NZ_NNKS01000514,249,239,76.987,11,249,417,179,4.3499999999999996e-45,184.0,0.9598393574297188
group_3706,AAXOXW010000028,270,270,90.741,1,270,11635,11886,2.16e-106,387.0,1.0
group_37061,VP11139.contig00040,438,438,99.543,1,438,1246,809,0.0,782.0,1.0
group_37063,JADQEE010000032.1,531,531,80.791,1,531,9952,10482,9.84e-140,499.0,1.0
group_37066,SPVP140259.contig00033,591,592,97.635,1,591,1269,689,0.0,1007.0,1.0016920473773265
group_37076,JAJGNV010000039.1,462,462,89.61,1,462,1827,1366,1.26e-175,618.0,1.0
group_37078,JACVHI010000048.1,489,489,92.229,1,489,11,499,0.0,711.0,1.0
group_37080,NZ_JABCBN010000045,522,522,100.0,1,522,672,1193,0.0,942.0,1.0
group_37082,NZ_JABCIE010000026,468,454,79.295,3,456,7198,7650,9.2e-108,392.0,0.9700854700854701
group_37096,SRR11823751.contig00040,900,900,96.778,1,900,6145,5246,0.0,1493.0,1.0
group_3711,SPVP140260.contig00034,207,200,97.0,1,200,10983,11182,8.829999999999999e-91,334.0,0.966183574879227
group_37122,SRR13684777.contig00104,564,564,100.0,1,564,688,125,0.0,1018.0,1.0
group_37134,NZ_JACBSZ010000024,510,508,99.213,3,510,8151,8658,0.0,899.0,0.996078431372549
group_37137,VP15198.contig00025,486,486,97.119,1,486,1191,706,0.0,814.0,1.0
group_37141,SRR13684777.contig00052,603,585,74.53,19,603,16292,16876,6.22e-105,384.0,0.9701492537313433
group_37144,SPVP170098.contig00046,294,294,88.095,1,294,713,1006,5.2e-102,373.0,1.0
group_37145,NZ_JABCFE010000014,471,471,85.35,1,471,22216,22686,9.88e-152,539.0,1.0
group_37149,SRR18034811.contig00002,765,765,95.556,1,765,360145,360909,0.0,1227.0,1.0
group_37153,NZ_KK020590,615,617,90.113,1,614,6406,5790,0.0,828.0,1.0032520325203251
group_37154,SPVP150045.contig00042,381,368,94.022,2,369,25,392,5.66e-160,565.0,0.9658792650918635
group_37156,SPVP170162.contig00015,510,496,99.194,15,510,49174,49669,0.0,877.0,0.9725490196078431
group_3716,SPVP170049.contig00003,321,321,100.0,1,321,52126,51806,2.13e-164,580.0,1.0
group_37162,SRR17888663.contig00045,354,349,70.774,11,354,2389,2732,8.890000000000001e-37,157.0,0.9858757062146892
group_37164,NZ_JABCFE010000009,417,407,98.28,1,407,53435,53841,0.0,703.0,0.9760191846522782
group_37166,SRR11823751.contig00003,405,405,100.0,1,405,7323,7727,0.0,731.0,1.0
group_37176,JADQEE010000032.1,624,574,70.557,31,603,6258,6830,1.2499999999999998e-69,267.0,0.9198717948717948
group_372,AAXOXW010000028,4425,4425,98.78,1,4425,24216,28604,0.0,7765.0,1.0
group_37208,NZ_KK020590,633,633,98.894,1,633,8062,7430,0.0,1111.0,1.0
group_37210,VP07269.contig00005,357,357,100.0,1,357,2388,2032,0.0,645.0,1.0
group_37211,SPVP140259.contig00058,321,322,99.379,1,321,127,448,3.85e-161,569.0,1.0031152647975077
group_37222,VP06050.contig00007,462,462,96.32,1,462,262538,262999,0.0,757.0,1.0
group_37225,SRR11823751.contig00003,405,405,96.543,1,405,7323,7727,0.0,668.0,1.0
group_37228,NZ_JACBSZ010000024,471,471,94.48,1,471,2028,2498,0.0,733.0,1.0
group_3723,SPVP110054.contig00004,408,408,97.549,1,408,453098,453505,0.0,691.0,1.0
group_37232,SRR18609788.contig00044,1440,1440,90.278,1,1440,3698,2259,0.0,1966.0,1.0
group_37237,SPVP170146.contig00032,393,393,87.532,1,393,3768,3376,1.29e-136,489.0,1.0
group_37239,NZ_JABCFE010000015,612,612,97.876,1,612,7609,8220,0.0,1046.0,1.0
group_37251,SPVP140259.contig00023,150,144,97.917,7,150,385,528,2.4e-64,247.0,0.96
group_37252,SPVP140107.contig00021,258,258,99.612,1,258,2928,2671,1.13e-128,462.0,1.0
group_37258,NZ_JABCBN010000037,510,503,95.03,8,510,4355,4857,0.0,795.0,0.9862745098039216
group_37268,SPVP150085.contig00034,735,735,99.864,1,735,7551,8285,0.0,1322.0,1.0
group_37270,VP10022.contig00032,831,831,94.103,1,831,1491,2321,0.0,1278.0,1.0
group_37276,SPVP140090.contig00023,906,906,96.578,1,906,7650,8555,0.0,1495.0,1.0
group_37280,NZ_JABCIE010000006,366,364,97.802,3,366,249576,249213,8.030000000000001e-177,621.0,0.994535519125683
group_37282,SPVP170049.contig00035,339,339,95.575,1,339,1279,941,1.63e-153,545.0,1.0
group_37288,SPVP150045.contig00031,426,426,95.54,1,426,3700,3275,0.0,683.0,1.0
group_37290,SPVP170011.contig00021,483,483,96.273,1,483,3700,4182,0.0,791.0,1.0
group_37291,SRR11823751.contig00071,393,392,96.939,2,393,31,422,0.0,654.0,0.9974554707379135
group_37294,SPVP170146.contig00026,309,309,96.764,1,309,6371,6063,2.49e-144,513.0,1.0
group_37298,JADQEE010000002.1,360,360,98.056,1,360,415230,414871,9.609999999999999e-176,618.0,1.0
group_37305,SPVP140090.contig00024,528,528,94.318,1,528,7934,7407,0.0,818.0,1.0
group_37308,SPVP170098.contig00035,546,508,97.835,40,546,1916,2423,0.0,864.0,0.9304029304029304
group_37317,SRR11350400.contig00028,313,313,99.042,1,313,15645,15334,1.2300000000000001e-154,548.0,1.0
group_37318,VP15198.contig00022,471,462,73.16,1,462,1047,1508,1.79e-72,275.0,0.9808917197452229
group_37345,SPVP150169.contig00030,732,732,100.0,1,732,6320,7051,0.0,1321.0,1.0
group_37356,VP07003.contig00012,687,687,95.342,1,687,46906,47592,0.0,1095.0,1.0
group_3737,SPVP170102.contig00001,1110,1110,100.0,1,1110,431944,433053,0.0,2003.0,1.0
group_37376,DADYHI010000023,300,300,95.333,1,300,14884,14585,4.979999999999999e-134,479.0,1.0
group_37393,DADYHI010000023,774,774,96.641,1,774,2873,2100,0.0,1279.0,1.0
group_37397,SRR18763195.contig00022,357,357,96.359,1,357,10714,11070,5.63e-166,586.0,1.0
group_374,SPVP170162.contig00003,2259,2259,97.477,1,2259,302608,304866,0.0,3818.0,1.0
group_37402,NZ_MUXG01000023,426,426,94.366,1,426,11697,11272,0.0,661.0,1.0
group_37405,SRR11823746.contig00024,405,405,95.556,1,405,23156,23559,0.0,646.0,1.0
group_37406,VP10022.contig00035,375,375,98.4,1,375,1060,686,0.0,650.0,1.0
group_37407,SPVP150045.contig00023,225,225,92.0,1,225,4304,4080,5.04e-88,325.0,1.0
group_3742,SPVP170098.contig00036,177,177,98.305,1,177,1113,1286,1.5200000000000001e-80,300.0,1.0
group_37420,SRR18034811.contig00002,1002,1001,99.301,1,1000,341868,342868,0.0,1771.0,0.999001996007984
group_37423,SRR19641559.contig00034,372,343,97.668,31,372,645,303,2.5000000000000002e-164,580.0,0.9220430107526881
group_37425,SRR18034811.contig00001,411,411,95.134,1,411,789391,789801,0.0,652.0,1.0
group_37436,JACVHJ010000045.1,319,319,99.06,1,319,4411,4728,6.92e-158,559.0,1.0
group_37438,SRR18034811.contig00002,300,300,99.333,1,300,356729,357027,3.14e-149,529.0,1.0
group_37466,AAXNRW010000027,408,408,92.647,1,408,542,135,8.46e-171,601.0,1.0
group_37467,AAXOXW010000038,372,372,96.774,1,372,7101,7472,9.96e-176,618.0,1.0
group_37469,SRR4016801.contig00020,555,492,81.911,13,504,6712,7202,7.93e-135,483.0,0.8864864864864865
group_37475,SPVP170146.contig00043,300,300,97.333,1,300,2438,2139,3.5799999999999996e-142,506.0,1.0
group_3748,NZ_JABCBN010000001,1191,1191,96.138,1,1191,420172,421362,0.0,1941.0,1.0
group_3749,DADYHI010000007,444,444,100.0,1,444,148918,149361,0.0,801.0,1.0
group_37492,SPVP170098.contig00021,483,483,97.93,1,483,9298,8816,0.0,827.0,1.0
group_37495,SPVP150045.contig00018,570,570,99.123,1,570,16149,15580,0.0,1006.0,1.0
group_37508,VP06050.contig00028,450,392,71.939,1,391,3308,3698,2.54e-51,205.0,0.8711111111111111
group_3751,VP11139.contig00012,273,273,99.634,1,273,125360,125088,8.68e-137,489.0,1.0
group_37514,VP11139.contig00069,348,348,85.345,1,348,1657,1310,1.57e-109,398.0,1.0
group_37516,VP07003.contig00012,672,671,79.136,1,671,1702,2371,5.71e-163,576.0,0.9985119047619048
group_3752,NZ_JABCFE010000002,414,414,99.517,1,414,12382,12795,0.0,738.0,1.0
group_37521,VP10022.contig00054,483,461,92.625,23,483,2,462,0.0,679.0,0.9544513457556936
group_37533,SPVP150085.contig00032,708,708,94.35,1,708,12166,12873,0.0,1097.0,1.0
group_37549,NZ_JNSU02000023,558,558,100.0,1,558,4629,5186,0.0,1007.0,1.0
group_37557,NZ_NNHO01000050,273,273,91.941,1,273,3151,2879,1.4699999999999999e-108,394.0,1.0
group_37558,NZ_NNHO01000050,498,498,98.795,1,498,2882,2385,0.0,872.0,1.0
group_37560,NZ_JABCBH010000026,444,444,97.072,1,444,1142,1585,0.0,743.0,1.0
group_37561,NZ_JABCIE010000034,465,465,94.194,1,465,295,758,0.0,714.0,1.0
group_37562,SRR16324073.contig00026,573,573,95.986,1,573,156,728,0.0,930.0,1.0
group_37567,SPVP170102.contig00019,594,529,100.0,66,594,2864,2336,0.0,955.0,0.8905723905723906
group_37589,NZ_NNHO01000062,351,351,97.721,1,351,2896,2546,8.76e-170,598.0,1.0
group_3759,SPVP170098.contig00004,2007,2008,82.271,1,2007,2237,255,0.0,2022.0,1.0004982561036373
group_37616,SPVP170162.contig00024,270,263,94.297,8,270,6710,6448,2.3e-112,407.0,0.9740740740740741
group_3762,SPVP150139.contig00013,256,256,99.609,1,256,118010,118265,1.37e-127,458.0,1.0
group_37641,SPVP170146.contig00050,531,495,99.394,37,531,896,402,0.0,880.0,0.9322033898305084
group_37642,NZ_JABCBN010000070,351,351,100.0,1,351,1209,859,1.22e-180,634.0,1.0
group_37645,SPVP140285.contig00039,285,285,98.246,1,285,1724,2008,7.449999999999999e-138,492.0,1.0
group_37669,SPVP150085.contig00028,465,465,100.0,1,465,10478,10014,0.0,839.0,1.0
group_37678,SPVP140090.contig00020,276,275,91.636,1,275,8617,8885,1.49e-108,394.0,0.9963768115942029
group_37679,SPVP140212.contig00034,597,597,94.305,1,597,2604,3200,0.0,924.0,1.0
group_37681,VP11139.contig00028,391,440,88.864,1,391,7828,8267,4.47e-174,613.0,1.1253196930946292
group_37693,DADYHI010000023,333,333,93.393,1,333,9833,9501,4.89e-141,502.0,1.0
group_37694,VP11139.contig00012,414,415,80.964,1,414,123262,122849,1.2e-105,386.0,1.002415458937198
group_377,SPVP140285.contig00005,603,603,84.743,1,603,112329,112931,0.0,673.0,1.0
group_37703,VP07003.contig00012,432,432,94.907,1,432,23913,24344,0.0,681.0,1.0
group_37704,NZ_KK020599,327,328,95.732,1,327,1843,1516,4.2e-148,526.0,1.003058103975535
group_37707,VP11139.contig00030,339,329,72.644,11,339,5218,4896,1.44e-46,189.0,0.9705014749262537
group_37717,NZ_CP046785,360,360,95.833,1,360,2422117,2422476,6.92e-165,582.0,1.0
group_3776,DADYHI010000030,255,243,97.942,13,255,10282,10040,4.17e-115,416.0,0.9529411764705882
group_37795,SRR18762455.contig00018,447,447,97.763,1,447,933,1379,0.0,762.0,1.0
group_37798,ABDZFE010000025,909,909,82.398,1,909,8030,8938,0.0,919.0,1.0
group_378,SPVP140285.contig00005,657,657,92.237,1,657,109918,110574,0.0,956.0,1.0
group_37806,SPVP150045.contig00021,570,570,100.0,1,570,6265,5696,0.0,1029.0,1.0
group_37808,SRR11350400.contig00028,246,246,98.78,1,246,36986,36741,1.8199999999999998e-119,431.0,1.0
group_37810,SRR18609788.contig00056,399,391,96.419,1,391,2296,2686,0.0,643.0,0.9799498746867168
group_37815,SPVP140260.contig00008,840,810,91.852,31,840,7692,6883,0.0,1164.0,0.9642857142857143
group_37820,NZ_CP051100,516,517,88.781,1,516,3284362,3284878,0.0,668.0,1.001937984496124
group_37821,SRR11350400.contig00028,393,393,93.639,1,393,36101,35715,9.899999999999999e-170,598.0,1.0
group_37822,SPVP170102.contig00029,556,556,99.64,1,556,673,118,0.0,994.0,1.0
group_37823,SPVP170011.contig00026,474,474,100.0,1,474,2098,2571,0.0,856.0,1.0
group_37824,SRR18609788.contig00039,249,239,84.937,11,249,5603,5365,3.81e-71,269.0,0.9598393574297188
group_37826,NZ_NNKS01000326,282,282,93.617,1,282,3203,2922,7.37e-119,428.0,1.0
group_37828,SPVP150139.contig00008,792,791,73.578,2,792,288337,289127,3.29e-135,485.0,0.9987373737373737
group_37832,NZ_NNHO01000060,243,243,77.778,1,243,1986,2228,6.71e-49,196.0,1.0
group_37835,SPVP170146.contig00026,711,643,91.446,74,711,2733,2093,0.0,905.0,0.9043600562587905
group_37838,NZ_JABCIE010000024,345,337,92.582,2,338,1688,2024,7.55e-139,496.0,0.9768115942028985
group_37846,VP11139.contig00025,585,585,94.701,1,585,8864,8280,0.0,916.0,1.0
group_37852,SRR18763195.contig00023,408,408,90.686,1,408,12256,11849,6.09e-160,565.0,1.0
group_37853,NZ_MUXG01000026,315,315,96.825,1,315,6290,6604,1.4099999999999999e-147,524.0,1.0
group_37854,SPVP140285.contig00033,420,420,97.143,1,420,2263,2682,0.0,704.0,1.0
group_37855,NZ_JABCFE010000014,906,906,99.558,1,906,15597,16502,0.0,1617.0,1.0
group_37861,JACVHT010000003.1,339,339,89.676,1,339,153063,152725,2.2699999999999997e-126,454.0,1.0
group_37867,NZ_KK020589,480,472,98.517,9,480,678,207,0.0,820.0,0.9833333333333333
group_37873,NZ_NNKS01000326,603,569,97.891,35,603,2814,2246,0.0,973.0,0.9436152570480929
group_37929,NZ_JABCBH010000019,453,453,96.468,1,453,10718,11170,0.0,746.0,1.0
group_37931,SPVP170049.contig00035,636,536,98.694,1,535,720,185,0.0,932.0,0.8427672955974843
group_3795,SPVP170146.contig00004,1107,1107,99.91,1,1107,57784,58890,0.0,1993.0,1.0
group_37975,NZ_NNHO01000065,447,447,98.881,1,447,2183,1737,0.0,784.0,1.0
group_37978,SRR4016801.contig00008,534,511,93.738,26,534,46224,46733,0.0,772.0,0.9569288389513109
group_37984,SRR18034811.contig00002,606,607,99.012,1,606,404715,405321,0.0,1065.0,1.0016501650165017
group_37994,SPVP140107.contig00007,480,480,96.875,1,480,5831,6310,0.0,799.0,1.0
group_38,NZ_BAVK01000018,438,438,95.89,1,438,1154,1591,0.0,710.0,1.0
group_380,SPVP170146.contig00004,531,531,93.974,1,531,54922,55452,0.0,814.0,1.0
group_38000,NZ_CP046785,537,537,100.0,1,537,2451792,2452328,0.0,969.0,1.0
group_38001,NZ_LFYN01000150,426,426,97.887,1,426,1163,747,0.0,732.0,1.0
group_38003,NZ_JABCIE010000031,564,564,97.34,1,564,1380,817,0.0,950.0,1.0
group_38010,SPVP170102.contig00015,291,279,98.566,14,291,10764,10486,3.95e-135,482.0,0.9587628865979382
group_38024,JACVHI010000038.1,510,510,100.0,1,510,3299,3808,0.0,921.0,1.0
group_38025,VP11139.contig00057,1203,1203,99.418,1,1203,1604,402,0.0,2139.0,1.0
group_3804,SRR18763195.contig00001,1221,1221,99.59,1,1221,202087,203307,0.0,2180.0,1.0
group_38041,SPVP150085.contig00035,531,531,94.727,1,531,6958,6428,0.0,832.0,1.0
group_3809,VP11139.contig00071,843,844,99.645,1,843,683,1526,0.0,1506.0,1.0011862396204034
group_38095,NZ_JABCBN010000041,558,558,96.237,1,558,1217,1753,0.0,927.0,1.0
group_3810,SPVP110054.contig00022,324,324,100.0,1,324,31792,32115,5.06e-166,585.0,1.0
group_38108,SRR18034811.contig00005,396,386,99.223,1,384,397253,396868,0.0,681.0,0.9747474747474747
group_38124,VP07003.contig00012,393,393,95.929,1,393,75320,75712,0.0,637.0,1.0
group_38126,SPVP170098.contig00023,303,301,93.355,3,303,1491,1790,2.44e-125,450.0,0.9933993399339934
group_38127,SPVP150045.contig00018,864,867,67.359,1,864,18865,18003,5.02e-70,268.0,1.0034722222222223
group_3813,SPVP170011.contig00001,1245,1256,71.497,2,1245,109011,107768,1.4000000000000001e-167,592.0,1.0088353413654618
group_38131,NZ_JABCBN010000026,558,558,96.774,1,558,7951,8508,0.0,926.0,1.0
group_38132,NZ_CP046785,615,600,71.5,1,595,2433882,2434477,1.9500000000000002e-73,279.0,0.975609756097561
group_38137,NZ_NNHO01000052,609,609,96.223,1,609,871,263,0.0,995.0,1.0
group_38157,NZ_JABCFE010000009,561,457,98.906,105,561,31018,31474,0.0,802.0,0.8146167557932263
group_3816,SPVP150085.contig00001,1038,1038,88.728,1,1038,537772,536735,0.0,1345.0,1.0
group_38163,SPVP140090.contig00022,420,420,89.524,1,420,900,1319,2.67e-158,560.0,1.0
group_38165,SRR18034811.contig00002,294,294,91.837,1,294,344342,344635,3.28e-117,423.0,1.0
group_38172,SPVP150085.contig00033,378,378,97.354,1,378,11939,11562,0.0,637.0,1.0
group_38174,SRR19641559.contig00004,417,417,98.801,1,417,500917,501333,0.0,730.0,1.0
group_38175,SPVP170162.contig00020,864,864,95.486,1,864,6627,7490,0.0,1383.0,1.0
group_3819,NZ_CP051100,243,243,100.0,1,243,1951286,1951044,3.46e-122,439.0,1.0
group_382,JACVHI010000004.1,1470,1470,99.388,1,1470,63628,65094,0.0,2609.0,1.0
group_38201,SPVP170098.contig00003,498,498,98.996,1,498,1954,1457,0.0,876.0,1.0
group_38203,NZ_NNKS01000368,456,401,84.289,1,401,1220,1620,6.88e-122,440.0,0.8793859649122807
group_38204,SPVP140260.contig00062,396,396,78.03,1,396,811,1203,3.99e-86,321.0,1.0
group_38217,VP06050.contig00023,453,453,97.13,1,453,13987,14439,0.0,759.0,1.0
group_38224,VP06050.contig00023,513,512,69.727,1,512,19223,19734,3.11e-57,225.0,0.9980506822612085
group_38229,AAXOXW010000038,747,630,96.508,1,630,1560,2189,0.0,1038.0,0.8433734939759037
group_38230,VP07003.contig00012,507,507,98.422,1,507,84809,85309,0.0,880.0,1.0
group_38231,SPVP140260.contig00053,597,597,98.492,1,597,633,1229,0.0,1037.0,1.0
group_38245,NZ_JABCFE010000009,540,536,98.321,5,540,12860,13395,0.0,927.0,0.9925925925925926
group_38249,NZ_JABCBN010000025,885,886,98.307,1,885,5080,4195,0.0,1527.0,1.001129943502825
group_38252,SRR18763195.contig00022,483,473,75.687,11,483,7203,7675,2.24e-90,335.0,0.979296066252588
group_38262,NZ_MUXG01000027,714,716,89.246,1,714,4549,3837,0.0,936.0,1.0028011204481793
group_38265,SRR13684777.contig00032,453,451,98.226,3,453,848,1298,0.0,778.0,0.9955849889624724
group_38267,SPVP170049.contig00005,597,597,99.665,1,597,1106,1702,0.0,1068.0,1.0
group_38270,SPVP170162.contig00023,279,279,97.849,1,279,10485,10763,1.6e-133,477.0,1.0
group_38271,SPVP140107.contig00020,540,540,97.593,1,540,11483,12022,0.0,916.0,1.0
group_38275,SPVP170098.contig00081,381,381,94.751,1,381,513,133,9.57e-170,598.0,1.0
group_38278,NZ_JABCFE010000009,501,501,96.208,1,501,30416,30916,0.0,819.0,1.0
group_38279,NZ_JABCBN010000061,525,525,95.619,1,525,2239,1715,0.0,844.0,1.0
group_38283,VP07269.contig00005,555,469,98.507,1,469,3004,2536,0.0,815.0,0.8450450450450451
group_38288,NZ_BAVK01000028,537,452,71.903,78,529,2741,2296,3.49e-63,244.0,0.8417132216014898
group_38297,NZ_NNHO01000019,480,480,96.875,1,480,180317,179838,0.0,799.0,1.0
group_38332,SRR18762455.contig00002,645,645,100.0,1,645,279279,278635,0.0,1164.0,1.0
group_38339,SPVP150169.contig00030,564,564,100.0,1,564,1263,1826,0.0,1018.0,1.0
group_38343,SRR18034811.contig00002,810,811,96.054,1,810,342941,343749,0.0,1308.0,1.0012345679012347
group_38352,SPVP170011.contig00054,312,312,93.91,1,312,433,122,1.81e-133,478.0,1.0
group_38354,SRR18034811.contig00002,240,240,98.333,1,240,345057,344818,3.9e-115,416.0,1.0
group_38366,SPVP170162.contig00007,504,505,97.624,1,504,325460,325964,0.0,854.0,1.001984126984127
group_38370,AAXOXW010000038,525,525,96.0,1,525,1560,2084,0.0,853.0,1.0
group_38375,SRR4016801.contig00023,303,302,85.762,6,296,5362,5663,4.14e-97,357.0,0.9966996699669967
group_38376,SPVP170011.contig00018,342,344,74.419,1,342,8186,8524,1.55e-52,208.0,1.0058479532163742
group_38387,DADYHI010000023,357,356,99.719,2,357,17784,17429,0.0,638.0,0.9971988795518207
group_38393,AAXNRW010000019,456,456,98.026,1,456,9569,9114,0.0,783.0,1.0
group_38394,VP11139.contig00026,384,385,97.403,1,384,10071,9687,0.0,646.0,1.0026041666666667
group_38406,SPVP140090.contig00024,555,555,98.919,1,555,6693,6139,0.0,975.0,1.0
group_38421,NZ_JNSU02000023,588,589,99.491,1,588,138,726,0.0,1046.0,1.001700680272109
group_38422,NZ_JABCCB010000021,471,383,86.162,1,383,15701,15319,1.1300000000000001e-125,453.0,0.8131634819532909
group_38424,SPVP140259.contig00023,423,423,97.163,1,423,1741,1319,0.0,710.0,1.0
group_3843,VP06050.contig00005,816,816,96.936,1,816,216683,217498,0.0,1360.0,1.0
group_38435,VP07003.contig00029,429,439,97.267,1,429,8975,9413,0.0,743.0,1.0233100233100234
group_3845,SRR18609788.contig00013,903,893,97.872,1,893,80189,81081,0.0,1526.0,0.9889258028792912
group_38450,NZ_NNKS01000260,498,498,95.181,1,498,2700,2203,0.0,791.0,1.0
group_38466,VP06050.contig00018,849,848,96.108,1,848,66104,65257,0.0,1381.0,0.9988221436984688
group_38484,DADYHI010000037,651,651,93.395,1,651,7194,6544,0.0,981.0,1.0
group_38498,SPVP110054.contig00032,672,672,99.107,1,672,6043,6714,0.0,1186.0,1.0
group_3850,VP07269.contig00011,246,246,94.309,1,246,61597,61352,8.26e-105,381.0,1.0
group_38500,SRR18034811.contig00002,564,564,97.695,1,564,379793,380356,0.0,959.0,1.0
group_38502,NZ_JABCFE010000009,663,647,94.436,18,663,539,1185,0.0,1002.0,0.975867269984917
group_38515,NZ_NNKS01000267,426,419,75.418,6,419,4191,3778,6.84e-71,269.0,0.9835680751173709
group_38525,SPVP150045.contig00025,489,489,100.0,1,489,6567,6079,0.0,883.0,1.0
group_38531,SPVP150139.contig00027,313,313,98.722,1,313,2052,2363,1.49e-153,544.0,1.0
group_38538,SPVP140260.contig00033,351,351,93.447,1,351,13542,13892,3.73e-149,530.0,1.0
group_3854,NZ_JNSU02000015,786,786,99.746,1,786,91219,92004,0.0,1409.0,1.0
group_38552,VP15198.contig00031,999,999,96.597,1,999,3705,2707,0.0,1649.0,1.0
group_38555,NZ_JABCBN010000029,453,453,97.351,1,453,3601,3149,0.0,764.0,1.0
group_3856,SPVP150169.contig00006,603,603,99.668,1,603,4673,5275,0.0,1079.0,1.0
group_38562,SPVP150045.contig00018,426,426,94.601,1,426,7373,6948,0.0,665.0,1.0
group_38591,NZ_JABCBH010000019,555,551,90.926,1,550,23922,24470,0.0,758.0,0.9927927927927928
group_38599,NZ_JABCBH010000020,549,486,99.588,64,549,11061,10576,0.0,868.0,0.8852459016393442
group_38601,NZ_JABCBH010000020,342,342,97.661,1,342,10579,10238,6.54e-165,581.0,1.0
group_3861,ABDZFE010000020,513,513,95.517,1,513,34235,33723,0.0,822.0,1.0
group_38628,JADQEE010000039.1,717,654,91.896,64,717,3721,4372,0.0,939.0,0.9121338912133892
group_38654,VP11139.contig00036,732,733,97.135,1,732,1632,900,0.0,1224.0,1.0013661202185793
group_38660,SPVP140212.contig00034,597,597,94.975,1,597,2604,3200,0.0,942.0,1.0
group_38662,NZ_JABCFE010000016,375,375,96.8,1,375,6328,6702,2.36e-177,623.0,1.0
group_38667,SPVP150139.contig00027,324,324,96.914,1,324,13715,14038,1.89e-152,540.0,1.0
group_3868,JAJGNV010000004.1,555,547,76.782,8,554,201259,200716,1.18e-113,413.0,0.9855855855855856
group_38683,SPVP140260.contig00043,477,477,90.566,1,477,1242,766,0.0,658.0,1.0
group_38701,JADQEE010000028.1,537,538,93.866,1,537,19209,18676,0.0,809.0,1.0018621973929236
group_38717,NZ_NNHO01000057,399,399,96.742,1,399,1867,1472,0.0,655.0,1.0
group_38723,SRR18609788.contig00039,522,522,97.126,1,522,6267,6788,0.0,875.0,1.0
group_38736,SRR13684777.contig00032,459,450,77.778,1,450,5673,6122,1.53e-98,361.0,0.9803921568627451
group_38739,CP078611,615,566,92.756,2,567,47360,47925,0.0,853.0,0.9203252032520325
group_3874,VP15198.contig00008,498,477,99.79,1,477,211406,210930,0.0,856.0,0.9578313253012049
group_38741,SPVP150139.contig00027,954,852,92.371,85,936,2467,3317,0.0,1241.0,0.8930817610062893
group_38742,SPVP150169.contig00033,390,390,100.0,1,390,841,1230,0.0,704.0,1.0
group_38744,SPVP170102.contig00018,369,363,82.92,1,353,6470,6832,4.5e-104,380.0,0.983739837398374
group_38747,SRR13684777.contig00076,423,423,93.144,1,423,1407,1829,5.19e-180,633.0,1.0
group_38749,NZ_JNSU02000057,276,275,97.091,1,275,1960,1686,1.22e-128,461.0,0.9963768115942029
group_3876,SPVP150085.contig00049,465,465,99.785,1,465,2086,1622,0.0,835.0,1.0
group_3878,SPVP170049.contig00015,873,873,100.0,1,873,31675,30803,0.0,1575.0,1.0
group_38792,NZ_LFYN01000108,576,575,82.261,1,575,726,1300,1.3900000000000002e-163,578.0,0.9982638888888888
group_38794,AAXNRW010000034,501,434,97.235,68,501,1,433,0.0,726.0,0.8662674650698603
group_38811,SPVP150045.contig00030,549,549,78.506,1,549,2751,3299,8.94e-128,459.0,1.0
group_3883,SRR18034811.contig00002,1939,1939,98.298,1,1939,632863,630932,0.0,3351.0,1.0
group_38834,SPVP140090.contig00023,486,486,99.383,1,486,6113,6598,0.0,864.0,1.0
group_38849,SPVP150139.contig00025,687,687,86.608,1,687,17117,17803,0.0,825.0,1.0
group_38850,SPVP170011.contig00001,1089,1089,100.0,1,1089,289593,288505,0.0,1965.0,1.0
group_38851,SPVP170011.contig00001,1653,1653,100.0,1,1653,288508,286856,0.0,2982.0,1.0
group_38852,NZ_KK020587,333,333,96.396,1,333,7640,7308,1.31e-154,547.0,1.0
group_38946,SRR18034811.contig00002,486,483,98.758,1,482,409543,410025,0.0,841.0,0.9938271604938271
group_3896,SPVP140285.contig00005,768,761,91.59,1,761,122009,122769,0.0,1085.0,0.9908854166666666
group_38963,NZ_JABCBN010000029,459,460,99.783,1,459,4695,4236,0.0,822.0,1.0021786492374727
group_38964,JACVHI010000033.1,309,309,96.764,1,309,5011,4703,2.49e-144,513.0,1.0
group_3903,SRR19641559.contig00002,930,931,99.893,1,930,268752,267822,0.0,1672.0,1.0010752688172042
group_39042,NZ_CP051100,354,354,100.0,1,354,221522,221169,0.0,639.0,1.0
group_39052,VP10022.contig00018,474,474,98.101,1,474,11332,11796,0.0,819.0,1.0
group_39058,SPVP140090.contig00024,456,456,91.447,1,456,623,204,0.0,675.0,1.0
group_39067,JAJGNV010000069.1,393,394,71.574,1,393,521,129,9.32e-50,199.0,1.0025445292620865
group_39071,SRR11350400.contig00028,633,633,98.894,1,633,26527,25895,0.0,1111.0,1.0
group_3908,SRR16324073.contig00020,984,984,100.0,1,984,11349,10366,0.0,1775.0,1.0
group_39082,NZ_JABCBN010000039,576,522,98.659,1,522,4830,5351,0.0,911.0,0.90625
group_3910,AAXNRW010000003,816,816,97.672,1,816,178388,179203,0.0,1387.0,1.0
group_39109,SRR18609788.contig00038,249,249,96.787,1,249,7174,6926,1.42e-114,414.0,1.0
group_39115,NZ_MUXG01000027,555,554,91.697,3,555,8251,7699,0.0,785.0,0.9981981981981982
group_39150,SRR11350400.contig00037,546,546,95.421,1,546,2718,3263,0.0,873.0,1.0
group_39154,SPVP140090.contig00029,246,215,99.07,1,215,3986,3772,2.88e-104,379.0,0.8739837398373984
group_39158,SRR18609788.contig00055,846,846,93.853,1,846,2627,1782,0.0,1292.0,1.0
group_3916,ABDZFE010000002,825,809,97.899,1,809,376319,377127,0.0,1383.0,0.9806060606060606
group_3917,SRR18762455.contig00005,1248,1248,94.311,1,1247,185253,186500,0.0,1928.0,1.0
group_39176,SPVP170102.contig00015,150,150,99.333,1,150,947,1096,2.5600000000000002e-70,267.0,1.0
group_39181,NZ_JNSU02000050,468,468,100.0,1,468,2365,2832,0.0,845.0,1.0
group_39193,VP10022.contig00036,456,466,93.991,1,456,117,582,0.0,719.0,1.0219298245614035
group_39211,VP06050.contig00007,594,582,92.096,1,571,260129,260710,0.0,848.0,0.9797979797979798
group_39223,SRR18034811.contig00002,270,270,97.037,1,270,378805,379074,6.18e-126,452.0,1.0
group_39236,VP07003.contig00012,477,477,100.0,1,477,31982,32458,0.0,861.0,1.0
group_39241,SPVP140285.contig00023,519,519,78.42,1,519,9753,10271,1.1699999999999999e-119,432.0,1.0
group_39250,SRR11823751.contig00041,510,518,87.066,3,510,6700,6183,0.0,637.0,1.0156862745098039
group_39267,NZ_JABCBN010000091,450,450,73.556,1,450,567,118,1.7100000000000002e-72,276.0,1.0
group_39282,SRR18763195.contig00018,351,351,94.017,1,351,39562,39912,7.2e-152,539.0,1.0
group_39299,SRR11823751.contig00046,447,447,96.644,1,447,2436,2882,0.0,739.0,1.0
group_393,NZ_JABCIE010000019,2049,2049,94.436,1,2049,14962,17010,0.0,3182.0,1.0
group_39311,SPVP170162.contig00031,360,360,91.111,1,360,810,1169,4.37e-142,506.0,1.0
group_39321,SPVP140285.contig00023,558,558,90.681,1,558,22849,23406,0.0,773.0,1.0
group_39324,NZ_JABCBN010000061,525,525,96.952,1,525,2239,1715,0.0,875.0,1.0
group_39325,VP07003.contig00012,678,678,83.038,1,678,57681,58358,0.0,705.0,1.0
group_3936,NZ_KK020636,876,870,75.862,7,876,39120,39989,5.78e-177,623.0,0.9931506849315068
group_394,SPVP150169.contig00016,363,318,84.277,1,318,43279,43596,7.48e-95,349.0,0.8760330578512396
group_39412,SRR18762455.contig00002,540,540,98.704,1,540,316548,316009,0.0,943.0,1.0
group_39427,SRR11350400.contig00028,372,372,92.742,1,372,40794,40423,4.24e-155,550.0,1.0
group_39466,SPVP170049.contig00029,327,325,98.769,3,327,10443,10767,3.930000000000001e-161,569.0,0.9938837920489296
group_3947,VP07269.contig00005,306,306,99.346,1,306,78019,77714,1.46e-153,544.0,1.0
group_39481,JACVHJ010000008.1,606,606,100.0,1,606,181125,180520,0.0,1094.0,1.0
group_39482,SPVP150169.contig00027,702,617,92.707,86,702,1271,1887,0.0,911.0,0.8789173789173789
group_3950,NZ_MUXG01000015,1914,1914,99.948,1,1914,56612,58524,0.0,3444.0,1.0
group_39515,SPVP150085.contig00046,480,462,88.961,1,457,1298,837,2.88e-171,604.0,0.9625
group_39529,NZ_NNKS01000468,639,636,98.899,5,639,101,735,0.0,1109.0,0.9953051643192489
group_39538,ABDZFE010000002,1128,1126,96.359,3,1128,237850,236725,0.0,1847.0,0.99822695035461
group_39540,VP11139.contig00074,1053,1053,97.626,1,1053,24,1076,0.0,1787.0,1.0
group_39547,NZ_NNHO01000002,351,351,99.43,1,351,29834,29484,6.3e-178,625.0,1.0
group_39548,NZ_JABCBN010000001,600,601,99.667,1,600,414291,414891,0.0,1072.0,1.0016666666666667
group_39550,NZ_NNHO01000002,669,669,100.0,1,669,23163,22495,0.0,1207.0,1.0
group_39551,NZ_NNHO01000002,2496,2496,100.0,1,2496,25634,23139,0.0,4502.0,1.0
group_39552,NZ_NNHO01000002,285,285,98.596,1,285,29450,29166,1.75e-139,497.0,1.0
group_39556,DADYHI010000023,792,762,70.997,34,792,2840,2100,3.52e-103,378.0,0.9621212121212122
group_39557,SRR18762455.contig00004,639,639,99.061,1,639,49752,50390,0.0,1126.0,1.0
group_39574,SPVP140212.contig00031,348,348,94.54,1,348,2136,2483,5.85e-153,543.0,1.0
group_39583,VP10022.contig00028,348,348,82.759,1,348,682,1029,1.38e-97,358.0,1.0
group_39592,SPVP150139.contig00027,312,312,92.308,1,312,2052,2363,5.93e-127,455.0,1.0
group_39607,SRR11823751.contig00055,774,777,72.973,1,774,1258,2031,9.830000000000001e-123,443.0,1.003875968992248
group_39615,SPVP150169.contig00024,1377,1377,95.57,1,1377,6522,5146,0.0,2209.0,1.0
group_39624,NZ_JABCFE010000014,573,573,93.892,1,573,224,796,0.0,876.0,1.0
group_39625,NZ_JABCBN010000001,489,489,97.955,1,489,432697,433185,0.0,838.0,1.0
group_39631,SRR13684777.contig00003,396,336,76.786,1,336,105766,106101,1.39e-66,255.0,0.8484848484848485
group_39632,SPVP170102.contig00001,357,357,94.958,1,357,758188,758544,1.84e-159,563.0,1.0
group_39633,SRR13684777.contig00003,372,360,97.778,1,360,106131,106490,1.21e-174,614.0,0.967741935483871
group_3967,NZ_MUXG01000015,327,327,99.694,1,327,10809,11135,5.11e-166,586.0,1.0
group_39675,NZ_MUXG01000032,714,698,99.57,17,714,3430,2733,0.0,1246.0,0.9775910364145658
group_3969,JACVHI010000018.1,255,255,99.608,1,255,6596,6850,4.76e-127,456.0,1.0
group_39738,VP15198.contig00029,129,128,76.562,1,128,289,162,2.29e-19,96.9,0.9922480620155039
group_39766,AAXNRW010000020,1827,1827,97.154,1,1827,2083,3909,0.0,3061.0,1.0
group_3981,VP11139.contig00061,318,318,100.0,1,318,1722,1405,8.970000000000001e-163,574.0,1.0
group_39811,NZ_JACBSZ010000001,144,143,79.72,1,143,356752,356610,1.54e-28,128.0,0.9930555555555556
group_39822,JACVHI010000036.1,795,795,100.0,1,795,5495,4701,0.0,1434.0,1.0
group_39867,DADYHI010000036,504,507,74.753,1,504,4473,3970,2.34e-90,334.0,1.005952380952381
group_39914,NZ_LFYN01000126,639,639,81.534,1,639,749,111,1.4499999999999999e-176,621.0,1.0
group_39915,SPVP150085.contig00033,396,397,78.338,1,396,8463,8068,1.14e-86,322.0,1.0025252525252526
group_39928,VP11139.contig00054,669,668,71.557,2,669,2358,3019,1.43e-94,350.0,0.9985052316890882
group_39943,SPVP170162.contig00007,573,573,93.019,1,573,318052,318585,0.0,884.0,1.0
group_39951,SPVP140259.contig00016,387,381,95.538,7,387,32480,32100,1.5400000000000001e-173,611.0,0.9844961240310077
group_39963,VP07003.contig00012,711,710,93.662,3,711,16990,17696,0.0,1073.0,0.9985935302390999
group_39965,NZ_CP046785,438,438,87.9,1,438,2441027,2441464,1.45e-155,552.0,1.0
group_39979,JADQEE010000028.1,393,393,93.384,1,393,19432,19824,4.21e-168,592.0,1.0
group_39997,NZ_JABCFE010000009,1071,1071,99.066,1,1071,70572,71639,0.0,1885.0,1.0
group_40,AAXOXW010000029,705,705,95.177,1,705,2827,2129,0.0,1120.0,1.0
group_40011,NZ_JNSU02000023,900,900,97.0,1,900,741,1639,0.0,1498.0,1.0
group_4006,SPVP170162.contig00003,1734,1751,70.645,1,1734,299576,301309,0.0,786.0,1.0098039215686274
group_4007,JACVHI010000002.1,654,655,99.389,1,654,391601,392255,0.0,1160.0,1.0015290519877675
group_40082,SPVP140212.contig00032,705,705,86.809,1,705,139,843,0.0,853.0,1.0
group_40085,VP06050.contig00001,594,554,77.256,1,554,479196,479749,1.3499999999999999e-119,432.0,0.9326599326599326
group_4009,JACVHI010000018.1,534,534,100.0,1,534,5563,5030,0.0,964.0,1.0
group_40090,SPVP150085.contig00003,552,552,96.558,1,552,780,232,0.0,909.0,1.0
group_40091,SPVP150169.contig00027,567,551,96.733,1,549,18447,18997,0.0,911.0,0.9717813051146384
group_4010,JACVHI010000018.1,498,498,100.0,1,498,3315,3812,0.0,899.0,1.0
group_4011,SRR18609788.contig00010,651,651,98.003,1,651,140691,140041,0.0,1116.0,1.0
group_40126,NZ_LFYN01000047,456,457,90.591,1,456,45732,46180,8.36e-178,626.0,1.0021929824561404
group_40127,NZ_LFYN01000047,1380,1383,84.165,1,1380,46177,47556,0.0,1499.0,1.0021739130434784
group_40148,SRR19641559.contig00022,636,634,93.218,4,636,3432,2799,0.0,947.0,0.9968553459119497
group_40155,JADQEE010000028.1,870,763,95.151,1,763,5897,6659,0.0,1210.0,0.8770114942528736
group_40161,SPVP140259.contig00037,564,564,95.39,1,564,3659,3096,0.0,901.0,1.0
group_40167,JACVHI010000031.1,795,792,96.843,1,792,5844,6634,0.0,1313.0,0.9962264150943396
group_40180,NZ_JACBSZ010000025,558,500,98.0,60,558,5867,5368,0.0,854.0,0.8960573476702509
group_40181,JADQEE010000029.1,615,594,84.848,22,615,5755,5164,0.0,659.0,0.9658536585365853
group_40184,SPVP140107.contig00021,444,444,94.82,1,444,4703,4260,0.0,698.0,1.0
group_40185,JACVHJ010000050.1,597,597,100.0,1,597,6236,6832,0.0,1077.0,1.0
group_40187,SPVP170049.contig00028,297,286,91.608,1,286,6850,7135,7.31e-113,408.0,0.9629629629629629
group_40189,SPVP170098.contig00005,1824,1806,77.187,22,1824,62766,60971,0.0,1394.0,0.9901315789473685
group_40190,VP07269.contig00023,522,522,98.276,1,522,19317,18796,0.0,902.0,1.0
group_4020,SPVP170146.contig00026,288,288,94.792,1,288,683,396,6.609999999999999e-126,453.0,1.0
group_40223,SPVP170102.contig00015,150,150,98.0,1,150,947,1096,1.33e-67,258.0,1.0
group_4023,SPVP140285.contig00010,141,141,100.0,1,141,209444,209304,4.33e-67,255.0,1.0
group_40230,VP11139.contig00025,321,321,96.885,1,321,4484,4164,7.95e-151,535.0,1.0
group_4024,SPVP110054.contig00015,1410,1410,99.787,1,1410,34573,33164,0.0,2530.0,1.0
group_40249,SRR18034811.contig00002,393,393,96.692,1,393,352329,352721,0.0,651.0,1.0
group_4025,VP11139.contig00002,528,528,97.159,1,528,337440,336913,0.0,885.0,1.0
group_40251,JACVHI010000021.1,1785,1784,96.244,1,1784,45001,43218,0.0,2916.0,0.9994397759103641
group_40259,VP06050.contig00028,573,569,96.661,1,569,127,695,0.0,941.0,0.9930191972076788
group_4026,NZ_JABCCB010000005,903,903,100.0,1,903,162922,162020,0.0,1629.0,1.0
group_40261,JACVHI010000028.1,543,542,94.834,1,542,2955,2414,0.0,852.0,0.998158379373849
group_4027,SRR11823751.contig00002,759,759,95.916,1,759,248303,249061,0.0,1230.0,1.0
group_40292,SRR11823751.contig00003,390,390,98.718,1,390,11333,11722,0.0,682.0,1.0
group_40296,NZ_NNEL01000057,471,471,99.788,1,471,3804,3334,0.0,846.0,1.0
group_40301,JACVHJ010000048.1,813,798,83.333,1,798,2304,1507,0.0,840.0,0.981549815498155
group_40306,JAJGNV010000020.1,360,360,94.444,1,360,1828,2187,2.26e-158,560.0,1.0
group_40309,SPVP170049.contig00030,483,483,100.0,1,483,4811,4329,0.0,872.0,1.0
group_40310,NZ_NNKS01000199,930,930,94.194,1,930,4523,5452,0.0,1434.0,1.0
group_40337,SRR18609788.contig00011,828,810,70.864,1,803,3577,4379,3.6900000000000004e-103,379.0,0.9782608695652174
group_40356,NZ_CP051100,477,477,100.0,1,477,3317658,3317182,0.0,861.0,1.0
group_404,SPVP140107.contig00013,1275,1276,88.871,1,1275,61924,60650,0.0,1654.0,1.0007843137254901
group_40411,NZ_NNKS01000199,930,930,93.441,1,930,4523,5452,0.0,1403.0,1.0
group_40414,NZ_JAFLNR010000010,1041,1041,99.712,1,1041,17514,18554,0.0,1865.0,1.0
group_40415,NZ_JABCFE010000009,474,474,94.093,1,474,38042,38515,0.0,729.0,1.0
group_40419,SPVP150139.contig00017,1620,1577,98.732,44,1620,59313,57737,0.0,2755.0,0.9734567901234568
group_40422,NZ_JABCFE010000020,555,555,93.874,1,555,2708,3262,0.0,848.0,1.0
group_40423,NZ_CP046785,903,822,74.818,55,870,2721654,2720834,3.77e-154,547.0,0.9102990033222591
group_4044,SRR16324073.contig00003,840,840,99.762,1,840,306014,305175,0.0,1507.0,1.0
group_40443,VP11139.contig00058,777,777,99.871,1,777,2039,2815,0.0,1397.0,1.0
group_4045,JACVHJ010000010.1,834,775,97.161,60,834,139477,140251,0.0,1299.0,0.9292565947242206
group_40499,VP07269.contig00001,1545,1545,100.0,1,1545,27733,29277,0.0,2787.0,1.0
group_40516,AAXOXW010000076,288,280,90.714,1,278,23,301,9.82e-105,382.0,0.9722222222222222
group_4052,SPVP140285.contig00005,456,455,89.231,1,455,111724,112178,3.33e-170,600.0,0.9978070175438597
group_40523,AAXNRW010000019,372,371,97.305,2,372,6520,6150,6.71e-178,625.0,0.9973118279569892
group_40546,SPVP170011.contig00028,354,354,89.548,1,354,181,534,8.86e-132,472.0,1.0
group_40567,NZ_LFYN01000087,771,771,92.607,1,771,11703,12448,0.0,1148.0,1.0
group_40568,ABDZFE010000002,264,264,90.909,1,264,211469,211732,5.65e-101,369.0,1.0
group_40570,AAXOXW010000039,561,558,93.548,5,561,7410,6856,0.0,835.0,0.9946524064171123
group_40589,VP07269.contig00009,612,612,80.882,1,612,785,1396,5.170000000000001e-163,577.0,1.0
group_40594,NZ_JAFLNR010000022,768,768,88.151,1,768,69384,68617,0.0,976.0,1.0
group_40603,SPVP170098.contig00062,678,679,98.38,1,678,805,127,0.0,1172.0,1.0014749262536873
group_40611,NZ_JNSU02000068,447,395,68.354,1,392,6677,6286,5.55e-28,128.0,0.883668903803132
group_40657,DADYHI010000013,618,609,79.31,1,608,88661,89269,2.38e-148,527.0,0.9854368932038835
group_4066,SPVP150169.contig00009,1149,1149,95.474,1,1149,8796,7648,0.0,1838.0,1.0
group_40665,SPVP140090.contig00021,414,414,98.068,1,414,5880,5467,0.0,711.0,1.0
group_4069,SPVP170146.contig00004,963,963,98.339,1,963,73576,74538,0.0,1665.0,1.0
group_4070,NZ_JAFLNR010000001,1002,1002,100.0,1,1002,439169,440170,0.0,1808.0,1.0
group_4074,JADQEE010000005.1,348,348,97.989,1,348,223513,223166,3.03e-169,597.0,1.0
group_40746,NZ_JABCCB010000039,336,336,91.369,1,336,583,248,6.87e-133,476.0,1.0
group_4075,JACVHJ010000026.1,429,429,100.0,1,429,55958,56386,0.0,774.0,1.0
group_40753,JACVHI010000062.1,225,225,99.556,1,225,404,180,7.97e-111,402.0,1.0
group_4076,AAXOXW010000025,1398,1398,100.0,1,1398,5777,7174,0.0,2522.0,1.0
group_40765,SPVP170011.contig00024,291,291,99.313,1,291,5339,5629,1.91e-145,517.0,1.0
group_40770,NZ_NNKS01000344,432,432,100.0,1,432,343,774,0.0,780.0,1.0
group_40771,NZ_NNHO01000050,324,333,72.673,1,324,3855,4178,4.4699999999999995e-40,167.0,1.0277777777777777
group_40779,JACVHI010000076.1,408,408,90.441,1,408,536,129,2.59e-158,561.0,1.0
group_40788,SPVP140285.contig00023,375,400,93.5,1,375,6717,7116,2.36e-177,623.0,1.0666666666666667
group_40789,NZ_CP046785,615,588,83.844,33,615,2458319,2458902,7.709999999999999e-180,632.0,0.9560975609756097
group_40791,SPVP140090.contig00046,474,474,99.789,1,474,566,93,0.0,851.0,1.0
group_40804,VP07003.contig00029,501,501,96.208,1,501,10222,10722,0.0,819.0,1.0
group_40806,NZ_NNEL01000072,429,429,99.767,1,429,596,168,0.0,770.0,1.0
group_40812,SPVP140285.contig00021,507,506,99.407,2,507,22987,23491,0.0,896.0,0.9980276134122288
group_40813,NZ_BAVK01000039,309,309,100.0,1,309,1205,1513,6.68e-158,558.0,1.0
group_40814,SPVP150045.contig00025,351,353,97.45,1,351,2766,2414,1.07e-168,594.0,1.0056980056980056
group_40817,SRR18762455.contig00033,627,627,99.841,1,627,30,656,0.0,1127.0,1.0
group_40818,SPVP170011.contig00056,357,357,100.0,1,357,44,400,0.0,645.0,1.0
group_40820,SPVP170011.contig00028,282,282,100.0,1,282,1828,2109,2.74e-143,509.0,1.0
group_40824,NZ_JABCBN010000050,693,693,100.0,1,693,3628,2936,0.0,1251.0,1.0
group_40832,SRR18762455.contig00018,915,922,68.113,1,915,9262,10170,2.12e-81,306.0,1.0076502732240438
group_40833,NZ_NNHO01000056,498,433,100.0,1,433,433,1,0.0,782.0,0.8694779116465864
group_40836,SPVP170162.contig00020,393,393,100.0,1,393,12316,12708,0.0,710.0,1.0
group_40837,SPVP170162.contig00031,606,606,99.67,1,606,1343,1948,0.0,1085.0,1.0
group_40838,VP07003.contig00012,315,315,99.365,1,315,4695,5009,1.95e-158,560.0,1.0
group_40839,SPVP170011.contig00046,414,424,96.462,3,414,696,273,0.0,704.0,1.0241545893719808
group_4084,ABDZFE010000030,210,210,100.0,1,210,361,152,2.4099999999999997e-104,379.0,1.0
group_40842,CP078611,360,360,100.0,1,360,143134,143493,1.17e-174,614.0,1.0
group_40843,AAXNRW010000033,756,756,99.471,1,756,636,1391,0.0,1346.0,1.0
group_40846,SPVP170102.contig00006,375,375,100.0,1,375,139,513,0.0,677.0,1.0
group_40847,SPVP140090.contig00025,417,417,99.52,1,417,6492,6076,0.0,744.0,1.0
group_40848,NZ_CP046785,690,690,100.0,1,690,2413807,2414496,0.0,1245.0,1.0
group_40849,NZ_NNHO01000050,366,366,100.0,1,366,8775,9140,0.0,661.0,1.0
group_40855,SPVP150085.contig00003,225,219,75.799,1,219,1286,1068,5.39e-37,157.0,0.9733333333333334
group_40856,SPVP170011.contig00020,360,360,99.722,1,360,1139,780,0.0,645.0,1.0
group_40857,NZ_JABCIE010000025,234,234,98.718,1,234,1794,2027,5.62e-113,409.0,1.0
group_40858,VP07003.contig00012,606,579,95.855,28,606,79966,80544,0.0,937.0,0.9554455445544554
group_40860,SPVP170102.contig00015,93,93,97.849,1,93,25934,26026,1.48e-38,159.0,1.0
group_40862,VP06050.contig00023,636,636,100.0,1,636,6631,7266,0.0,1148.0,1.0
group_40863,NZ_JABCBH010000021,306,306,95.752,1,306,12980,12675,2.3099999999999998e-138,494.0,1.0
group_40868,SRR18762455.contig00019,366,366,97.268,1,366,12137,12502,3.42e-175,616.0,1.0
group_40869,SPVP140260.contig00008,696,696,98.42,1,696,5502,4807,0.0,1206.0,1.0
group_4087,JACVHT010000003.1,426,426,99.296,1,426,137389,136966,0.0,753.0,1.0
group_40870,SPVP150045.contig00003,429,429,99.767,1,429,556688,557116,0.0,770.0,1.0
group_40873,JACVHJ010000037.1,201,201,99.502,1,201,31052,30852,7.48e-98,359.0,1.0
group_40874,SPVP140260.contig00041,201,201,99.502,1,201,457,257,7.48e-98,359.0,1.0
group_40876,DADYHI010000023,414,414,100.0,1,414,25840,25427,0.0,747.0,1.0
group_40877,SPVP150045.contig00028,270,270,97.037,1,270,2647,2916,6.18e-126,452.0,1.0
group_40880,SPVP140260.contig00032,315,315,94.921,1,315,1926,2240,1.96e-139,497.0,1.0
group_40883,SPVP170049.contig00008,339,340,96.176,1,339,1295,956,1.1e-155,552.0,1.0029498525073746
group_40885,NZ_JNSU02000053,372,372,100.0,1,372,5770,5399,0.0,672.0,1.0
group_40893,VP15198.contig00028,627,622,94.212,7,627,873,253,0.0,953.0,0.9920255183413078
group_40895,NZ_MUXG01000026,369,369,99.729,1,369,9749,10117,0.0,662.0,1.0
group_40897,SPVP170146.contig00045,243,243,99.588,1,243,714,956,1.47e-120,434.0,1.0
group_40899,SPVP140259.contig00016,231,231,100.0,1,231,11774,11544,1.07e-115,417.0,1.0
group_40901,SPVP140212.contig00035,453,453,100.0,1,453,686,234,0.0,818.0,1.0
group_40910,VP07269.contig00027,531,531,100.0,1,531,19458,18928,0.0,958.0,1.0
group_40917,VP10022.contig00026,738,735,69.796,9,729,11296,10572,2.07e-80,302.0,0.9959349593495935
group_40921,SPVP170162.contig00022,462,462,99.351,1,462,6521,6982,0.0,820.0,1.0
group_40922,NZ_JABCCB010000020,324,324,98.765,1,324,13861,13538,1.3600000000000001e-160,567.0,1.0
group_40929,JADQEE010000028.1,225,225,90.222,1,225,17282,17506,1.35e-82,307.0,1.0
group_40937,SPVP140090.contig00024,393,393,95.674,1,393,8474,8082,4.8e-180,633.0,1.0
group_40941,VP07003.contig00012,318,318,90.566,1,318,9324,9641,4.6500000000000003e-122,439.0,1.0
group_40948,SPVP150085.contig00079,264,264,97.348,1,264,409,146,8.94e-124,445.0,1.0
group_40957,SPVP170162.contig00020,720,720,99.583,1,720,12846,13565,0.0,1286.0,1.0
group_40959,SPVP140285.contig00027,384,384,98.958,1,384,5568,5188,0.0,673.0,1.0
group_40960,JADQEE010000005.1,1495,1495,99.933,1,1495,274647,273154,0.0,2689.0,1.0
group_40964,SPVP140260.contig00088,303,303,99.67,1,303,439,137,5.03e-153,543.0,1.0
group_40965,SPVP170102.contig00003,312,312,98.397,1,312,2487,2176,1.81e-152,541.0,1.0
group_40966,VP15198.contig00002,235,235,99.149,1,235,549196,549428,5.65e-113,408.0,1.0
group_40968,SPVP170049.contig00027,462,399,99.749,1,399,18655,18257,0.0,716.0,0.8636363636363636
group_40969,NZ_JABCIE010000024,435,428,94.626,10,435,3780,4207,0.0,662.0,0.9839080459770115
group_40971,SRR11823746.contig00028,291,291,100.0,1,291,10599,10889,3.69e-148,526.0,1.0
group_40972,AAXOXW010000072,603,603,99.834,1,603,722,120,0.0,1084.0,1.0
group_40973,SPVP150045.contig00018,774,734,95.777,41,774,25007,24274,0.0,1185.0,0.9483204134366925
group_40974,SPVP140212.contig00023,411,411,98.297,1,411,3056,3466,0.0,710.0,1.0
group_40975,SRR18763195.contig00022,378,378,98.677,1,378,5218,5595,0.0,660.0,1.0
group_40976,SPVP170146.contig00036,363,363,99.725,1,363,243,605,0.0,651.0,1.0
group_40977,SPVP170162.contig00015,705,705,100.0,1,705,223,927,0.0,1272.0,1.0
group_40978,SPVP140212.contig00022,600,579,98.618,1,578,1780,2358,0.0,1005.0,0.965
group_40980,SPVP150085.contig00041,285,285,99.649,1,285,3980,4264,2.78e-143,510.0,1.0
group_40981,SPVP170162.contig00022,469,469,100.0,1,469,9144,9612,0.0,847.0,1.0
group_40982,SRR18609788.contig00001,342,342,97.368,1,342,725035,725376,2.7800000000000004e-163,577.0,1.0
group_40984,SPVP140285.contig00029,354,355,99.437,1,354,3206,2852,5.220000000000001e-179,628.0,1.002824858757062
group_40985,SRR13684777.contig00067,909,909,95.38,1,909,1105,197,0.0,1451.0,1.0
group_40986,NZ_JABCCB010000031,510,510,100.0,1,510,1234,725,0.0,921.0,1.0
group_40988,SPVP170146.contig00051,612,612,97.386,1,612,3720,3109,0.0,1032.0,1.0
group_40991,SPVP150045.contig00030,396,326,99.387,71,396,1690,2015,2.6800000000000003e-164,580.0,0.8232323232323232
group_40992,JACVHJ010000060.1,1737,1729,79.641,9,1735,1726,3453,0.0,1521.0,0.9953943580886586
group_40993,SPVP140259.contig00016,447,447,99.329,1,447,31441,30996,0.0,790.0,1.0
group_40994,VP10022.contig00004,435,408,85.294,28,435,334731,335138,4.7e-130,466.0,0.9379310344827586
group_40997,SPVP170102.contig00021,630,630,99.048,1,630,3821,3198,0.0,1111.0,1.0
group_40998,ABDZFE010000029,264,264,95.076,1,264,5932,6195,1.2399999999999998e-115,418.0,1.0
group_40999,SRR17888663.contig00010,351,350,86.286,1,350,112121,112470,5.9199999999999995e-115,416.0,0.9971509971509972
group_410,VP07269.contig00025,552,552,95.109,1,552,7958,8509,0.0,875.0,1.0
group_41000,SRR18034811.contig00002,609,609,99.179,1,609,239788,239180,0.0,1076.0,1.0
group_41001,SPVP150045.contig00031,537,472,99.788,66,537,3155,2684,0.0,847.0,0.8789571694599627
group_41002,NZ_LFYN01000027,570,568,96.303,3,570,1500,933,0.0,930.0,0.9964912280701754
group_41004,SRR18034811.contig00002,555,562,98.754,1,555,382248,382809,0.0,985.0,1.0126126126126127
group_41005,SPVP170049.contig00008,360,372,95.161,1,360,1812,1441,3.83e-168,592.0,1.0333333333333334
group_41006,JACVHJ010000037.1,552,553,99.638,1,552,10907,10355,0.0,985.0,1.0018115942028984
group_41009,SPVP170049.contig00008,309,309,98.058,1,309,4472,4164,9.29e-150,531.0,1.0
group_4101,SPVP140212.contig00001,339,339,96.46,1,339,540534,540196,7.4e-158,558.0,1.0
group_41010,AAXOXW010000037,609,614,94.625,2,609,4839,4233,0.0,944.0,1.0082101806239738
group_41011,NZ_NNHO01000060,381,381,98.425,1,381,1409,1789,0.0,661.0,1.0
group_41012,JACVHJ010000044.1,321,321,99.688,1,321,3997,3677,9.06e-163,575.0,1.0
group_41013,VP11139.contig00040,345,345,93.333,1,345,2220,1876,6.61e-146,519.0,1.0
group_41014,SPVP140260.contig00032,406,406,99.261,1,406,19712,20117,0.0,719.0,1.0
group_41015,SPVP140285.contig00008,972,972,99.486,1,972,166280,165309,0.0,1731.0,1.0
group_41016,SPVP170102.contig00003,408,408,99.755,1,408,10682,10275,0.0,732.0,1.0
group_41017,SPVP170049.contig00027,480,480,100.0,1,480,10307,9828,0.0,866.0,1.0
group_41018,VP15198.contig00022,450,450,100.0,1,450,6837,7286,0.0,812.0,1.0
group_41019,VP07003.contig00030,354,354,100.0,1,354,1700,1347,0.0,639.0,1.0
group_41020,SPVP140260.contig00051,459,468,95.085,1,457,686,1153,0.0,746.0,1.0196078431372548
group_41021,SRR17888663.contig00041,264,264,100.0,1,264,5377,5640,1.51e-133,477.0,1.0
group_41022,NZ_LFYN01000148,396,378,72.487,1,374,545,171,2.69e-50,202.0,0.9545454545454546
group_41023,SRR11823751.contig00001,465,438,98.174,28,465,713470,713907,0.0,755.0,0.9419354838709677
group_41024,SPVP170162.contig00022,462,462,99.784,1,462,10445,10906,0.0,829.0,1.0
group_41025,NZ_KK020587,591,591,96.447,1,591,4792,5382,0.0,972.0,1.0
group_41026,SRR18034811.contig00002,489,471,81.741,19,489,325089,325559,6.490000000000001e-129,462.0,0.9631901840490797
group_41027,SPVP170011.contig00019,471,471,92.781,1,471,4792,4322,0.0,697.0,1.0
group_41028,SRR11823751.contig00003,453,452,99.336,1,452,10123,10573,0.0,799.0,0.9977924944812362
group_41030,SRR18034811.contig00002,483,483,90.683,1,482,371804,372286,0.0,665.0,1.0
group_41031,NZ_JABCFE010000014,240,240,96.25,1,240,19285,19524,4.4399999999999996e-108,393.0,1.0
group_41032,SPVP170102.contig00016,417,417,98.321,1,417,7815,8231,0.0,721.0,1.0
group_41033,SPVP170011.contig00009,537,539,96.846,1,537,131,669,0.0,893.0,1.0037243947858474
group_41034,VP07269.contig00027,417,418,97.847,1,417,641,224,0.0,710.0,1.0023980815347722
group_41035,SRR18763195.contig00022,501,482,99.793,1,482,1923,2404,0.0,866.0,0.9620758483033932
group_41036,JACVHI010000088.1,342,343,98.251,1,342,388,46,4.4100000000000006e-167,589.0,1.0029239766081872
group_41037,SPVP170011.contig00023,300,300,95.0,1,300,5000,5299,2.1200000000000002e-132,474.0,1.0
group_41038,NZ_JABCBN010000036,462,370,89.189,100,462,517,149,2.28e-134,481.0,0.8008658008658008
group_41039,AAXOXW010000038,348,348,97.701,1,348,3822,4168,4.49e-167,589.0,1.0
group_41040,NZ_NNKS01000282,405,405,90.37,1,405,2293,1889,1.0900000000000001e-156,555.0,1.0
group_41041,SRR18034811.contig00002,606,543,79.558,64,606,396311,396853,1.06e-133,480.0,0.8960396039603961
group_41042,NZ_MUXG01000028,651,641,95.008,15,651,7987,7349,0.0,1000.0,0.9846390168970814
group_41043,SPVP140260.contig00005,408,408,96.324,1,408,291658,292065,0.0,669.0,1.0
group_41045,DADYHI010000023,549,548,98.54,1,546,17236,16689,0.0,950.0,0.9981785063752276
group_41046,SPVP140107.contig00025,426,426,97.183,1,426,647,222,0.0,715.0,1.0
group_41047,VP15198.contig00008,447,447,99.776,1,447,218435,217989,0.0,802.0,1.0
group_41051,VP10022.contig00023,429,411,99.513,19,429,8247,8657,0.0,733.0,0.958041958041958
group_41052,SRR11350400.contig00032,423,413,93.22,1,413,4818,5229,3.99e-175,616.0,0.9763593380614657
group_41054,SRR18609788.contig00080,519,498,97.791,22,519,738,241,0.0,849.0,0.9595375722543352
group_41056,SPVP140212.contig00025,213,223,92.377,1,213,408,186,1.11e-89,331.0,1.0469483568075117
group_41057,JAJGNV010000042.1,348,348,93.966,1,348,547,200,3.0299999999999997e-150,534.0,1.0
group_41059,VP10022.contig00023,252,251,87.251,2,252,25268,25518,4.4e-83,309.0,0.996031746031746
group_41060,SPVP140259.contig00089,462,462,87.662,2,462,28,489,4.69e-162,573.0,1.0
group_41063,NZ_NNHO01000062,702,702,98.575,1,702,2503,1803,0.0,1218.0,1.0
group_4110,SPVP150169.contig00016,1635,1637,77.092,1,1634,39630,41260,0.0,1257.0,1.001223241590214
group_4111,SPVP110054.contig00015,258,258,99.225,1,258,14718,14461,1.38e-127,457.0,1.0
group_4112,SPVP140285.contig00010,780,780,100.0,1,780,116612,115833,0.0,1407.0,1.0
group_4113,SPVP110054.contig00015,435,435,99.08,1,435,13851,13417,0.0,767.0,1.0
group_4115,SRR18034811.contig00002,498,498,92.169,1,498,398135,398632,0.0,723.0,1.0
group_4124,SPVP110054.contig00015,123,123,99.187,1,123,37126,37004,9.16e-56,218.0,1.0
group_4125,SPVP150085.contig00003,1737,1432,68.156,215,1641,142417,140991,9.58e-140,500.0,0.8244099021301093
group_4136,SPVP170146.contig00004,945,945,99.788,1,945,35611,36555,0.0,1696.0,1.0
group_4137,VP07269.contig00014,1236,1236,99.919,1,1236,103155,101920,0.0,2225.0,1.0
group_4142,SRR17888663.contig00002,1212,1105,68.326,94,1190,212560,213656,3.02e-106,389.0,0.9117161716171617
group_4143,NZ_JABCCB010000015,600,591,65.821,2,582,8358,7772,3.92e-25,119.0,0.985
group_4147,AAXNRW010000003,390,390,96.667,1,390,164623,164246,0.0,652.0,1.0
group_4151,SRR18034811.contig00004,1326,1326,98.115,1,1326,38331,37018,0.0,2286.0,1.0
group_4155,JACVHI010000023.1,726,726,94.766,1,726,38542,39267,0.0,1139.0,1.0
group_4161,SPVP170098.contig00003,165,165,95.758,1,165,504550,504714,2.88e-70,267.0,1.0
group_4169,SPVP140260.contig00027,174,174,97.701,1,174,14635,14808,1.81e-79,297.0,1.0
group_417,SRR4016801.contig00001,1023,1024,99.609,1,1023,771406,772429,0.0,1826.0,1.0009775171065494
group_4171,SPVP150045.contig00004,636,636,98.27,1,636,345614,346249,0.0,1098.0,1.0
group_4181,NZ_JABCCB010000027,519,519,99.229,1,519,7194,6677,0.0,915.0,1.0
group_4186,SRR18609788.contig00006,261,228,91.228,1,227,246885,247112,8.84e-86,318.0,0.8735632183908046
group_4187,NZ_MUXG01000004,540,545,77.615,1,540,435100,435639,9.39e-115,416.0,1.0092592592592593
group_4196,NZ_MUXG01000007,513,513,96.686,1,513,323925,323413,0.0,849.0,1.0
group_4197,SRR4016801.contig00002,180,175,96.571,1,175,275526,275700,2.8e-77,289.0,0.9722222222222222
group_4212,SPVP140285.contig00005,198,198,94.444,1,198,122775,122969,4.07e-82,306.0,1.0
group_4220,DADYHI010000032,549,549,100.0,1,549,4809,4261,0.0,991.0,1.0
group_4223,DADYHI010000030,576,576,99.132,1,576,2477,3052,0.0,1017.0,1.0
group_4224,SRR18034811.contig00008,783,783,98.084,1,783,202504,201722,0.0,1345.0,1.0
group_423,SRR11823746.contig00001,315,315,99.683,1,315,132012,132326,1.6e-159,564.0,1.0
group_4230,VP11139.contig00011,253,253,99.209,1,253,39709,39458,8.520000000000001e-124,444.0,1.0
group_4232,VP11139.contig00011,591,591,98.816,1,591,49691,50281,0.0,1035.0,1.0
group_4235,SPVP170098.contig00007,2805,2814,90.192,1,2805,3463,680,0.0,3853.0,1.0032085561497326
group_4237,SPVP170011.contig00001,669,669,100.0,1,669,107763,107095,0.0,1207.0,1.0
group_4240,SRR18034811.contig00008,651,651,82.949,1,651,225107,224460,0.0,673.0,1.0
group_4242,JAJGNV010000003.1,888,898,98.664,1,888,243162,244059,0.0,1571.0,1.0112612612612613
group_4249,SPVP170011.contig00006,300,300,99.667,1,300,81030,80732,2.5699999999999997e-150,534.0,1.0
group_4254,NZ_JNSU02000048,699,699,96.423,1,699,131394,130696,0.0,1149.0,1.0
group_426,VP11139.contig00004,252,252,100.0,1,252,391468,391719,4.69e-127,455.0,1.0
group_4263,VP15198.contig00004,1311,1311,93.364,1,1311,424476,423166,0.0,1973.0,1.0
group_4270,SPVP170102.contig00001,1758,1761,87.053,1,1758,746920,745172,0.0,2126.0,1.0017064846416381
group_4280,SPVP140212.contig00001,1086,1086,98.158,1,1086,541636,540551,0.0,1869.0,1.0
group_4281,SPVP140285.contig00010,282,282,99.291,1,282,5134,4853,1.42e-140,500.0,1.0
group_4289,NZ_JAFLNR010000012,279,269,95.539,2,270,126267,125999,5.98e-120,432.0,0.96415770609319
group_4290,NZ_JAFLNR010000012,444,444,100.0,1,444,127704,128147,0.0,801.0,1.0
group_4293,NZ_MUXG01000019,213,213,100.0,1,213,14350,14562,5.76e-106,385.0,1.0
group_4303,NZ_MUXG01000015,1560,1560,99.936,1,1560,75791,77349,0.0,2806.0,1.0
group_4307,SPVP170049.contig00024,828,828,97.585,1,828,11369,10542,0.0,1404.0,1.0
group_432,DADYHI010000001,591,591,95.431,1,591,788005,787415,0.0,945.0,1.0
group_4324,DADYHI010000030,1140,1140,98.947,1,1140,13360,14499,0.0,2003.0,1.0
group_4332,SRR18762455.contig00002,1800,1800,98.611,1,1800,366808,365027,0.0,3146.0,1.0
group_4334,VP07003.contig00001,372,372,100.0,1,372,363290,362919,0.0,672.0,1.0
group_4335,SRR19641559.contig00004,510,510,98.235,1,510,465768,466277,0.0,880.0,1.0
group_4342,VP06050.contig00018,1158,1158,99.568,1,1158,53250,52093,0.0,2067.0,1.0
group_435,NZ_CP051099,516,516,99.419,1,516,1586691,1586176,0.0,918.0,1.0
group_4355,SPVP140107.contig00002,894,894,100.0,1,894,634453,635346,0.0,1613.0,1.0
group_4357,NZ_LFYN01000093,1569,1470,76.463,63,1526,37119,35659,0.0,1083.0,0.9369024856596558
group_4374,SPVP140090.contig00003,1257,1257,93.158,1,1257,189607,190863,0.0,1880.0,1.0
group_4375,SRR19641559.contig00004,423,423,98.345,1,423,440920,441342,0.0,732.0,1.0
group_4380,VP07269.contig00025,1002,1002,99.9,1,1002,5782,6783,0.0,1803.0,1.0
group_4381,VP11139.contig00002,1674,1674,99.642,1,1674,344913,346580,0.0,2993.0,1.0
group_4383,DADYHI010000002,750,674,68.843,1,665,408828,408170,1.42e-63,246.0,0.8986666666666666
group_4384,SRR11823746.contig00009,1299,1302,99.693,1,1299,139614,140915,0.0,2324.0,1.002309468822171
group_4385,VP11139.contig00011,672,672,99.851,1,672,32125,31454,0.0,1208.0,1.0
group_439,NZ_JACBSZ010000006,399,328,88.415,1,328,338578,338902,5.58e-116,419.0,0.8220551378446115
group_4395,AAXOXW010000010,921,921,94.571,1,921,4059,3139,0.0,1436.0,1.0
group_4396,SPVP140285.contig00010,849,849,90.224,1,849,3778,2942,0.0,1164.0,1.0
group_4398,SPVP170146.contig00010,597,597,99.665,1,597,176175,176771,0.0,1068.0,1.0
group_44,SPVP140285.contig00006,2631,2631,99.392,1,2631,209299,206675,0.0,4674.0,1.0
group_440,SRR18034811.contig00006,951,951,90.957,1,951,357581,356631,0.0,1328.0,1.0
group_4401,NZ_JACBSZ010000012,942,942,99.788,1,942,154943,154002,0.0,1691.0,1.0
group_441,SRR11823751.contig00004,4260,4260,97.512,1,4260,104161,99902,0.0,7205.0,1.0
group_4412,SRR13684777.contig00032,2382,2382,92.233,1,2382,15565,17946,0.0,3462.0,1.0
group_4413,SPVP140285.contig00010,483,483,99.172,1,483,176784,176302,0.0,854.0,1.0
group_4414,SRR13684777.contig00007,268,268,100.0,1,268,120232,119965,1.04e-135,484.0,1.0
group_442,SPVP170146.contig00003,231,231,93.506,1,231,35804,36034,4.55e-95,350.0,1.0
group_4429,NZ_JABCBN010000001,690,689,94.485,2,690,419159,419847,0.0,1072.0,0.9985507246376811
group_443,SPVP140260.contig00018,348,348,100.0,1,348,111365,111018,5.12e-179,628.0,1.0
group_4431,SRR16324073.contig00011,1185,1185,97.3,1,1185,93355,92195,0.0,2011.0,1.0
group_4433,SPVP170102.contig00006,273,273,99.634,1,273,1943,2215,8.68e-137,489.0,1.0
group_4434,SRR13684777.contig00058,768,768,100.0,1,768,1774,1007,0.0,1386.0,1.0
group_4439,SPVP150085.contig00003,558,558,93.728,1,558,146395,145838,0.0,849.0,1.0
group_4447,NZ_JABCCB010000015,3363,3363,100.0,1,3363,24504,21142,0.0,6066.0,1.0
group_4450,SPVP150169.contig00001,160,160,95.0,1,160,705589,705431,2.13e-65,250.0,1.0
group_4454,JAJGNV010000002.1,651,651,95.545,1,651,234375,233725,0.0,1044.0,1.0
group_4459,VP11139.contig00012,324,298,98.658,27,324,389,92,1.7699999999999999e-146,520.0,0.9197530864197531
group_4464,SPVP140285.contig00009,624,541,88.909,90,624,94079,93539,0.0,707.0,0.8669871794871795
group_4470,DADYHI010000008,2721,2732,70.059,1,2721,69861,67162,0.0,1220.0,1.00404263138552
group_4472,JAJGNV010000003.1,1002,1002,98.503,1,1002,245068,244067,0.0,1740.0,1.0
group_4474,SRR19641559.contig00004,279,279,100.0,1,279,436780,437058,1.15e-141,504.0,1.0
group_4478,VP07269.contig00005,261,261,98.851,1,261,72431,72171,1.4e-127,458.0,1.0
group_4483,SPVP110054.contig00015,1080,1080,99.815,1,1080,29182,28103,0.0,1939.0,1.0
group_4498,SPVP140285.contig00001,465,465,100.0,1,465,76370,75906,0.0,839.0,1.0
group_4504,ABDZFE010000001,1383,1383,100.0,1,1383,167671,169053,0.0,2495.0,1.0
group_4505,ABDZFE010000001,843,843,97.628,1,843,166612,165770,0.0,1431.0,1.0
group_4512,NZ_JABCCB010000007,591,591,100.0,1,591,180940,181530,0.0,1067.0,1.0
group_4516,SRR18609788.contig00008,1461,1461,100.0,1,1461,67892,69352,0.0,2636.0,1.0
group_4517,SRR13684777.contig00001,519,519,100.0,1,519,238857,239375,0.0,937.0,1.0
group_452,VP11139.contig00036,687,687,98.253,1,687,1586,900,0.0,1186.0,1.0
group_4524,SRR18763195.contig00004,429,429,99.068,1,429,385508,385080,0.0,756.0,1.0
group_4525,NZ_JABCCB010000021,531,531,100.0,1,531,5057,4527,0.0,958.0,1.0
group_4526,SRR19641559.contig00004,1191,1191,98.992,1,1191,425203,424013,0.0,2094.0,1.0
group_4535,SPVP140212.contig00001,420,420,99.762,1,420,158263,158682,0.0,754.0,1.0
group_4538,VP07269.contig00016,234,234,100.0,1,234,87295,87062,2.55e-117,423.0,1.0
group_4543,VP07269.contig00005,273,273,98.901,1,273,76496,76224,4.4999999999999995e-134,480.0,1.0
group_4568,SPVP150139.contig00008,1878,1878,88.072,1,1878,28429,26555,0.0,2376.0,1.0
group_457,NZ_KK020636,771,617,74.392,33,649,37140,37756,3.0000000000000004e-110,401.0,0.8002594033722439
group_4575,VP07003.contig00028,243,200,74.5,17,216,9221,9022,2.3400000000000002e-29,132.0,0.823045267489712
group_458,SPVP170162.contig00001,201,201,95.025,1,201,292925,293125,6.56e-86,318.0,1.0
group_4580,SPVP140212.contig00001,744,744,99.462,1,744,159675,160418,0.0,1324.0,1.0
group_4596,SPVP140090.contig00003,177,177,87.571,1,177,189431,189607,1.17e-56,221.0,1.0
group_4597,SPVP170162.contig00007,393,393,100.0,1,393,112510,112902,0.0,710.0,1.0
group_4604,SRR18609788.contig00008,237,237,97.046,1,237,65780,66016,3.6e-109,397.0,1.0
group_4606,NZ_JAFLNR010000007,570,571,99.124,1,570,173218,173784,0.0,990.0,1.0017543859649123
group_4611,SRR18609788.contig00006,348,288,83.681,61,348,245233,245520,2.1899999999999997e-82,308.0,0.8275862068965517
group_4613,SPVP110054.contig00013,804,804,97.139,1,804,84992,84210,0.0,1361.0,1.0
group_4616,SPVP140107.contig00001,567,567,100.0,1,567,724481,723915,0.0,1023.0,1.0
group_4624,SPVP150139.contig00007,201,201,96.02,1,201,774,974,1.27e-88,327.0,1.0
group_463,AAXNRW010000003,252,252,100.0,1,252,161984,161733,4.69e-127,455.0,1.0
group_4633,NZ_KK020603,450,421,77.197,1,421,97522,97108,3.76e-87,324.0,0.9355555555555556
group_4636,JACVHT010000023.1,258,226,97.788,1,226,8800,8575,7.16e-106,386.0,0.875968992248062
group_4637,AAXOXW010000034,294,308,95.455,1,294,5455,5762,1.49e-140,501.0,1.0476190476190477
group_4643,VP10022.contig00002,1566,1503,98.337,1,1503,40294,41796,0.0,2599.0,0.9597701149425287
group_4644,DADYHI010000007,537,537,100.0,1,537,42467,43003,0.0,969.0,1.0
group_4648,SPVP150139.contig00005,864,864,76.968,1,864,347687,346824,0.0,662.0,1.0
group_4650,SPVP170049.contig00005,1440,1440,99.722,1,1440,123410,121972,0.0,2576.0,1.0
group_4652,NZ_JABCBH010000019,1608,1461,69.541,73,1531,4240,5697,1.6e-174,616.0,0.9085820895522388
group_4657,SPVP140259.contig00003,879,879,90.899,1,879,680284,681162,0.0,1225.0,1.0
group_4658,VP07269.contig00008,717,717,100.0,1,717,42575,43291,0.0,1294.0,1.0
group_466,SRR18763195.contig00002,1263,1263,99.921,1,1263,8667,9929,0.0,2274.0,1.0
group_4662,VP06050.contig00005,588,589,93.039,1,588,184077,183489,0.0,875.0,1.001700680272109
group_4670,SPVP110054.contig00015,267,267,99.625,1,267,62928,62662,1.53e-133,478.0,1.0
group_4673,SPVP170102.contig00001,663,663,93.816,1,663,282647,283309,0.0,1012.0,1.0
group_4677,SRR18609788.contig00006,210,201,75.124,1,199,272144,272344,1.63e-30,135.0,0.9571428571428572
group_4681,SPVP170049.contig00001,3486,3511,68.499,1,3486,707823,704341,0.0,1232.0,1.0071715433161217
group_4683,SPVP110054.contig00001,522,522,96.743,1,522,295055,295570,0.0,866.0,1.0
group_4685,NZ_JABCBN010000003,1752,1752,100.0,1,1752,219101,220852,0.0,3160.0,1.0
group_4697,SRR13684777.contig00058,1752,1752,99.772,1,1752,7018,5267,0.0,3142.0,1.0
group_4698,SPVP170098.contig00004,1875,1878,79.18,1,1875,4103,2230,0.0,1608.0,1.0016
group_4701,SPVP170102.contig00006,414,415,91.807,1,414,6108,6522,4.45e-168,592.0,1.002415458937198
group_4708,SRR18762455.contig00002,693,671,83.458,23,693,409973,409306,0.0,709.0,0.9682539682539683
group_4712,SPVP110054.contig00015,1584,1584,98.99,1,1584,9343,7760,0.0,2785.0,1.0
group_4724,ABDZFE010000020,1275,1275,100.0,1,1275,10773,9499,0.0,2300.0,1.0
group_4731,SPVP170102.contig00002,222,222,100.0,1,222,217539,217318,7.85e-111,401.0,1.0
group_4732,NZ_MUXG01000003,3186,3186,99.121,1,3186,36636,39800,0.0,5635.0,1.0
group_4742,SPVP150085.contig00004,381,381,92.388,1,381,80104,79753,8.97e-164,579.0,1.0
group_4744,NZ_LFYN01000107,1065,1065,98.967,1,1065,16967,18021,0.0,1876.0,1.0
group_4759,JACVHJ010000031.1,492,492,98.984,1,492,2424,1933,0.0,866.0,1.0
group_476,AAXNRW010000006,819,817,91.065,1,817,14589,13779,0.0,1146.0,0.9975579975579976
group_4762,SRR18762455.contig00002,1416,1416,97.528,1,1416,356081,354667,0.0,2393.0,1.0
group_4766,NZ_NNHO01000002,825,825,100.0,1,825,13457,12633,0.0,1489.0,1.0
group_4768,NZ_JABCBH010000007,312,312,100.0,1,312,59139,58828,1.59e-159,563.0,1.0
group_4776,SRR11823746.contig00004,1542,1541,95.717,1,1541,582642,581102,0.0,2482.0,0.9993514915693904
group_4781,VP07269.contig00002,888,888,100.0,1,888,540674,539787,0.0,1602.0,1.0
group_4784,SRR18034811.contig00001,252,252,100.0,1,252,777317,777568,4.69e-127,455.0,1.0
group_4790,SRR19641559.contig00004,504,504,99.603,1,504,438585,439088,0.0,901.0,1.0
group_4791,VP15198.contig00004,2283,2283,91.94,1,2283,426759,424477,0.0,3288.0,1.0
group_4799,SPVP140090.contig00003,867,867,99.539,1,867,372154,371291,0.0,1544.0,1.0
group_4802,SPVP170049.contig00003,528,528,98.674,1,528,81603,82130,0.0,921.0,1.0
group_4805,NZ_MUXG01000019,204,202,96.04,3,204,19773,19974,3.69e-89,329.0,0.9901960784313726
group_4809,NZ_LFYN01000077,1827,1833,83.688,1,1827,18488,16662,0.0,1960.0,1.0032840722495895
group_4810,DADYHI010000029,555,555,100.0,1,555,2699,3253,0.0,1002.0,1.0
group_4813,SRR18034811.contig00008,684,684,95.175,1,684,217718,217035,0.0,1086.0,1.0
group_4814,SRR18034811.contig00008,309,309,96.44,1,309,218765,218457,1.06e-142,508.0,1.0
group_4818,SRR18762455.contig00010,696,699,93.133,1,696,114663,115358,0.0,1041.0,1.0043103448275863
group_482,NZ_MUXG01000019,525,525,100.0,1,525,20380,20904,0.0,948.0,1.0
group_4820,NZ_JAFLNR010000004,1065,1065,99.906,1,1065,121037,119973,0.0,1917.0,1.0
group_4825,SPVP140212.contig00001,690,691,99.711,1,690,199020,199710,0.0,1234.0,1.0014492753623188
group_4828,AAXNRW010000004,579,579,99.482,1,579,52684,52106,0.0,1031.0,1.0
group_4829,SPVP110054.contig00015,942,942,99.894,1,942,74109,73168,0.0,1695.0,1.0
group_483,NZ_JAFLNR010000009,261,261,94.253,1,261,98054,98314,2.7e-111,404.0,1.0
group_4830,SPVP140212.contig00002,903,901,96.559,1,901,524914,525814,0.0,1486.0,0.9977851605758582
group_4831,SRR11823751.contig00003,417,417,93.285,1,417,16819,16403,2.18e-178,627.0,1.0
group_4834,SPVP110054.contig00015,1347,1347,99.703,1,1347,48509,47163,0.0,2412.0,1.0
group_4835,SPVP110054.contig00015,936,936,99.786,1,936,46826,45891,0.0,1680.0,1.0
group_4840,VP11139.contig00006,304,304,99.013,1,304,207334,207636,9.12e-150,532.0,1.0
group_4845,NZ_MUXG01000019,363,363,100.0,1,363,15200,15562,0.0,655.0,1.0
group_4847,SPVP140285.contig00005,201,202,84.653,1,201,95953,96153,1.65e-55,218.0,1.0049751243781095
group_4849,SRR18762455.contig00002,564,563,99.467,1,563,375211,375773,0.0,1003.0,0.99822695035461
group_485,SPVP110054.contig00011,945,945,93.228,1,945,11408,10464,0.0,1416.0,1.0
group_4856,SRR18034811.contig00008,711,711,97.046,1,711,201406,200696,0.0,1188.0,1.0
group_4857,SRR18034811.contig00008,363,363,97.796,1,363,200367,200005,2.78e-176,619.0,1.0
group_4858,SRR18034811.contig00008,690,690,100.0,1,690,209568,208879,0.0,1245.0,1.0
group_486,SRR11823751.contig00003,3267,3266,91.764,2,3267,20773,17508,0.0,4678.0,0.9996939087848179
group_4860,SPVP110054.contig00015,288,288,100.0,1,288,42550,42263,1.55e-146,520.0,1.0
group_4861,SRR18762455.contig00013,447,442,86.199,6,447,18198,18639,7.18e-147,523.0,0.9888143176733781
group_4863,VP06050.contig00001,165,165,92.727,1,165,500529,500687,9.41e-64,245.0,1.0
group_4871,ABDZFE010000021,2772,2779,74.415,1,2771,33501,36259,0.0,1773.0,1.0025252525252526
group_4873,VP07269.contig00005,285,285,98.596,1,285,73656,73372,1.75e-139,497.0,1.0
group_488,SPVP170049.contig00007,297,297,98.99,1,297,219791,220087,4.6e-147,523.0,1.0
group_4895,SPVP170162.contig00006,918,918,98.257,1,918,294302,293385,0.0,1584.0,1.0
group_4897,SRR11823746.contig00001,252,252,98.413,1,252,202189,201938,1.26e-121,437.0,1.0
group_4898,SRR11823751.contig00003,900,858,95.105,1,858,25923,25066,0.0,1359.0,0.9533333333333334
group_4901,SRR19641559.contig00002,1728,1728,100.0,1,1728,247369,245642,0.0,3117.0,1.0
group_4903,NZ_CP051100,1971,1964,83.096,1,1964,784614,782651,0.0,2046.0,0.9964485032978183
group_4908,NZ_JABCBN010000001,3768,3768,96.789,1,3768,689869,693636,0.0,6250.0,1.0
group_4912,NZ_JABCCB010000015,900,900,100.0,1,900,21126,20227,0.0,1624.0,1.0
group_4914,JAJGNV010000002.1,2277,2277,96.926,1,2277,233626,231350,0.0,3791.0,1.0
group_4917,SPVP140107.contig00002,1005,1015,80.394,1,1005,752522,751527,0.0,920.0,1.0099502487562189
group_4930,NZ_MUXG01000015,408,408,98.775,1,408,24927,25334,0.0,714.0,1.0
group_4934,SPVP140090.contig00007,345,298,97.651,48,345,29560,29263,4.1699999999999996e-142,507.0,0.863768115942029
group_4935,VP07269.contig00012,561,561,97.504,1,561,33418,32858,0.0,949.0,1.0
group_4937,DADYHI010000002,588,589,82.683,1,588,410425,411012,5.3e-169,596.0,1.001700680272109
group_4944,JAJGNV010000003.1,1722,1722,98.432,1,1722,246829,245108,0.0,2984.0,1.0
group_4946,NZ_JABCFE010000017,846,846,95.981,1,846,1813,2658,0.0,1373.0,1.0
group_4949,SPVP150139.contig00009,282,282,98.582,1,282,39715,39434,7.359999999999999e-138,491.0,1.0
group_4967,NZ_MUXG01000004,648,648,100.0,1,648,434604,433957,0.0,1169.0,1.0
group_4970,VP15198.contig00015,315,315,97.46,1,315,91229,91542,7.79e-151,535.0,1.0
group_4971,VP07269.contig00005,150,150,98.667,1,150,77706,77557,3.1199999999999996e-69,262.0,1.0
group_4974,SPVP170011.contig00002,831,831,98.917,1,831,542102,542932,0.0,1459.0,1.0
group_4975,NZ_JABCBH010000019,1293,1271,91.345,16,1286,14105,15375,0.0,1797.0,0.982985305491106
group_4976,SPVP150085.contig00029,1002,1002,91.816,1,1002,10675,11643,0.0,1459.0,1.0
group_4979,VP07269.contig00002,378,378,97.884,1,378,561394,561771,0.0,646.0,1.0
group_4981,VP07003.contig00001,186,186,98.387,1,186,263786,263601,4.92e-87,323.0,1.0
group_4991,SPVP150045.contig00007,2319,2319,99.957,1,2319,262101,264419,0.0,4178.0,1.0
group_4999,SRR18609788.contig00010,378,372,91.398,7,378,134191,134562,1.41e-148,527.0,0.9841269841269841
group_5011,SPVP170098.contig00004,1596,1597,88.103,1,1596,5695,4100,0.0,2017.0,1.00062656641604
group_5014,VP07269.contig00002,627,627,99.362,1,627,526146,526769,0.0,1112.0,1.0
group_5015,SRR18034811.contig00003,678,679,86.009,1,678,403498,404176,0.0,793.0,1.0014749262536873
group_5016,SRR18762455.contig00002,996,996,99.9,1,996,407475,406480,0.0,1792.0,1.0
group_5019,SRR18763195.contig00004,654,654,98.471,1,654,434124,434777,0.0,1135.0,1.0
group_5032,SPVP170098.contig00001,2064,2064,98.692,1,2064,277117,279165,0.0,3610.0,1.0
group_505,VP07269.contig00002,300,300,97.667,1,300,562351,562650,2.94e-143,510.0,1.0
group_5051,SPVP110054.contig00015,561,561,99.822,1,561,2259,1699,0.0,1008.0,1.0
group_5054,SPVP110054.contig00015,195,195,100.0,1,195,15005,14811,3.07e-96,352.0,1.0
group_5059,NZ_KK020625,222,222,100.0,1,222,164240,164461,7.85e-111,401.0,1.0
group_5067,SRR18609788.contig00010,495,496,79.839,1,495,133714,134206,7.500000000000001e-122,439.0,1.002020202020202
group_5068,SRR16324073.contig00008,630,633,87.836,1,630,57439,56813,0.0,794.0,1.0047619047619047
group_5072,NZ_JNSU02000012,588,588,99.66,1,588,4413,5000,0.0,1052.0,1.0
group_5076,NZ_NNHO01000002,1242,1242,100.0,1,1242,10787,9546,0.0,2241.0,1.0
group_5078,ABDZFE010000021,453,453,83.223,1,453,32673,33125,9.48e-133,475.0,1.0
group_5083,SPVP140212.contig00002,405,405,98.519,1,405,514104,513700,0.0,704.0,1.0
group_5087,SPVP110054.contig00015,243,243,98.765,1,243,21976,21734,7.6300000000000005e-118,425.0,1.0
group_5088,NZ_MUXG01000015,435,435,100.0,1,435,62583,62149,0.0,785.0,1.0
group_5093,SPVP140285.contig00010,870,875,76.571,1,870,116815,117685,0.0,649.0,1.0057471264367817
group_5098,SPVP140260.contig00008,192,192,100.0,1,192,75001,74810,1.28e-94,347.0,1.0
group_5101,SPVP140107.contig00002,540,540,98.519,1,540,751421,750882,0.0,939.0,1.0
group_5102,SRR11823751.contig00029,651,651,100.0,1,651,10968,11618,0.0,1175.0,1.0
group_5123,SRR18034811.contig00007,3237,3222,93.296,1,3222,274888,278109,0.0,4837.0,0.995366079703429
group_5124,SRR4016801.contig00002,1332,1332,100.0,1,1332,258316,256985,0.0,2403.0,1.0
group_5134,SRR16324073.contig00006,192,192,100.0,1,192,316590,316781,1.28e-94,347.0,1.0
group_5139,JACVHI010000016.1,1875,1875,100.0,1,1875,81442,83316,0.0,3382.0,1.0
group_5140,SRR18762455.contig00002,954,954,86.688,1,954,117265,116312,0.0,1149.0,1.0
group_5148,SPVP170049.contig00018,444,444,93.018,1,444,10014,10451,0.0,663.0,1.0
group_5149,SRR18762455.contig00001,594,594,97.306,1,594,933699,934292,0.0,1000.0,1.0
group_5154,VP15198.contig00005,1353,1353,96.009,1,1353,3905,2553,0.0,2197.0,1.0
group_516,SPVP150085.contig00021,432,432,97.222,1,432,12442,12011,0.0,726.0,1.0
group_5163,NZ_NNHO01000019,192,184,92.935,1,184,119660,119843,2.32e-72,274.0,0.9583333333333334
group_5164,SPVP170102.contig00002,609,609,91.626,1,609,119184,119741,0.0,911.0,1.0
group_5167,NZ_NNHO01000002,1272,1272,100.0,1,1272,9549,8278,0.0,2295.0,1.0
group_5168,NZ_NNHO01000002,903,903,100.0,1,903,8276,7374,0.0,1629.0,1.0
group_5176,JAJGNV010000002.1,591,591,79.019,1,591,229240,228653,7.41e-142,506.0,1.0
group_5180,JACVHI010000002.1,234,234,85.043,1,234,405973,405752,1.02e-71,271.0,1.0
group_5190,SPVP110054.contig00015,318,318,100.0,1,318,74563,74246,8.970000000000001e-163,574.0,1.0
group_5202,SPVP170049.contig00018,444,437,91.076,8,444,10510,10946,5.12e-174,613.0,0.9842342342342343
group_5203,NZ_KK020603,768,768,95.573,1,768,96760,95993,0.0,1232.0,1.0
group_5204,SRR18762455.contig00013,543,543,93.37,1,543,17478,18020,0.0,818.0,1.0
group_5212,ABDZFE010000008,663,663,98.341,1,663,24358,23696,0.0,1147.0,1.0
group_5213,SPVP150045.contig00002,957,957,100.0,1,957,477878,478834,0.0,1727.0,1.0
group_5214,JACVHT010000002.1,2265,2233,72.1,1,2226,567259,565040,0.0,1192.0,0.9858719646799117
group_5216,VP10022.contig00001,849,849,99.764,1,849,48493,49341,0.0,1523.0,1.0
group_5217,VP11139.contig00011,1608,1607,94.711,1,1606,60562,62167,0.0,2508.0,0.9993781094527363
group_5219,SRR18609788.contig00034,2067,2066,94.966,1,2066,13734,11669,0.0,3258.0,0.9995162070633768
group_5221,VP11139.contig00006,657,657,100.0,1,657,222018,222674,0.0,1186.0,1.0
group_523,NZ_JABCBN010000043,888,888,100.0,1,888,1397,2284,0.0,1602.0,1.0
group_5232,NZ_MUXG01000004,621,521,79.271,1,518,436748,437265,2.2400000000000003e-123,445.0,0.8389694041867954
group_5234,NZ_LFYN01000039,840,840,100.0,1,840,101503,102342,0.0,1516.0,1.0
group_5236,VP11139.contig00006,612,612,100.0,1,612,223282,222671,0.0,1104.0,1.0
group_5239,SRR11350400.contig00009,1209,1209,97.353,1,1209,85225,86432,0.0,2033.0,1.0
group_5241,SPVP110054.contig00001,456,456,95.395,1,456,291775,292230,0.0,728.0,1.0
group_5242,SPVP140285.contig00001,1329,1331,99.775,1,1329,75625,74295,0.0,2385.0,1.00150489089541
group_5243,VP10022.contig00001,486,486,98.354,1,486,50067,50552,0.0,841.0,1.0
group_5245,VP11139.contig00006,849,849,100.0,1,849,224173,223325,0.0,1532.0,1.0
group_525,SRR11823751.contig00023,420,420,92.857,1,420,60699,60280,2.67e-177,623.0,1.0
group_5250,AAXOXW010000036,255,255,97.255,1,255,2996,2742,6.61e-119,429.0,1.0
group_5255,NZ_NNHO01000002,561,561,100.0,1,561,5342,4782,0.0,1012.0,1.0
group_5256,DADYHI010000001,1551,1551,99.42,1,1551,135794,137341,0.0,2755.0,1.0
group_5260,VP06050.contig00055,741,732,88.388,1,732,732,1,0.0,938.0,0.9878542510121457
group_527,SRR18762455.contig00002,1530,1530,100.0,1,1530,301262,299733,0.0,2760.0,1.0
group_5276,SPVP150139.contig00008,456,456,94.079,1,456,11344,10889,0.0,701.0,1.0
group_5285,SRR4016801.contig00008,780,780,99.872,1,780,80798,80019,0.0,1403.0,1.0
group_5299,SPVP140259.contig00002,747,747,97.456,1,747,626898,626152,0.0,1262.0,1.0
group_5302,SPVP110054.contig00015,285,285,98.947,1,285,56718,56434,1.4399999999999998e-140,501.0,1.0
group_5305,SPVP140259.contig00004,1215,1215,98.601,1,1215,330504,329299,0.0,2119.0,1.0
group_5308,SPVP150085.contig00011,465,379,97.889,1,377,13772,14149,0.0,642.0,0.8150537634408602
group_5309,DADYHI010000001,5745,5745,99.513,1,5745,118608,124343,0.0,10239.0,1.0
group_531,SPVP170162.contig00015,855,846,95.154,10,855,9343,8498,0.0,1342.0,0.9894736842105263
group_5311,SRR18034811.contig00007,375,375,94.933,1,375,281779,282153,1.4000000000000001e-167,591.0,1.0
group_5314,VP11139.contig00011,387,387,97.933,1,387,47064,47450,0.0,663.0,1.0
group_5329,SPVP140260.contig00018,561,561,100.0,1,561,116069,115509,0.0,1012.0,1.0
group_5330,SRR17888663.contig00016,813,813,100.0,1,813,11318,12130,0.0,1467.0,1.0
group_5333,SPVP170102.contig00002,546,546,98.352,1,546,197768,197232,0.0,948.0,1.0
group_5334,NZ_BAVK01000012,429,429,100.0,1,429,291326,291754,0.0,774.0,1.0
group_5338,NZ_MUXG01000007,306,306,100.0,1,306,85243,84938,2.81e-156,553.0,1.0
group_5343,SPVP150169.contig00001,495,495,99.192,1,495,139266,138772,0.0,875.0,1.0
group_5346,SPVP140090.contig00007,954,915,88.634,1,915,25965,25056,0.0,1182.0,0.9591194968553459
group_5347,SPVP150169.contig00015,444,444,98.874,1,444,108494,108937,0.0,779.0,1.0
group_535,NZ_CP046785,1494,1199,94.245,302,1494,1900983,1899785,0.0,1853.0,0.8025435073627845
group_5351,SRR17888663.contig00031,429,429,100.0,1,429,16096,16524,0.0,774.0,1.0
group_5352,SRR18034811.contig00006,1680,1680,99.524,1,1680,197013,198686,0.0,2995.0,1.0
group_5355,JACVHI010000014.1,4578,4182,97.872,1,4182,68688,64507,0.0,7141.0,0.9134993446920052
group_5356,VP15198.contig00012,4587,4587,99.935,1,4587,89651,85065,0.0,8259.0,1.0
group_5357,SRR17888663.contig00036,1083,1083,99.815,1,1083,4758,5840,0.0,1945.0,1.0
group_5359,SPVP150085.contig00017,4650,3925,86.93,728,4650,68209,64287,0.0,4752.0,0.8440860215053764
group_5364,SPVP170098.contig00021,585,596,97.651,1,585,2416,1822,0.0,1014.0,1.0188034188034187
group_5365,VP11139.contig00083,723,723,99.862,1,723,33,754,0.0,1297.0,1.0
group_538,JACVHI010000023.1,258,258,100.0,1,258,34198,34455,2.6600000000000002e-130,466.0,1.0
group_5381,NZ_JABCFE010000007,651,651,100.0,1,651,27432,26782,0.0,1175.0,1.0
group_5388,SPVP140260.contig00027,1920,1920,90.625,1,1920,16147,18066,0.0,2652.0,1.0
group_539,SRR18034811.contig00004,459,459,91.285,1,459,7882,7424,0.0,648.0,1.0
group_5390,JACVHJ010000009.1,345,292,91.438,1,292,15940,15649,2.03e-114,415.0,0.8463768115942029
group_5392,SPVP170098.contig00003,243,243,78.601,1,243,388544,388302,1.29e-51,205.0,1.0
group_5393,NZ_MUXG01000009,537,537,98.883,1,537,218126,217596,0.0,943.0,1.0
group_5394,VP11139.contig00012,600,600,95.5,1,600,126660,126088,0.0,981.0,1.0
group_5423,SRR17888663.contig00001,1041,1041,97.214,1,1041,677497,676457,0.0,1747.0,1.0
group_5425,AAXOXW010000025,1989,1778,69.854,214,1974,3055,1292,0.0,774.0,0.8939165409753645
group_5426,NZ_JABCFE010000001,120,120,94.167,1,120,316103,316218,5.25e-46,185.0,1.0
group_5427,SPVP140285.contig00010,207,200,96.5,1,200,198923,198724,3.76e-89,330.0,0.966183574879227
group_543,VP06050.contig00001,1266,1266,96.761,1,1266,478723,477458,0.0,2099.0,1.0
group_5431,NZ_NNHO01000001,2187,2187,85.231,1,2187,336317,334137,0.0,2489.0,1.0
group_5433,AAXOXW010000002,414,414,100.0,1,414,19285,19698,0.0,747.0,1.0
group_5435,SRR18763195.contig00003,459,459,97.386,1,459,8247,7789,0.0,774.0,1.0
group_5453,JACVHI010000018.1,1665,1665,98.979,1,1665,80325,81989,0.0,2927.0,1.0
group_5458,SRR18609788.contig00008,1617,1617,100.0,1,1617,66027,67643,0.0,2917.0,1.0
group_547,JAJGNV010000004.1,450,446,99.103,5,450,70104,69659,0.0,787.0,0.9911111111111112
group_5471,NZ_NNHO01000001,252,252,100.0,1,252,333708,333959,4.69e-127,455.0,1.0
group_5475,SPVP170011.contig00002,555,555,100.0,1,555,88310,87756,0.0,1002.0,1.0
group_5477,VP07003.contig00001,918,927,93.42,1,918,260557,261479,0.0,1396.0,1.0098039215686274
group_5483,SPVP170098.contig00011,576,576,99.826,1,576,74326,73751,0.0,1035.0,1.0
group_5485,SPVP170011.contig00002,192,192,97.917,1,192,541497,541688,3.4399999999999995e-89,329.0,1.0
group_5487,SPVP140285.contig00025,1077,981,68.502,1,972,9883,8939,1.22e-91,341.0,0.9108635097493036
group_5490,SRR18034811.contig00002,447,447,95.749,1,447,265324,265770,0.0,721.0,1.0
group_5495,SPVP170146.contig00047,735,698,73.066,13,705,3760,4437,1.7999999999999998e-106,389.0,0.9496598639455782
group_5500,SPVP170049.contig00025,3150,3150,100.0,1,3150,7100,10249,0.0,5681.0,1.0
group_5503,SRR18034811.contig00005,1509,1494,85.274,1,1494,401747,403240,0.0,1703.0,0.9900596421471173
group_5508,SPVP150085.contig00029,1005,989,87.563,1,989,12304,13292,0.0,1230.0,0.9840796019900497
group_5514,SPVP170162.contig00003,969,970,96.701,1,969,308278,309247,0.0,1602.0,1.001031991744066
group_5522,SPVP140259.contig00004,897,885,97.966,1,885,343717,342833,0.0,1516.0,0.9866220735785953
group_5524,NZ_MUXG01000019,270,270,94.444,1,270,12420,12689,3.65e-116,420.0,1.0
group_5527,SRR11823751.contig00029,900,893,87.346,8,900,32457,31565,0.0,1102.0,0.9922222222222222
group_5534,SPVP150139.contig00012,2160,2160,89.028,1,2160,31815,33974,0.0,2828.0,1.0
group_5536,NZ_JABCCB010000019,2256,2256,100.0,1,2256,8820,6565,0.0,4069.0,1.0
group_5538,SPVP140260.contig00005,1143,1143,99.125,1,1143,264799,265941,0.0,2017.0,1.0
group_5556,SRR18609788.contig00011,1311,1311,99.771,1,1311,5909,4599,0.0,2351.0,1.0
group_5557,SRR11350400.contig00010,150,150,93.333,1,150,193080,193229,2.25e-58,226.0,1.0
group_556,SPVP170146.contig00010,2442,2442,99.427,1,2442,171541,173982,0.0,4341.0,1.0
group_5569,SPVP140260.contig00010,1275,1265,74.625,13,1275,75623,74370,0.0,824.0,0.9921568627450981
group_5572,SRR11823746.contig00009,510,510,97.059,1,510,69194,69703,0.0,853.0,1.0
group_5574,JACVHI010000001.1,1107,1107,92.593,1,1107,619735,618629,0.0,1627.0,1.0
group_5575,SRR16324073.contig00002,819,819,99.878,1,819,172846,172028,0.0,1473.0,1.0
group_5577,SPVP140260.contig00001,315,316,85.443,1,315,558873,559188,3.54e-98,360.0,1.0031746031746032
group_5578,SRR11823746.contig00009,1089,1089,98.898,1,1089,88373,87297,0.0,1917.0,1.0
group_5579,NZ_CP046785,477,401,95.012,1,401,2741949,2741549,1.69e-180,634.0,0.8406708595387841
group_5587,VP10022.contig00003,573,571,99.825,3,573,362788,362218,0.0,1026.0,0.9965095986038395
group_5588,SPVP150139.contig00005,660,660,96.667,1,660,352008,351349,0.0,1092.0,1.0
group_5590,SPVP110054.contig00015,303,303,98.68,1,303,60357,60055,3.17e-149,529.0,1.0
group_5591,SPVP110054.contig00015,303,303,99.67,1,303,55604,55906,5.03e-153,543.0,1.0
group_5592,SPVP170102.contig00002,171,147,78.912,1,146,204719,204574,9.840000000000001e-26,119.0,0.8596491228070176
group_5593,SPVP170146.contig00010,3624,3624,99.641,1,3624,204780,201157,0.0,6478.0,1.0
group_5596,NZ_NNKS01000200,1065,1065,95.775,1,1065,7826,6762,0.0,1718.0,1.0
group_5608,VP15198.contig00011,657,657,98.021,1,657,18372,17716,0.0,1127.0,1.0
group_5609,SPVP110054.contig00001,741,741,98.516,1,741,295567,296307,0.0,1287.0,1.0
group_561,SRR4016801.contig00011,1560,1559,98.14,1,1559,17130,18688,0.0,2681.0,0.9993589743589744
group_5618,SPVP170098.contig00011,789,789,94.804,1,789,73751,72963,0.0,1239.0,1.0
group_5622,DADYHI010000013,2544,2544,94.418,1,2544,93465,96005,0.0,3947.0,1.0
group_563,SRR16324073.contig00001,231,231,98.701,1,231,874949,874719,2.35e-111,404.0,1.0
group_5638,SRR13684777.contig00030,237,237,100.0,1,237,39848,39612,6.09e-119,428.0,1.0
group_5639,SPVP140260.contig00010,726,726,94.766,1,726,74357,73632,0.0,1139.0,1.0
group_5645,NZ_JABCIE010000002,381,382,99.738,1,381,177965,177584,0.0,682.0,1.0026246719160106
group_5647,NZ_JAFLNR010000001,276,276,96.014,1,276,408636,408361,7.71e-125,449.0,1.0
group_5648,SRR18763195.contig00004,678,678,99.115,1,678,419789,420466,0.0,1196.0,1.0
group_5649,SRR13684777.contig00039,645,645,100.0,1,645,32724,32080,0.0,1164.0,1.0
group_565,VP10022.contig00001,477,477,92.034,1,477,21083,21559,0.0,690.0,1.0
group_5651,SRR19641559.contig00004,2496,2496,99.679,1,2496,459549,462044,0.0,4466.0,1.0
group_5656,NZ_NNEL01000032,276,276,96.014,1,276,105893,105618,7.71e-125,449.0,1.0
group_5658,NZ_NNEL01000032,495,495,77.98,1,495,106406,105913,2.3e-109,398.0,1.0
group_566,NZ_LFYN01000107,1050,1050,95.619,1,1050,6521,5472,0.0,1687.0,1.0
group_5661,SPVP150139.contig00016,1332,1332,98.498,1,1332,89424,88093,0.0,2313.0,1.0
group_5663,NZ_MUXG01000006,1761,1760,78.409,1,1760,13935,12176,0.0,1462.0,0.9994321408290744
group_5670,NZ_KK020603,987,988,98.684,1,987,125652,124665,0.0,1720.0,1.0010131712259371
group_5672,NZ_JABCIE010000019,261,257,85.603,1,257,29714,29970,2.89e-79,297.0,0.9846743295019157
group_5679,SRR13684777.contig00052,474,461,73.753,1,461,9622,9162,9.98e-76,287.0,0.9725738396624473
group_5684,VP06050.contig00001,1089,1089,97.521,1,1089,475228,474140,0.0,1843.0,1.0
group_5691,JACVHJ010000002.1,1134,1136,79.225,1,1134,204317,205441,0.0,970.0,1.001763668430335
group_5695,JACVHI010000018.1,1485,1485,99.327,1,1485,74588,73104,0.0,2634.0,1.0
group_5698,NZ_JABCBN010000001,120,120,97.5,1,120,4495,4614,1.96e-51,204.0,1.0
group_5701,SPVP170049.contig00003,183,183,97.814,1,183,73709,73527,2.5e-84,313.0,1.0
group_5707,NZ_KK020603,243,243,98.765,1,243,99530,99772,7.6300000000000005e-118,425.0,1.0
group_5710,SPVP150085.contig00050,552,552,99.638,1,552,1025,1576,0.0,987.0,1.0
group_5719,SPVP150169.contig00020,528,528,99.053,1,528,21164,20637,0.0,930.0,1.0
group_572,JACVHJ010000017.1,270,270,97.778,1,270,102627,102358,1.19e-128,461.0,1.0
group_573,JACVHJ010000017.1,615,615,100.0,1,615,103807,103193,0.0,1110.0,1.0
group_5748,SRR16324073.contig00002,594,594,98.822,1,594,760389,759796,0.0,1040.0,1.0
group_5752,SPVP110054.contig00001,204,204,95.588,1,204,294486,294683,3.69e-89,329.0,1.0
group_5753,JADQEE010000013.1,2100,2100,99.905,1,2100,64727,66826,0.0,3779.0,1.0
group_5764,SPVP170102.contig00003,1161,1161,100.0,1,1161,686086,687246,0.0,2094.0,1.0
group_5767,VP11139.contig00013,186,186,100.0,1,186,85678,85493,2.23e-91,336.0,1.0
group_5769,SRR13684777.contig00039,507,507,100.0,1,507,32065,31559,0.0,915.0,1.0
group_5776,JAJGNV010000005.1,750,750,99.067,1,750,197673,198422,0.0,1322.0,1.0
group_5780,SPVP110054.contig00015,552,552,99.457,1,552,41583,41032,0.0,983.0,1.0
group_5784,JACVHJ010000012.1,1656,1656,95.229,1,1656,87930,86275,0.0,2631.0,1.0
group_5786,VP06050.contig00005,720,725,81.931,2,720,226278,225560,0.0,710.0,1.0069444444444444
group_5789,SPVP140260.contig00010,3366,3365,98.306,1,3365,83996,80633,0.0,5809.0,0.9997029114676174
group_5791,JACVHJ010000012.1,1500,1499,89.86,1,1499,86275,84777,0.0,2019.0,0.9993333333333333
group_5793,NZ_JAFLNR010000018,735,710,85.352,1,710,2393,1684,0.0,812.0,0.9659863945578231
group_5794,VP06050.contig00002,103,103,99.029,1,103,52492,52593,6.36e-44,178.0,1.0
group_5797,AAXNRW010000001,462,462,92.208,1,462,299780,299319,0.0,672.0,1.0
group_5799,NZ_BAVK01000003,1614,1614,100.0,1,1614,8051,9664,0.0,2911.0,1.0
group_5802,SRR17888663.contig00007,1554,1554,99.035,1,1554,41357,39804,0.0,2736.0,1.0
group_5803,SPVP140212.contig00008,228,228,100.0,1,228,158561,158788,4.48e-114,412.0,1.0
group_5807,NZ_NNKS01000028,4401,4401,98.5,1,4401,5408,1032,0.0,7657.0,1.0
group_5809,NZ_JABCBN010000003,219,189,95.238,31,219,366397,366585,1.94e-80,301.0,0.863013698630137
group_5823,AAXOXW010000046,1836,1836,97.985,1,1836,3782,1956,0.0,3149.0,1.0
group_5830,SPVP170146.contig00005,825,825,96.0,1,825,253891,253097,0.0,1362.0,1.0
group_584,VP07269.contig00014,276,276,99.638,1,276,106821,106546,2.07e-138,494.0,1.0
group_5845,NZ_MUXG01000028,588,576,87.847,1,576,5801,5227,0.0,720.0,0.9795918367346939
group_5851,JACVHI010000002.1,390,390,95.641,1,390,403547,403158,2.02e-178,627.0,1.0
group_5854,VP07269.contig00011,459,438,78.311,22,459,9291,9728,1.53e-98,362.0,0.954248366013072
group_5872,NZ_JABCFE010000002,774,710,96.62,65,774,178064,178773,0.0,1173.0,0.917312661498708
group_5889,SPVP140260.contig00001,3633,3581,89.919,55,3633,552917,549342,0.0,4824.0,0.9856867602532342
group_5892,SRR11823751.contig00040,447,439,98.861,9,447,6732,6294,0.0,770.0,0.9821029082774049
group_5895,VP06050.contig00001,828,828,98.068,1,828,462365,463192,0.0,1422.0,1.0
group_59,AAXNRW010000001,543,543,100.0,1,543,304111,303569,0.0,980.0,1.0
group_5901,SPVP140260.contig00010,759,759,93.412,1,759,72789,72031,0.0,1144.0,1.0
group_5903,SPVP170146.contig00003,981,965,89.534,1,965,26511,25547,0.0,1286.0,0.9836901121304791
group_5909,SRR18762455.contig00008,693,693,99.856,1,693,4932,4240,0.0,1246.0,1.0
group_5912,VP15198.contig00007,252,252,97.222,1,252,147508,147753,7.95e-118,425.0,1.0
group_5917,SRR11350400.contig00001,1185,1185,97.975,1,1185,379565,378381,0.0,2030.0,1.0
group_5918,JACVHI010000018.1,228,228,99.561,1,228,12948,13175,1.9e-112,407.0,1.0
group_5920,VP15198.contig00001,936,936,99.786,1,936,678071,677136,0.0,1680.0,1.0
group_5929,NZ_MUXG01000004,1035,1035,100.0,1,1035,444206,443172,0.0,1867.0,1.0
group_5939,NZ_CP046786,1167,1149,99.652,1,1149,732148,733296,0.0,2055.0,0.9845758354755784
group_594,NZ_JABCIE010000002,1533,1529,99.869,5,1533,20488,22015,0.0,2746.0,0.9973907371167645
group_5952,NZ_JABCBN010000026,786,787,79.67,1,786,165,951,0.0,695.0,1.0012722646310432
group_5955,SPVP170162.contig00003,2220,2220,96.937,1,2220,531936,534155,0.0,3698.0,1.0
group_5956,SPVP170011.contig00003,2328,2328,99.356,1,2328,22880,20559,0.0,4132.0,1.0
group_5957,SRR16324073.contig00011,732,732,98.224,1,732,91324,92055,0.0,1262.0,1.0
group_5958,VP15198.contig00004,645,645,99.535,1,645,194177,194821,0.0,1150.0,1.0
group_5964,VP07003.contig00028,183,183,97.814,1,183,5900,6082,2.5e-84,313.0,1.0
group_5966,SPVP140259.contig00072,420,420,79.048,1,420,138,557,1.39e-98,361.0,1.0
group_5976,VP07269.contig00005,861,861,98.026,1,861,51091,50231,0.0,1477.0,1.0
group_5978,JACVHJ010000031.1,2628,2628,96.88,1,2628,50447,47820,0.0,4370.0,1.0
group_5979,SPVP140212.contig00001,1773,1652,88.136,130,1773,543965,542343,0.0,2080.0,0.9317540891144952
group_5981,SPVP140285.contig00001,1470,1470,99.66,1,1470,450944,449478,0.0,2627.0,1.0
group_5982,SPVP170162.contig00005,708,708,100.0,1,708,367400,368107,0.0,1278.0,1.0
group_5983,SRR13684777.contig00024,1368,1368,99.415,1,1368,47686,49047,0.0,2433.0,1.0
group_5984,VP06050.contig00003,1485,1485,99.529,1,1485,63737,65218,0.0,2645.0,1.0
group_5985,DADYHI010000019,183,183,98.361,1,183,26299,26481,2.05e-85,317.0,1.0
group_5991,VP06050.contig00055,741,733,92.633,1,732,732,1,0.0,1072.0,0.9892037786774629
group_5992,AAXOXW010000035,249,249,99.598,1,249,7250,7497,1.02e-122,442.0,1.0
group_5993,SRR11823746.contig00004,1002,1001,93.107,1,1001,579307,580307,0.0,1495.0,0.999001996007984
group_5998,VP11139.contig00011,1185,1185,96.456,1,1185,54503,55687,0.0,1948.0,1.0
group_5999,SPVP170102.contig00001,3105,2580,95.814,1,2579,435484,438062,0.0,4159.0,0.8309178743961353
group_6001,ABDZFE010000018,672,672,96.28,1,672,17215,17886,0.0,1100.0,1.0
group_6003,SPVP140260.contig00027,1374,1374,100.0,1,1374,14811,16184,0.0,2479.0,1.0
group_6005,NZ_LFYN01000047,144,144,99.306,1,144,56575,56432,4.41e-67,256.0,1.0
group_6006,SRR17888663.contig00034,630,625,85.28,10,630,4943,5564,0.0,697.0,0.9920634920634921
group_6007,SRR17888663.contig00034,1044,1041,69.549,1,1028,3891,4918,5.3399999999999995e-115,418.0,0.9971264367816092
group_6009,SPVP140259.contig00004,1920,1920,81.615,1,1920,181546,183465,0.0,1872.0,1.0
group_6012,JADQEE010000014.1,1080,1080,99.907,1,1080,3248,4327,0.0,1944.0,1.0
group_6017,SPVP150085.contig00050,357,357,99.72,1,357,1573,1929,0.0,640.0,1.0
group_6021,SPVP140285.contig00003,474,474,93.882,1,474,224814,225286,0.0,721.0,1.0
group_6046,SPVP170146.contig00047,768,768,99.87,1,768,3703,4470,0.0,1381.0,1.0
group_6054,SRR17888663.contig00034,1212,1213,82.852,1,1212,583,1794,0.0,1243.0,1.0008250825082508
group_6060,SRR11823746.contig00012,549,549,99.818,1,549,29949,30497,0.0,986.0,1.0
group_6065,SRR18762455.contig00013,867,867,98.731,1,867,71468,70611,0.0,1518.0,1.0
group_6067,SPVP170146.contig00028,1089,1089,99.908,1,1089,17694,16606,0.0,1960.0,1.0
group_6068,SPVP140285.contig00015,1122,1110,97.568,11,1120,11820,12929,0.0,1881.0,0.9893048128342246
group_607,JACVHI010000018.1,738,738,98.103,1,738,942,1679,0.0,1269.0,1.0
group_6073,VP07269.contig00011,363,363,93.113,2,363,27877,27515,7.46e-152,539.0,1.0
group_6078,VP07269.contig00025,855,856,99.65,1,855,28890,29745,0.0,1527.0,1.001169590643275
group_6080,SRR13684777.contig00007,1233,1237,92.805,1,1232,121805,123037,0.0,1820.0,1.0032441200324411
group_609,AAXNRW010000003,1566,1566,99.361,1,1566,176460,178023,0.0,2777.0,1.0
group_6099,VP07269.contig00023,1233,1233,96.269,1,1233,12841,11609,0.0,2017.0,1.0
group_6104,SRR4016801.contig00005,1173,1173,94.714,1,1173,84857,86029,0.0,1837.0,1.0
group_6110,JACVHJ010000002.1,1164,1133,85.878,1,1123,234422,233297,0.0,1315.0,0.9733676975945017
group_6112,JACVHJ010000052.1,2127,2067,68.699,1,2042,7987,5955,0.0,747.0,0.9717912552891397
group_6114,CP078611,792,792,95.076,1,792,1512171,1512962,0.0,1258.0,1.0
group_6120,NZ_NNKS01000028,906,902,98.78,1,898,1031,130,0.0,1577.0,0.9955849889624724
group_6123,SPVP150139.contig00010,528,528,99.811,1,528,129536,130063,0.0,948.0,1.0
group_6127,NZ_JAFLNR010000018,432,432,97.917,1,432,54174,53743,0.0,739.0,1.0
group_6131,SRR4016801.contig00006,813,724,97.79,1,724,199246,198524,0.0,1231.0,0.8905289052890529
group_6138,SPVP110054.contig00014,1080,1079,96.756,1,1079,65000,66078,0.0,1789.0,0.9990740740740741
group_6141,SRR18609788.contig00018,1275,1266,92.101,1,1262,20063,21324,0.0,1818.0,0.9929411764705882
group_6146,SPVP150169.contig00001,303,265,98.491,1,265,5675,5413,1.64e-127,458.0,0.8745874587458746
group_6158,NZ_JAFLNR010000013,495,495,96.162,1,495,97965,97471,0.0,808.0,1.0
group_6168,VP11139.contig00011,549,549,98.543,1,549,60020,60565,0.0,953.0,1.0
group_617,NZ_JABCBN010000008,885,885,100.0,1,885,2319,1435,0.0,1597.0,1.0
group_6170,JACVHT010000001.1,357,357,82.913,1,357,1076046,1075690,7.85e-101,370.0,1.0
group_6174,VP07269.contig00011,2688,2666,77.569,58,2679,58461,55861,0.0,2130.0,0.9918154761904762
group_6177,VP07003.contig00001,309,309,97.735,1,309,289050,288742,3.95e-148,526.0,1.0
group_6183,SPVP170102.contig00003,351,343,69.971,4,346,648032,647693,1.07e-35,153.0,0.9772079772079773
group_6192,SPVP170049.contig00031,225,225,88.444,1,225,1662,1438,3.63e-77,289.0,1.0
group_6195,SPVP170049.contig00026,1248,1233,84.428,2,1233,14913,13685,0.0,1350.0,0.9879807692307693
group_6207,SPVP170098.contig00001,2220,2220,97.883,1,2220,1150150,1147931,0.0,3792.0,1.0
group_621,VP15198.contig00001,642,642,99.688,1,642,682060,682701,0.0,1150.0,1.0
group_6215,DADYHI010000002,888,888,81.869,1,888,344546,345433,0.0,876.0,1.0
group_6216,SPVP170049.contig00025,834,834,94.964,1,834,15749,16582,0.0,1315.0,1.0
group_6221,NZ_LFYN01000047,363,363,85.95,1,363,47898,47536,1.18e-117,425.0,1.0
group_6222,NZ_LFYN01000047,279,279,84.588,1,279,56920,56644,1.71e-82,307.0,1.0
group_6226,NZ_JABCBN010000010,255,255,96.863,1,255,70205,70459,8.05e-118,425.0,1.0
group_6228,SPVP170098.contig00003,816,678,73.894,145,816,395175,395825,6.139999999999999e-113,410.0,0.8308823529411765
group_623,VP11139.contig00007,376,376,98.936,1,376,182001,181630,0.0,660.0,1.0
group_6231,SPVP150139.contig00013,681,681,91.777,1,681,117242,117922,0.0,976.0,1.0
group_6234,ABDZFE010000002,606,607,77.924,10,604,161728,162313,9.27e-141,503.0,1.0016501650165017
group_6245,JADQEE010000004.1,996,996,99.799,1,996,188462,189457,0.0,1788.0,1.0
group_6249,SPVP140285.contig00003,1026,1008,80.952,6,1013,223751,224758,0.0,953.0,0.9824561403508771
group_625,VP07003.contig00001,465,465,99.14,1,465,575969,576433,0.0,821.0,1.0
group_6254,SRR11350400.contig00009,930,930,98.495,1,930,212059,212979,0.0,1614.0,1.0
group_6270,SPVP150045.contig00009,1134,1134,100.0,1,1134,97125,98258,0.0,2046.0,1.0
group_6274,ABDZFE010000018,234,233,99.142,1,232,12310,12542,5.62e-113,408.0,0.9957264957264957
group_6289,SRR18762455.contig00002,960,960,100.0,1,960,95371,94412,0.0,1732.0,1.0
group_6291,AAXOXW010000029,228,204,72.549,1,204,12288,12086,5.85e-24,113.0,0.8947368421052632
group_6301,SRR4016801.contig00003,744,744,97.581,1,744,276826,277569,0.0,1261.0,1.0
group_6307,NZ_CP051100,1500,1506,77.955,1,1500,772742,771243,0.0,1208.0,1.004
group_6310,NZ_MUXG01000015,423,423,99.764,1,423,34134,34556,0.0,759.0,1.0
group_6328,SPVP140259.contig00002,2001,2001,98.851,1,2001,603893,605893,0.0,3506.0,1.0
group_6333,SPVP170146.contig00010,882,882,98.866,1,882,185773,186654,0.0,1546.0,1.0
group_6339,JAJGNV010000004.1,207,207,95.169,1,207,73922,74128,3.76e-89,329.0,1.0
group_6346,SPVP170102.contig00006,888,888,92.342,1,888,178026,178913,0.0,1296.0,1.0
group_6351,SRR11350400.contig00009,1692,1707,97.364,1,1692,98364,96658,0.0,2885.0,1.0088652482269505
group_6352,JADQEE010000002.1,129,129,79.845,1,129,147549,147433,5.7600000000000005e-27,123.0,1.0
group_6353,SRR18034811.contig00003,261,261,100.0,1,261,409112,409372,6.35e-132,471.0,1.0
group_6354,JACVHT010000002.1,225,225,100.0,1,225,558061,557837,1.88e-112,407.0,1.0
group_6358,VP06050.contig00005,480,480,99.792,1,480,72039,71560,0.0,862.0,1.0
group_6367,AAXOXW010000043,246,247,95.547,1,246,411,165,4.57e-108,393.0,1.0040650406504066
group_6370,SRR18762455.contig00002,1377,1166,93.482,1,1166,114895,116060,0.0,1761.0,0.8467683369644154
group_6387,NZ_LFYN01000147,951,951,97.792,1,951,23901,22969,0.0,1633.0,1.0
group_639,SRR18609788.contig00024,648,648,97.068,1,648,30639,29992,0.0,1084.0,1.0
group_6394,SRR18763195.contig00001,1437,1383,78.814,30,1411,1069779,1071157,0.0,1165.0,0.9624217118997912
group_6401,NZ_JABCBH010000001,1530,1533,85.388,1,1530,933070,931541,0.0,1752.0,1.0019607843137255
group_6403,SPVP110054.contig00015,990,990,98.586,1,990,43502,42522,0.0,1727.0,1.0
group_6404,NZ_NNEL01000001,3492,3492,94.674,1,3492,267111,270602,0.0,5460.0,1.0
group_6406,NZ_NNEL01000001,1596,1596,88.033,1,1596,270769,272346,0.0,2030.0,1.0
group_641,NZ_JAFLNR010000022,750,750,88.133,1,750,32768,33517,0.0,952.0,1.0
group_6418,NZ_JABCBN010000003,471,471,95.541,1,471,365398,365868,0.0,755.0,1.0
group_6419,NZ_JNSU02000005,972,972,77.984,1,972,378553,379524,0.0,789.0,1.0
group_6431,NZ_JABCBN010000001,393,393,99.491,1,393,958973,958582,0.0,697.0,1.0
group_6434,SPVP170146.contig00004,765,672,68.899,100,765,46476,45811,1.1900000000000001e-64,250.0,0.8784313725490196
group_6437,NZ_NNHO01000001,1578,1578,99.937,1,1578,331090,332667,0.0,2842.0,1.0
group_6446,SPVP170162.contig00006,2691,2628,73.516,1,2607,294433,297033,0.0,1582.0,0.9765886287625418
group_6447,NZ_JNSU02000015,918,917,98.691,2,918,119962,120878,0.0,1600.0,0.9989106753812637
group_6457,NZ_NNEL01000036,636,612,79.248,3,614,32463,31852,2.01e-149,532.0,0.9622641509433962
group_6460,SPVP140260.contig00027,2916,2877,87.73,1,2876,25232,22356,0.0,3594.0,0.9866255144032922
group_6461,SRR17888663.contig00003,498,498,100.0,1,498,351387,350890,0.0,899.0,1.0
group_6464,AAXOXW010000010,1197,1197,99.165,1,1197,2491,1304,0.0,2118.0,1.0
group_6467,SPVP150139.contig00012,1317,1171,99.829,1,1171,36017,34847,0.0,2104.0,0.8891419893697798
group_6472,SRR16324073.contig00002,1524,1524,100.0,1,1524,60674,62197,0.0,2749.0,1.0
group_6477,SRR13684777.contig00032,789,789,96.958,1,789,42788,43564,0.0,1322.0,1.0
group_6481,SRR19641559.contig00004,2106,2106,99.573,1,2106,444093,446198,0.0,3758.0,1.0
group_6483,SPVP150139.contig00012,1176,1176,97.874,1,1176,36139,37314,0.0,2009.0,1.0
group_6493,SRR18762455.contig00002,297,297,99.663,1,297,375784,376080,8.89e-150,532.0,1.0
group_6499,AAXOXW010000029,1014,1017,72.37,1,1010,6068,5059,9.98e-156,554.0,1.0029585798816567
group_6505,NZ_JABCBN010000003,726,638,68.182,85,718,170509,171142,2.3199999999999997e-54,216.0,0.8787878787878788
group_6506,JACVHJ010000008.1,1347,1347,100.0,1,1347,189766,188420,0.0,2430.0,1.0
group_651,SPVP150139.contig00013,246,242,92.562,1,242,118234,118475,3.29e-97,356.0,0.983739837398374
group_6516,SRR11823751.contig00001,486,458,69.432,1,455,163860,163406,1.7400000000000002e-47,192.0,0.9423868312757202
group_6519,SPVP170162.contig00001,585,583,88.165,3,585,325717,325135,0.0,741.0,0.9965811965811966
group_652,VP06050.contig00015,801,801,95.88,1,801,22158,22958,0.0,1297.0,1.0
group_6522,JADQEE010000002.1,10497,10497,100.0,1,10497,444432,454928,0.0,18931.0,1.0
group_6528,JACVHI010000006.1,2205,2206,91.568,1,2205,326095,323891,0.0,3133.0,1.000453514739229
group_6534,SPVP140090.contig00017,2907,2907,92.673,1,2907,8153,11053,0.0,4279.0,1.0
group_6537,NZ_NNHO01000001,1689,1689,99.941,1,1689,329389,331077,0.0,3042.0,1.0
group_6551,VP11139.contig00006,723,721,99.861,3,723,56136,55417,0.0,1293.0,0.9972337482710927
group_6556,SPVP140259.contig00002,2049,2044,67.857,1,2027,610790,608770,0.0,684.0,0.997559785261103
group_6559,VP10022.contig00003,447,382,70.419,58,437,181982,181603,5.19e-41,170.0,0.854586129753915
group_6571,VP15198.contig00008,280,280,99.643,1,280,200325,200603,1.72e-139,498.0,1.0
group_6577,SPVP150139.contig00008,3231,3232,86.541,1,3231,96545,99775,0.0,3861.0,1.0003095017022594
group_6585,JACVHT010000001.1,792,790,90.886,1,790,1079773,1078999,0.0,1110.0,0.9974747474747475
group_6590,SPVP140260.contig00001,873,873,86.483,1,873,555981,556853,0.0,1043.0,1.0
group_6594,SRR16324073.contig00020,216,216,99.537,1,216,2951,3166,5.85e-106,386.0,1.0
group_6598,JACVHT010000001.1,3327,3289,87.017,40,3302,1083057,1079786,0.0,4014.0,0.9885782987676586
group_6604,SPVP150169.contig00019,978,978,99.591,1,978,2981,2005,0.0,1743.0,1.0
group_6616,NZ_JAFLNR010000022,1467,1467,88.48,1,1467,54290,52824,0.0,1884.0,1.0
group_6618,VP11139.contig00003,519,519,99.615,1,519,250596,251114,0.0,928.0,1.0
group_6636,VP07269.contig00001,495,487,88.912,1,487,47577,48063,0.0,636.0,0.9838383838383838
group_6648,SRR16324073.contig00005,1452,1453,96.834,1,1452,352353,353804,0.0,2406.0,1.0006887052341598
group_6649,DADYHI010000003,1968,1968,81.047,2,1968,499038,497072,0.0,1861.0,1.0
group_6652,VP15198.contig00002,630,630,99.524,1,630,408758,409387,0.0,1123.0,1.0
group_6653,SRR18609788.contig00001,435,435,99.31,1,435,582162,582596,0.0,772.0,1.0
group_6656,NZ_CP051100,1638,1645,76.839,1,1631,1944812,1946439,0.0,1228.0,1.0042735042735043
group_6657,SPVP110054.contig00007,594,594,95.791,1,594,85138,84545,0.0,959.0,1.0
group_6661,NZ_JABCIE010000008,1392,1392,99.928,1,1392,4124,2733,0.0,2507.0,1.0
group_6681,SPVP140107.contig00003,1989,1989,94.319,1,1989,309782,307794,0.0,3078.0,1.0
group_6682,VP15198.contig00011,240,253,94.466,1,240,60828,60576,8.58e-111,401.0,1.0541666666666667
group_6688,SPVP140285.contig00003,483,455,78.901,1,455,48462,48008,1.16e-106,389.0,0.9420289855072463
group_6691,JACVHI010000006.1,315,315,81.27,1,315,319937,320251,8.34e-81,303.0,1.0
group_6696,NZ_JNSU02000015,2118,2082,83.477,37,2118,97730,99810,0.0,2201.0,0.9830028328611898
group_6699,VP11139.contig00009,108,107,96.262,1,107,84734,84840,2.3700000000000003e-43,176.0,0.9907407407407407
group_6700,JACVHI010000006.1,1443,1443,90.506,1,1443,320255,321697,0.0,1985.0,1.0
group_6708,SRR13684777.contig00039,504,504,100.0,1,504,27029,27532,0.0,910.0,1.0
group_6710,SRR18762455.contig00004,1665,1665,99.52,1,1665,58671,57013,0.0,2968.0,1.0
group_6718,VP10022.contig00001,1017,1017,99.902,1,1017,58837,57821,0.0,1830.0,1.0
group_672,SRR11350400.contig00025,462,462,85.498,1,462,72076,71615,1.44e-149,532.0,1.0
group_6720,NZ_JABCCB010000019,1638,1638,96.642,1,1638,27685,26048,0.0,2707.0,1.0
group_6723,VP06050.contig00015,1398,1399,95.211,1,1398,14878,13481,0.0,2214.0,1.0007153075822603
group_6724,NZ_CP051099,330,330,99.697,1,330,91220,91549,1.22e-167,591.0,1.0
group_6725,SPVP170102.contig00001,471,471,97.028,1,471,442898,443368,0.0,787.0,1.0
group_6727,JAJGNV010000014.1,1221,1221,99.918,1,1221,35379,34159,0.0,2198.0,1.0
group_6729,SRR18763195.contig00010,2277,2277,100.0,1,2277,125301,123025,0.0,4107.0,1.0
group_673,NZ_CP046785,15093,12437,97.467,1,12437,2928559,2916124,0.0,21006.0,0.824024382163917
group_6730,NZ_MUXG01000015,333,333,99.399,1,333,20951,21283,3.5199999999999996e-168,592.0,1.0
group_6732,SRR16324073.contig00007,468,468,79.915,1,468,11090,11557,1.9e-116,421.0,1.0
group_6735,SPVP170011.contig00011,483,483,93.582,1,483,23680,23198,0.0,732.0,1.0
group_6737,NZ_JAFLNR010000001,1398,1398,99.785,1,1398,623407,622010,0.0,2508.0,1.0
group_6739,NZ_JAFLNR010000013,426,411,94.647,1,410,87680,87270,0.0,639.0,0.9647887323943662
group_6740,SPVP110054.contig00007,399,399,89.975,1,399,83175,82779,2.89e-151,537.0,1.0
group_6741,NZ_MUXG01000002,807,807,99.628,1,807,101070,100265,0.0,1439.0,1.0
group_6742,SRR16324073.contig00007,2481,2482,98.67,1,2481,8450,10923,0.0,4323.0,1.000403063280935
group_675,SPVP170049.contig00005,1767,1767,98.585,1,1767,431533,429782,0.0,3084.0,1.0
group_6751,NZ_MUXG01000015,1383,1383,99.928,1,1383,2569,3951,0.0,2490.0,1.0
group_6764,SRR11350400.contig00011,987,983,76.094,1,981,152786,153767,0.0,703.0,0.9959473150962512
group_6771,SPVP170098.contig00007,1269,1269,96.296,1,1269,91588,90326,0.0,2078.0,1.0
group_6773,NZ_JAFLNR010000022,543,519,84.971,1,519,35795,35277,8.82e-166,585.0,0.9558011049723757
group_6774,NZ_CP051100,1503,1456,80.22,1,1455,769119,767665,0.0,1321.0,0.9687292082501663
group_6775,VP15198.contig00004,1614,1614,98.823,1,1614,199244,197632,0.0,2822.0,1.0
group_6779,NZ_NNEL01000001,1551,1555,83.023,1,1551,289148,287598,0.0,1595.0,1.0025789813023855
group_678,NZ_JAFLNR010000009,753,753,94.688,1,753,99510,100262,0.0,1178.0,1.0
group_6783,NZ_LFYN01000077,597,597,83.92,1,597,11333,11929,0.0,645.0,1.0
group_6787,SPVP170146.contig00010,588,588,98.639,1,588,176771,177358,0.0,1025.0,1.0
group_679,DADYHI010000001,501,502,99.602,1,501,150563,150062,0.0,893.0,1.001996007984032
group_6794,VP06050.contig00001,1071,1075,98.512,1,1071,768084,767020,0.0,1871.0,1.003734827264239
group_68,SRR18762455.contig00002,1284,1284,98.91,1,1284,354631,353348,0.0,2253.0,1.0
group_6804,NZ_NNKS01000152,4890,4890,98.037,1,4890,21503,16617,0.0,8385.0,1.0
group_6809,NZ_JAFLNR010000004,543,543,100.0,1,543,121588,121046,0.0,980.0,1.0
group_6811,VP10022.contig00015,879,799,68.961,85,879,31779,32573,1.37e-83,313.0,0.9089874857792947
group_6812,SRR13684777.contig00055,522,481,73.389,35,514,7100,6621,3.86e-75,284.0,0.921455938697318
group_6819,NZ_JABCBN010000003,651,638,74.765,11,648,211899,212536,2.2e-117,425.0,0.9800307219662059
group_6820,NZ_JABCBH010000002,1020,1020,99.804,1,1020,175841,176860,0.0,1831.0,1.0
group_6821,SRR18763195.contig00003,2103,2099,74.083,8,2103,556502,554407,0.0,1312.0,0.9980979553019496
group_6826,SRR18762455.contig00013,1380,1380,99.203,1,1380,38720,40099,0.0,2440.0,1.0
group_6831,VP07269.contig00012,783,783,100.0,1,783,13304,14086,0.0,1413.0,1.0
group_6833,SRR18762455.contig00005,720,720,100.0,1,720,373885,373166,0.0,1299.0,1.0
group_6834,SRR18762455.contig00002,1374,1166,95.455,1,1166,114895,116060,0.0,1865.0,0.8486171761280932
group_6836,SRR18034811.contig00004,1926,1926,91.537,1,1926,41311,43236,0.0,2739.0,1.0
group_6844,JADQEE010000005.1,387,387,98.45,1,387,236477,236091,0.0,672.0,1.0
group_6845,SRR18609788.contig00013,1293,1293,100.0,1,1293,81085,82377,0.0,2333.0,1.0
group_6849,SPVP170049.contig00026,945,916,92.14,39,941,14642,13727,0.0,1335.0,0.9693121693121693
group_6850,DADYHI010000003,2115,2116,96.597,1,2115,480689,478574,0.0,3489.0,1.0004728132387706
group_6854,DADYHI010000031,174,174,100.0,1,174,1240,1067,6.75e-85,315.0,1.0
group_6855,SRR18034811.contig00009,1785,1785,88.908,1,1785,65446,67206,0.0,2344.0,1.0
group_6862,NZ_MUXG01000019,396,396,85.606,1,396,9052,8657,2.2e-127,458.0,1.0
group_6865,SPVP170146.contig00003,822,812,78.202,4,815,34030,34841,0.0,667.0,0.9878345498783455
group_6866,VP07269.contig00025,753,753,96.414,1,753,17989,18741,0.0,1237.0,1.0
group_6871,SPVP140090.contig00007,420,420,95.714,1,420,23262,22843,0.0,677.0,1.0
group_6872,SPVP140090.contig00007,717,725,72.276,1,717,24093,23377,3.39e-109,398.0,1.0111576011157601
group_6873,SPVP140090.contig00007,1023,992,78.831,1,992,25108,24117,0.0,843.0,0.9696969696969697
group_6874,AAXNRW010000003,1167,1167,83.976,1,1167,184721,183555,0.0,1262.0,1.0
group_6875,AAXNRW010000003,378,378,100.0,1,378,183552,183175,0.0,682.0,1.0
group_6876,NZ_JAFLNR010000016,136,137,98.54,1,136,16055,15919,3.88e-61,235.0,1.0073529411764706
group_6878,SPVP170011.contig00011,1266,1054,74.194,2,1055,10393,11446,0.0,675.0,0.8325434439178515
group_6879,VP07269.contig00012,279,279,79.211,1,279,14197,14475,5.99e-63,242.0,1.0
group_6880,JACVHJ010000002.1,1071,1071,99.066,1,1071,156644,157708,0.0,1888.0,1.0
group_6886,NZ_NNEL01000027,339,335,100.0,5,339,152255,151921,5.68e-172,605.0,0.9882005899705014
group_6887,NZ_MUXG01000025,1041,1041,91.354,1,1041,7152,8192,0.0,1472.0,1.0
group_689,VP15198.contig00003,1257,1257,95.147,1,1257,334548,333292,0.0,1993.0,1.0
group_6892,DADYHI010000008,330,330,97.879,1,330,53720,54049,1.6899999999999998e-159,564.0,1.0
group_6896,JACVHT010000003.1,213,213,85.915,1,213,172696,172484,2.99e-65,250.0,1.0
group_6898,NZ_JABCIE010000019,723,727,76.891,1,723,33508,34230,3.64e-153,544.0,1.0055325034578146
group_69,JAJGNV010000002.1,207,207,80.676,1,207,164708,164502,1.9499999999999998e-48,194.0,1.0
group_690,SPVP140107.contig00001,450,450,98.889,1,450,694594,694145,0.0,790.0,1.0
group_6902,NZ_JABCCB010000015,750,750,84.533,1,750,9636,8887,0.0,830.0,1.0
group_6905,JACVHJ010000002.1,894,894,76.957,1,894,212094,212987,0.0,684.0,1.0
group_6908,NZ_BAVK01000018,3474,3474,100.0,1,3474,17454,13981,0.0,6266.0,1.0
group_6913,JACVHJ010000009.1,693,667,96.702,1,667,6143,5477,0.0,1104.0,0.9624819624819625
group_6914,NZ_LFYN01000039,1329,1308,98.394,1,1308,186296,187603,0.0,2265.0,0.9841986455981941
group_6916,DADYHI010000002,111,109,99.083,1,109,385901,385793,3.19e-48,193.0,0.9819819819819819
group_6917,NZ_NNHO01000009,1071,1060,69.906,22,1070,200125,201167,3.9400000000000004e-123,445.0,0.9897292250233427
group_6923,VP11139.contig00006,276,276,99.275,1,276,21263,20988,2.5199999999999997e-137,489.0,1.0
group_6928,JADQEE010000002.1,1815,1815,100.0,1,1815,141655,139841,0.0,3274.0,1.0
group_6931,VP07003.contig00003,1263,1263,99.921,1,1263,202593,203855,0.0,2274.0,1.0
group_6936,SRR19641559.contig00006,1146,1146,100.0,1,1146,133519,134664,0.0,2067.0,1.0
group_6939,SPVP150169.contig00001,2457,2457,97.151,1,2457,505138,502682,0.0,4116.0,1.0
group_6942,JACVHJ010000009.1,513,513,99.61,1,513,8104,7592,0.0,917.0,1.0
group_6947,SPVP110054.contig00010,216,207,93.72,1,207,39463,39257,8.690000000000001e-85,315.0,0.9583333333333334
group_6949,SRR18034811.contig00003,1092,1092,99.908,1,1092,435376,436467,0.0,1966.0,1.0
group_6950,SPVP140285.contig00005,1035,984,76.626,1,978,104300,103323,0.0,718.0,0.9507246376811594
group_6962,JACVHJ010000002.1,1707,1709,76.829,1,1707,157769,159475,0.0,1283.0,1.0011716461628588
group_6965,NZ_JABCIE010000019,987,987,100.0,1,987,8323,7337,0.0,1781.0,1.0
group_6966,SRR18762455.contig00002,642,642,96.106,1,642,96295,95655,0.0,1042.0,1.0
group_6967,NZ_CP046785,1146,1124,82.384,6,1128,756942,755820,0.0,1128.0,0.9808027923211169
group_6968,NZ_CP051100,3069,3056,92.245,10,3065,766394,763339,0.0,4443.0,0.9957640925382861
group_6983,SRR4016801.contig00007,1533,1519,85.648,10,1525,75308,73808,0.0,1758.0,0.9908675799086758
group_6984,VP15198.contig00003,1131,1131,95.844,1,1131,336522,335392,0.0,1829.0,1.0
group_6987,NZ_JABCIE010000008,786,793,73.518,1,786,5561,4776,1.5799999999999998e-126,456.0,1.008905852417303
group_6988,AAXOXW010000025,270,270,100.0,1,270,47758,48027,8.58e-137,488.0,1.0
group_699,SPVP170011.contig00001,255,255,98.824,1,255,740137,739883,2.46e-124,447.0,1.0
group_6990,SPVP140260.contig00008,210,210,96.19,1,210,82380,82589,1.73e-93,343.0,1.0
group_6996,JACVHI010000016.1,1203,1203,97.756,1,1203,91708,90521,0.0,2058.0,1.0
group_70,NZ_JABCFE010000002,792,792,96.843,1,792,178898,179668,0.0,1331.0,1.0
group_7008,NZ_JABCCB010000003,546,546,100.0,1,546,427266,427811,0.0,985.0,1.0
group_701,SRR19641559.contig00004,2349,2348,74.872,1,2342,27748,25428,0.0,1569.0,0.9995742869306088
group_7011,VP07269.contig00012,1413,1413,99.505,1,1413,15683,17095,0.0,2517.0,1.0
group_7012,SRR11823751.contig00025,438,438,91.553,1,438,667,230,0.0,637.0,1.0
group_7014,SPVP170049.contig00024,742,742,99.461,1,742,1067,326,0.0,1321.0,1.0
group_7016,VP07269.contig00001,1092,1092,99.725,1,1092,439319,438228,0.0,1957.0,1.0
group_7018,NZ_JABCIE010000019,525,525,100.0,1,525,34966,35490,0.0,948.0,1.0
group_7021,SPVP170146.contig00003,990,994,87.123,1,990,29377,28391,0.0,1195.0,1.004040404040404
group_7025,NZ_MUXG01000019,525,519,93.449,1,519,12846,13364,0.0,783.0,0.9885714285714285
group_7035,SPVP140285.contig00005,1902,1902,94.006,1,1902,106192,104297,0.0,2918.0,1.0
group_7044,SPVP170162.contig00006,241,241,99.585,1,241,297569,297808,2.16e-118,427.0,1.0
group_7046,AAXOXW010000047,1047,1047,96.944,1,1047,5802,4756,0.0,1745.0,1.0
group_7058,NZ_KK020625,252,254,85.039,1,252,190805,190554,6.120000000000001e-75,282.0,1.007936507936508
group_7059,SPVP170146.contig00014,672,604,94.868,1,599,786,183,0.0,932.0,0.8988095238095238
group_7061,NZ_JABCIE010000019,1200,1200,99.417,1,1200,2956,1757,0.0,2133.0,1.0
group_7065,NZ_MUXG01000015,2136,2136,99.345,1,2136,42583,44718,0.0,3790.0,1.0
group_7066,NZ_MUXG01000015,342,342,99.708,1,342,45522,45862,4.71e-173,609.0,1.0
group_7069,NZ_KK020603,954,955,96.963,1,954,308141,307187,0.0,1589.0,1.00104821802935
group_707,SRR18609788.contig00010,936,935,93.69,1,935,143443,142509,0.0,1421.0,0.9989316239316239
group_7075,SPVP170102.contig00006,363,363,99.725,1,363,8090,7728,0.0,651.0,1.0
group_7080,NZ_KK020586,999,999,100.0,1,999,20442,21440,0.0,1802.0,1.0
group_7081,SRR18034811.contig00008,807,807,96.902,1,807,227295,226489,0.0,1343.0,1.0
group_7083,NZ_NNKS01000201,507,507,100.0,1,507,10455,9949,0.0,915.0,1.0
group_7084,SPVP140285.contig00009,411,411,100.0,1,411,220133,219723,0.0,742.0,1.0
group_7090,VP07269.contig00008,3390,3390,99.617,1,3390,34322,30933,0.0,6056.0,1.0
group_7094,VP07269.contig00008,600,600,99.833,1,600,36158,36757,0.0,1078.0,1.0
group_7099,DADYHI010000008,393,393,96.947,1,393,54100,54492,0.0,655.0,1.0
group_710,VP06050.contig00005,768,768,92.578,1,768,210592,209825,0.0,1129.0,1.0
group_7101,SRR16324073.contig00008,972,972,99.897,1,972,51569,50598,0.0,1749.0,1.0
group_7105,VP07003.contig00001,537,537,97.952,1,537,287909,288445,0.0,920.0,1.0
group_7106,SPVP140212.contig00008,636,637,98.43,1,636,521,1156,0.0,1097.0,1.001572327044025
group_7108,NZ_MUXG01000009,465,372,98.925,1,372,64149,64519,0.0,650.0,0.8
group_7109,NZ_JAFLNR010000043,666,588,68.027,35,621,2828,2242,1.1e-51,206.0,0.8828828828828829
group_7111,ABDZFE010000019,1077,1077,97.957,1,1077,10422,11498,0.0,1844.0,1.0
group_7112,NZ_MUXG01000004,1071,1071,100.0,1,1071,447088,448158,0.0,1932.0,1.0
group_7114,SRR11350400.contig00006,729,729,100.0,1,729,155482,156210,0.0,1315.0,1.0
group_7117,SPVP150085.contig00023,1719,1721,91.4,1,1719,39047,37329,0.0,2432.0,1.0011634671320535
group_7118,NZ_JABCFE010000003,330,331,99.396,1,330,522275,521945,5.1700000000000003e-166,585.0,1.003030303030303
group_7119,SRR16324073.contig00002,414,373,92.761,44,414,3283,2911,2.0199999999999999e-153,545.0,0.9009661835748792
group_7123,SRR13684777.contig00101,957,957,100.0,1,957,60,1016,0.0,1727.0,1.0
group_7127,JACVHI010000026.1,375,375,97.067,1,375,19844,20218,1.94e-178,627.0,1.0
group_713,NZ_NNHO01000001,735,735,94.694,1,735,76613,77341,0.0,1151.0,1.0
group_7131,SRR19641559.contig00017,792,792,95.328,1,792,28651,27872,0.0,1269.0,1.0
group_7133,DADYHI010000031,210,210,72.381,1,210,7423,7217,4.37e-25,116.0,1.0
group_7135,SPVP140260.contig00018,327,327,100.0,1,327,16184,15858,1.2000000000000002e-167,590.0,1.0
group_7139,VP06050.contig00019,1551,1552,84.021,1,1551,47232,45772,0.0,1733.0,1.0006447453255964
group_714,JADQEE010000018.1,225,226,99.558,1,225,7153,6928,2.7800000000000005e-110,400.0,1.0044444444444445
group_7151,VP10022.contig00008,474,453,74.834,22,474,202359,201907,3.7199999999999998e-81,304.0,0.9556962025316456
group_7152,NZ_JACBSZ010000012,210,214,98.131,1,210,155987,156200,1.52e-100,368.0,1.019047619047619
group_7154,NZ_KK020603,696,698,80.802,1,695,99784,100469,0.0,655.0,1.0028735632183907
group_7155,NZ_CP046785,927,927,99.892,1,927,2976393,2975467,0.0,1668.0,1.0
group_7161,SRR18763195.contig00002,1023,1023,99.707,1,1023,41952,40930,0.0,1832.0,1.0
group_7166,VP10022.contig00015,648,542,74.354,92,632,31458,30918,5.89e-93,344.0,0.8364197530864198
group_7168,SPVP170102.contig00004,423,423,99.527,1,423,353560,353138,0.0,755.0,1.0
group_7169,SPVP170011.contig00002,252,252,99.603,1,252,91429,91178,2e-125,451.0,1.0
group_7175,JACVHI010000006.1,468,420,84.524,49,468,323215,322796,1.7800000000000003e-129,465.0,0.8974358974358975
group_7180,SRR16324073.contig00005,256,256,99.219,1,256,355457,355203,2.0300000000000001e-125,450.0,1.0
group_7184,NZ_NNKS01000007,873,873,98.969,1,873,47420,46554,0.0,1535.0,1.0
group_719,JADQEE010000002.1,486,486,99.794,1,486,425785,426270,0.0,873.0,1.0
group_7196,NZ_JABCBH010000019,651,651,100.0,1,651,17866,17216,0.0,1175.0,1.0
group_7198,VP10022.contig00015,801,801,92.26,1,801,27796,28568,0.0,1173.0,1.0
group_7201,SPVP170146.contig00027,930,904,95.465,27,930,21750,22653,0.0,1446.0,0.9720430107526882
group_7202,SPVP110054.contig00040,369,373,95.71,1,369,1171,800,3.23e-169,597.0,1.010840108401084
group_7207,SRR13684777.contig00021,120,120,97.5,1,120,46898,46779,1.96e-51,204.0,1.0
group_7215,SRR18762455.contig00006,2205,2205,97.778,1,2205,192422,190218,0.0,3756.0,1.0
group_7216,SPVP140285.contig00009,645,597,99.497,49,645,204150,203554,0.0,1064.0,0.9255813953488372
group_7217,SPVP140285.contig00009,588,589,99.491,1,587,203539,202951,0.0,1047.0,1.001700680272109
group_7218,SPVP140285.contig00009,543,544,99.449,1,543,202854,202311,0.0,965.0,1.0018416206261511
group_7219,SPVP110054.contig00005,576,574,99.826,3,576,374753,374180,0.0,1031.0,0.9965277777777778
group_7220,SPVP150085.contig00011,354,354,98.87,1,354,151435,151085,1.15e-174,615.0,1.0
group_7222,VP11139.contig00007,369,369,100.0,1,369,81985,82353,0.0,666.0,1.0
group_7223,VP07003.contig00009,1644,1633,71.157,20,1643,81416,83020,0.0,779.0,0.9933090024330901
group_7224,SRR11823751.contig00003,1089,1089,99.908,1,1089,259206,258118,0.0,1960.0,1.0
group_7246,NZ_NNHO01000034,267,267,97.004,1,267,18596,18862,2.59e-124,446.0,1.0
group_7248,SRR11823751.contig00004,900,900,97.111,1,900,200845,201744,0.0,1507.0,1.0
group_7261,ABDZFE010000021,492,492,97.967,1,492,26690,27181,0.0,843.0,1.0
group_7263,ABDZFE010000021,1038,1038,98.94,1,1038,25588,26625,0.0,1823.0,1.0
group_7265,ABDZFE010000021,342,342,99.415,1,342,25207,25548,4.71e-173,609.0,1.0
group_7266,ABDZFE010000021,1353,1353,98.078,1,1353,23841,25193,0.0,2324.0,1.0
group_7267,ABDZFE010000021,1560,1560,89.679,1,1560,22292,23848,0.0,2086.0,1.0
group_7268,ABDZFE010000021,210,210,97.143,1,210,22083,22292,3.35e-96,352.0,1.0
group_7270,ABDZFE010000021,1914,1914,98.851,1,1914,20173,22086,0.0,3353.0,1.0
group_7271,ABDZFE010000021,603,603,99.337,1,603,19620,20222,0.0,1070.0,1.0
group_7273,AAXOXW010000004,1095,1095,99.269,1,1095,289238,288144,0.0,1939.0,1.0
group_7276,VP15198.contig00004,258,258,99.225,1,258,317974,318231,1.38e-127,457.0,1.0
group_7279,SRR16324073.contig00002,1206,1206,96.352,1,1206,90250,91454,0.0,1974.0,1.0
group_7283,SRR11823751.contig00001,1227,1189,99.832,1,1189,109130,107942,0.0,2136.0,0.9690301548492257
group_7284,SPVP140260.contig00004,1077,1036,94.498,42,1077,134587,133552,0.0,1612.0,0.9619312906220984
group_7285,SRR13684777.contig00044,1533,1533,99.543,1,1533,2403,871,0.0,2734.0,1.0
group_7286,SRR13684777.contig00044,741,741,99.595,1,741,860,120,0.0,1324.0,1.0
group_7288,NZ_JAFLNR010000054,1209,1209,100.0,1,1209,108,1316,0.0,2181.0,1.0
group_7289,SPVP170098.contig00001,606,606,99.835,1,606,1151047,1150442,0.0,1089.0,1.0
group_7290,NZ_JABCCB010000002,729,729,98.765,1,729,546310,547038,0.0,1275.0,1.0
group_7291,VP11139.contig00001,684,684,99.708,1,684,639050,638367,0.0,1225.0,1.0
group_7292,SPVP170049.contig00001,1698,1698,98.115,1,1698,91447,89750,0.0,2919.0,1.0
group_7308,SPVP140285.contig00001,771,714,71.569,1,713,10927,10215,2.16e-99,366.0,0.9260700389105059
group_7309,SPVP150085.contig00040,582,583,99.657,1,582,4013,3431,0.0,1040.0,1.0017182130584192
group_731,NZ_NNHO01000017,480,480,100.0,1,480,29183,28704,0.0,866.0,1.0
group_7311,NZ_JNSU02000052,381,381,96.063,1,381,3023,2654,6.89e-178,626.0,1.0
group_7312,NZ_JNSU02000052,531,531,99.812,1,531,3550,3020,0.0,954.0,1.0
group_7313,NZ_JNSU02000052,792,808,97.772,1,792,4347,3540,0.0,1387.0,1.02020202020202
group_7329,SRR18609788.contig00018,429,429,100.0,1,429,21321,21749,0.0,774.0,1.0
group_7331,JACVHI010000004.1,462,462,100.0,1,462,304023,304484,0.0,834.0,1.0
group_7332,SRR19641559.contig00003,636,637,99.686,1,636,410730,410094,0.0,1137.0,1.001572327044025
group_7339,SRR11823751.contig00002,258,258,100.0,1,258,367,110,2.6600000000000002e-130,466.0,1.0
group_7351,SPVP170162.contig00004,2352,2352,99.702,1,2352,434398,436749,0.0,4211.0,1.0
group_7357,NZ_BAVK01000002,1650,1650,100.0,1,1650,212784,214433,0.0,2976.0,1.0
group_7358,SRR11823751.contig00008,381,381,99.213,1,381,50004,49627,0.0,664.0,1.0
group_7359,NZ_BAVK01000002,1173,1173,100.0,1,1173,209562,210734,0.0,2116.0,1.0
group_7360,SRR11350400.contig00010,1287,1287,97.591,1,1287,189936,191222,0.0,2182.0,1.0
group_7361,SPVP150139.contig00007,2421,2421,97.522,1,2421,19865,17445,0.0,4096.0,1.0
group_7362,SPVP150139.contig00007,279,279,99.642,1,279,20281,20003,4.9e-140,499.0,1.0
group_7363,VP06050.contig00008,1329,1329,100.0,1,1329,135836,134508,0.0,2397.0,1.0
group_7364,DADYHI010000003,1662,1641,99.634,1,1641,241235,239595,0.0,2933.0,0.9873646209386282
group_7368,VP07269.contig00005,261,261,88.889,1,261,44172,43912,2.7e-92,341.0,1.0
group_7370,DADYHI010000005,246,246,96.748,1,246,149779,149540,7.2399999999999995e-112,405.0,1.0
group_7371,VP11139.contig00007,603,603,100.0,1,603,197445,196843,0.0,1088.0,1.0
group_7378,AAXOXW010000010,333,333,100.0,1,333,5991,5659,6.79e-171,601.0,1.0
group_7392,VP15198.contig00001,864,864,96.181,1,864,683940,684803,0.0,1410.0,1.0
group_7396,SRR17888663.contig00001,1935,1935,99.587,1,1935,642056,640123,0.0,3451.0,1.0
group_7400,SPVP170102.contig00002,903,903,98.45,1,903,200780,199878,0.0,1566.0,1.0
group_7406,JACVHT010000007.1,986,986,99.696,1,986,25464,26449,0.0,1765.0,1.0
group_741,NZ_NNHO01000013,570,570,97.018,1,570,73428,72859,0.0,952.0,1.0
group_7415,SRR18034811.contig00002,609,609,98.358,1,609,239788,239180,0.0,1054.0,1.0
group_7428,DADYHI010000030,726,726,98.209,1,726,4374,5099,0.0,1251.0,1.0
group_7429,NZ_MUXG01000015,726,726,99.587,1,726,76624,77349,0.0,1297.0,1.0
group_7433,NZ_BAVK01000019,999,999,99.7,1,999,220957,219959,0.0,1789.0,1.0
group_7436,SPVP140107.contig00007,1443,1446,81.95,1,1443,89604,91046,0.0,1428.0,1.002079002079002
group_7437,SRR11350400.contig00008,1326,1326,99.774,1,1326,37798,39123,0.0,2379.0,1.0
group_7438,VP10022.contig00002,792,792,100.0,1,792,39401,40192,0.0,1429.0,1.0
group_7442,NZ_NNHO01000038,501,501,100.0,1,501,28157,28657,0.0,904.0,1.0
group_745,NZ_JABCBN010000034,570,570,92.281,1,570,4558,3989,0.0,830.0,1.0
group_7450,NZ_CP051100,573,573,91.274,1,573,1949750,1950322,0.0,809.0,1.0
group_7454,NZ_NNHO01000013,846,846,95.863,1,846,73878,74723,0.0,1369.0,1.0
group_7456,SRR16324073.contig00001,570,570,98.596,1,570,947207,947775,0.0,989.0,1.0
group_7471,SPVP140285.contig00026,552,552,100.0,1,552,13502,12951,0.0,996.0,1.0
group_7476,SPVP150045.contig00008,129,129,100.0,1,129,174334,174206,1.2699999999999999e-60,233.0,1.0
group_7500,SRR19641559.contig00012,165,165,96.97,1,165,15417,15581,5.55e-73,276.0,1.0
group_7508,JADQEE010000002.1,591,613,96.248,1,591,409493,410105,0.0,1018.0,1.0372250423011844
group_7509,SRR18034811.contig00002,507,507,98.225,1,507,251074,251580,0.0,875.0,1.0
group_7534,SPVP170162.contig00012,474,474,95.781,1,474,39971,39498,0.0,765.0,1.0
group_7539,SRR11823746.contig00009,531,531,100.0,1,531,63004,63534,0.0,958.0,1.0
group_7540,VP15198.contig00006,1389,1389,99.208,1,1389,413541,412153,0.0,2456.0,1.0
group_755,SPVP140260.contig00027,753,753,99.867,1,753,20165,19413,0.0,1354.0,1.0
group_7550,SRR18762455.contig00007,156,156,98.077,1,156,96535,96380,7.700000000000001e-71,269.0,1.0
group_7561,SRR16324073.contig00002,465,465,100.0,1,465,66754,66290,0.0,839.0,1.0
group_7575,VP11139.contig00011,456,456,100.0,1,456,48820,49275,0.0,823.0,1.0
group_7576,NZ_MUXG01000015,453,453,99.558,1,453,60072,60524,0.0,809.0,1.0
group_7582,SPVP140259.contig00001,471,471,99.788,1,471,851683,851213,0.0,846.0,1.0
group_7588,AAXNRW010000005,507,507,99.606,1,507,50794,50289,0.0,902.0,1.0
group_7589,SRR18034811.contig00008,486,486,94.239,1,486,211896,212381,0.0,751.0,1.0
group_7590,SPVP150139.contig00005,723,723,100.0,1,723,378516,379238,0.0,1305.0,1.0
group_7595,SRR18609788.contig00024,1305,1305,100.0,1,1305,13470,12166,0.0,2354.0,1.0
group_7596,SRR16324073.contig00001,1377,1336,99.85,42,1377,135545,136880,0.0,2401.0,0.9702251270878722
group_7598,VP11139.contig00002,438,438,100.0,1,438,341017,340580,0.0,791.0,1.0
group_7599,AAXNRW010000007,570,570,99.825,1,570,43021,43589,0.0,1021.0,1.0
group_76,NZ_JAFLNR010000001,735,735,100.0,1,735,616248,615514,0.0,1326.0,1.0
group_760,SPVP170011.contig00004,255,255,99.608,1,255,349692,349438,4.76e-127,456.0,1.0
group_7600,NZ_NNEL01000020,606,606,100.0,1,606,30846,31451,0.0,1094.0,1.0
group_7601,NZ_BAVK01000013,1662,1656,88.345,7,1662,28295,26643,0.0,2115.0,0.9963898916967509
group_7602,SPVP140260.contig00003,582,602,96.678,1,582,374597,375198,0.0,1010.0,1.034364261168385
group_7603,SPVP170146.contig00010,399,399,91.228,1,399,170207,169827,4.88e-161,570.0,1.0
group_7606,SPVP140285.contig00005,804,804,100.0,1,804,162956,162153,0.0,1451.0,1.0
group_7607,NZ_BAVK01000003,204,204,100.0,1,204,2388,2591,4.21e-101,369.0,1.0
group_7608,NZ_BAVK01000003,588,588,100.0,1,588,5227,5814,0.0,1061.0,1.0
group_7612,SPVP150085.contig00040,570,570,97.018,1,570,4675,4107,0.0,948.0,1.0
group_7613,SPVP140212.contig00010,1311,1311,99.847,1,1311,84421,83111,0.0,2356.0,1.0
group_7614,SPVP140212.contig00010,618,618,100.0,1,618,85035,84418,0.0,1115.0,1.0
group_7616,SPVP170098.contig00006,570,570,99.825,1,570,259133,258564,0.0,1024.0,1.0
group_7617,VP06050.contig00015,213,213,100.0,1,213,21512,21300,5.76e-106,385.0,1.0
group_762,VP06050.contig00018,411,411,91.971,1,411,55355,54945,4.42e-168,593.0,1.0
group_7621,SPVP150085.contig00073,372,348,100.0,25,372,348,1,5.51e-179,628.0,0.9354838709677419
group_7622,NZ_LFYN01000077,165,165,100.0,1,165,5485,5321,4.87e-80,298.0,1.0
group_7623,SRR11823746.contig00009,528,528,99.621,1,528,16744,17269,0.0,941.0,1.0
group_7624,SPVP170049.contig00015,759,759,97.76,1,759,37951,37193,0.0,1293.0,1.0
group_7625,ABDZFE010000020,677,677,99.114,1,677,48872,48198,0.0,1187.0,1.0
group_7627,NZ_JABCFE010000001,171,171,98.246,1,171,546742,546909,2.16e-78,294.0,1.0
group_7628,VP11139.contig00001,378,378,100.0,1,378,105801,105424,0.0,682.0,1.0
group_7629,SPVP170049.contig00005,537,537,97.393,1,537,390564,390028,0.0,906.0,1.0
group_7632,NZ_JABCFE010000009,423,423,100.0,1,423,29683,30105,0.0,764.0,1.0
group_7633,JACVHJ010000043.1,411,411,100.0,1,411,12597,13007,0.0,742.0,1.0
group_7634,NZ_JABCFE010000015,1152,1152,99.74,1,1152,6236,7386,0.0,2061.0,1.0
group_7637,VP11139.contig00006,321,321,99.688,1,321,23470,23789,1.1e-161,572.0,1.0
group_7638,VP06050.contig00005,399,399,96.241,1,399,260629,260231,0.0,653.0,1.0
group_7639,SPVP170162.contig00009,405,405,99.506,1,405,126934,126530,0.0,722.0,1.0
group_7644,NZ_MUXG01000015,402,402,99.751,1,402,58612,59013,0.0,721.0,1.0
group_7645,SPVP170011.contig00007,474,475,99.158,1,474,348136,348610,0.0,836.0,1.0021097046413503
group_7647,SRR18034811.contig00004,325,325,99.077,1,325,431658,431335,3.9100000000000006e-161,570.0,1.0
group_7652,JADQEE010000032.1,486,486,99.794,1,486,7106,7591,0.0,873.0,1.0
group_7655,SRR16324073.contig00006,189,189,99.471,1,189,317439,317627,2.28e-91,337.0,1.0
group_7657,AAXOXW010000007,1242,1242,99.839,1,1242,257524,258765,0.0,2232.0,1.0
group_7659,JACVHJ010000043.1,345,345,100.0,1,345,12188,12532,2.16e-177,623.0,1.0
group_7660,DADYHI010000013,1326,1195,92.552,132,1326,82106,83300,0.0,1755.0,0.9012066365007542
group_7661,SPVP170146.contig00010,318,318,96.855,1,318,120191,119880,4.08e-148,526.0,1.0
group_7663,NZ_JABCIE010000006,561,561,95.722,1,561,235463,234904,0.0,901.0,1.0
group_7666,SPVP150139.contig00019,606,606,98.515,1,606,4148,4745,0.0,1056.0,1.0
group_7667,SPVP150139.contig00015,744,745,99.597,1,744,94300,95043,0.0,1324.0,1.0013440860215055
group_7670,JACVHT010000002.1,920,920,99.457,1,920,536291,535374,0.0,1630.0,1.0
group_7680,SPVP170162.contig00012,379,372,100.0,8,379,41385,41756,0.0,672.0,0.9815303430079155
group_7682,ABDZFE010000027,246,246,98.374,1,246,4898,4653,2.22e-118,426.0,1.0
group_7683,SPVP140285.contig00005,165,165,100.0,1,165,449112,449276,4.87e-80,298.0,1.0
group_7685,DADYHI010000005,145,141,100.0,5,145,149410,149550,4.4399999999999995e-67,255.0,0.9724137931034482
group_7686,NZ_JABCBN010000011,228,228,100.0,1,228,65111,65338,4.48e-114,412.0,1.0
group_7687,JACVHI010000018.1,363,363,99.725,1,363,72703,73065,0.0,651.0,1.0
group_7690,SPVP150085.contig00038,219,219,100.0,1,219,6209,5991,3.2900000000000004e-109,396.0,1.0
group_7691,SRR11823751.contig00035,423,423,100.0,1,423,6932,7354,0.0,764.0,1.0
group_7692,SRR11823751.contig00035,198,198,100.0,1,198,5170,5367,7.35e-98,358.0,1.0
group_7693,DADYHI010000027,642,642,94.081,1,642,29931,29293,0.0,985.0,1.0
group_7694,VP06050.contig00062,279,277,86.282,2,278,1319,1064,2.38e-93,343.0,0.992831541218638
group_7697,SPVP140260.contig00001,573,573,99.825,1,573,7960,7388,0.0,1030.0,1.0
group_77,SPVP170162.contig00006,2685,2685,95.866,1,2685,294433,297117,0.0,4342.0,1.0
group_7703,SPVP140090.contig00003,1611,1611,99.876,1,1611,368327,369937,0.0,2897.0,1.0
group_7706,SPVP140090.contig00003,684,684,100.0,1,684,370559,371242,0.0,1234.0,1.0
group_7707,VP15198.contig00006,321,321,100.0,1,321,383142,383462,2.13e-164,580.0,1.0
group_7713,ABDZFE010000021,333,335,72.836,4,333,29555,29878,2.09e-44,182.0,1.006006006006006
group_7716,SPVP150139.contig00003,732,732,100.0,1,732,702,1433,0.0,1321.0,1.0
group_7717,SPVP150085.contig00001,351,351,99.145,1,351,110712,110362,2.68e-176,620.0,1.0
group_7718,NZ_KK020603,1623,1623,98.644,1,1623,129349,130971,0.0,2828.0,1.0
group_7725,NZ_KK020614,798,798,100.0,1,798,167040,167837,0.0,1440.0,1.0
group_7728,SPVP150139.contig00012,327,327,97.859,1,327,49116,49442,7.11e-158,559.0,1.0
group_7729,VP11139.contig00023,453,453,99.779,1,453,4489,4037,0.0,813.0,1.0
group_7735,VP06050.contig00018,318,318,99.371,1,318,52093,51776,4.65e-160,565.0,1.0
group_7736,VP06050.contig00018,1464,1464,95.287,1,1464,54716,53253,0.0,2330.0,1.0
group_7737,SPVP150085.contig00040,882,882,99.773,1,882,6169,5288,0.0,1582.0,1.0
group_774,SPVP140212.contig00007,1410,1166,75.214,28,1191,107678,106515,0.0,791.0,0.826950354609929
group_7743,VP06050.contig00043,675,675,97.926,1,675,2077,1403,0.0,1155.0,1.0
group_7749,SRR11823746.contig00009,1254,1254,100.0,1,1254,60275,61528,0.0,2262.0,1.0
group_7750,DADYHI010000031,204,204,100.0,1,204,10477,10274,4.21e-101,369.0,1.0
group_7756,VP10022.contig00008,438,438,99.543,1,438,201916,201479,0.0,782.0,1.0
group_776,SRR13684777.contig00003,498,498,89.96,1,498,1518,2015,0.0,673.0,1.0
group_7764,NZ_JABCFE010000009,178,178,98.315,1,178,32212,32388,1.25e-81,305.0,1.0
group_7765,SRR18762455.contig00006,3246,3138,99.171,109,3246,189002,185865,0.0,5543.0,0.966728280961183
group_7775,SPVP150085.contig00054,387,387,97.416,1,387,1818,1432,0.0,654.0,1.0
group_7786,NZ_BAVK01000003,825,825,95.152,1,825,4245,5069,0.0,1308.0,1.0
group_779,VP06050.contig00002,675,675,86.222,1,675,293146,293820,0.0,799.0,1.0
group_7800,VP11139.contig00007,114,114,95.614,1,114,324684,324797,1.71e-45,184.0,1.0
group_7803,NZ_JABCBN010000024,306,306,99.02,1,306,8631,8326,6.19e-152,539.0,1.0
group_7804,SPVP110054.contig00005,267,267,97.753,1,267,232787,233047,5.01e-127,456.0,1.0
group_7807,SRR18762455.contig00006,2169,2170,99.309,1,2169,206210,204041,0.0,3843.0,1.0004610419548179
group_7809,SRR19641559.contig00003,201,201,99.502,1,201,3341,3141,7.48e-98,359.0,1.0
group_781,SRR13684777.contig00002,1086,1067,83.505,1,1067,271364,270298,0.0,1131.0,0.9825046040515654
group_7810,VP15198.contig00014,183,183,98.907,1,183,82682,82500,4.83e-87,322.0,1.0
group_7818,VP11139.contig00006,753,753,99.867,1,753,179277,178525,0.0,1354.0,1.0
group_7820,JADQEE010000007.1,414,414,99.275,1,414,174454,174041,0.0,734.0,1.0
group_7827,NZ_KK020600,492,492,100.0,1,492,2180,2671,0.0,888.0,1.0
group_7829,SPVP170098.contig00007,1251,1251,96.563,1,1251,6968,5718,0.0,2063.0,1.0
group_7830,SPVP110054.contig00005,1591,1591,99.497,1,1591,397205,395615,0.0,2834.0,1.0
group_7832,SRR16324073.contig00001,1377,1378,99.637,1,1377,935306,933929,0.0,2460.0,1.0007262164124908
group_7833,VP07269.contig00008,1527,1527,99.411,1,1527,36767,38287,0.0,2715.0,1.0
group_7836,VP07003.contig00010,564,564,97.34,1,564,70279,69716,0.0,950.0,1.0
group_7837,VP11139.contig00004,234,233,99.571,1,233,386033,385801,3.7899999999999997e-115,416.0,0.9957264957264957
group_7838,SPVP110054.contig00005,1476,1476,100.0,1,1476,395089,393614,0.0,2663.0,1.0
group_7843,JACVHI010000008.1,231,229,78.166,1,229,56781,56553,9.4e-47,188.0,0.9913419913419913
group_7844,SPVP110054.contig00001,147,139,82.734,9,147,294351,294489,2.06e-33,143.0,0.9455782312925171
group_7853,VP07269.contig00005,237,194,95.876,1,194,73367,73174,9.66e-85,315.0,0.8185654008438819
group_7881,SPVP140212.contig00010,510,510,99.804,1,510,85525,85016,0.0,916.0,1.0
group_7882,NZ_KK020570,939,940,95.957,1,939,338031,338969,0.0,1517.0,1.0010649627263046
group_7883,SPVP170102.contig00001,120,120,100.0,1,120,795138,795257,8.88e-56,217.0,1.0
group_7884,SPVP150085.contig00043,180,180,99.444,1,180,3962,3784,2.0100000000000002e-85,317.0,1.0
group_7885,SPVP140259.contig00012,285,285,100.0,1,285,1353,1069,6.53e-145,515.0,1.0
group_7889,SPVP140259.contig00073,246,246,99.593,1,246,410,655,3.5100000000000004e-122,440.0,1.0
group_7892,SRR11823751.contig00003,489,489,100.0,1,489,439872,439384,0.0,883.0,1.0
group_7897,JADQEE010000009.1,882,886,99.097,1,882,100442,99557,0.0,1562.0,1.0045351473922903
group_7899,VP07269.contig00005,162,162,98.148,1,162,30732,30571,4.46e-74,279.0,1.0
group_7906,VP11139.contig00015,246,246,98.78,1,246,34813,35058,1.8199999999999998e-119,431.0,1.0
group_7907,VP06050.contig00002,147,147,97.959,1,147,294176,294319,1.92e-65,251.0,1.0
group_791,NZ_JABCIE010000005,426,426,98.826,1,426,3951,4376,0.0,746.0,1.0
group_7912,DADYHI010000032,292,292,99.658,1,292,5050,4760,5.5e-146,519.0,1.0
group_7914,SPVP140285.contig00010,112,112,99.107,1,112,8657,8767,9.26e-49,195.0,1.0
group_7917,NZ_JABCBN010000031,306,306,100.0,1,306,2410,2715,2.81e-156,553.0,1.0
group_7920,SPVP140260.contig00001,558,558,98.387,1,558,6159,5602,0.0,966.0,1.0
group_7921,SPVP150169.contig00009,993,993,99.698,1,993,6537,5545,0.0,1778.0,1.0
group_7922,SPVP140259.contig00003,1164,1112,96.313,1,1112,672988,674099,0.0,1821.0,0.9553264604810997
group_7925,SRR17888663.contig00009,138,138,100.0,1,138,111006,111143,1.79e-65,250.0,1.0
group_7927,SPVP110054.contig00010,1848,1849,90.481,1,1848,45011,43163,0.0,2538.0,1.0005411255411256
group_7929,SRR18762455.contig00010,2028,1969,78.415,70,2028,81624,83573,0.0,1630.0,0.9709072978303748
group_7930,SPVP140212.contig00002,315,315,99.048,1,315,576372,576686,8.310000000000001e-157,555.0,1.0
group_7931,JADQEE010000028.1,390,390,99.487,1,390,11385,11774,0.0,695.0,1.0
group_7932,SRR16324073.contig00019,507,506,96.443,3,507,6731,7236,0.0,829.0,0.9980276134122288
group_7934,SPVP170098.contig00003,789,789,97.212,1,789,411350,412138,0.0,1324.0,1.0
group_7935,NZ_JABCFE010000009,498,497,97.183,3,498,77790,78286,0.0,830.0,0.9979919678714859
group_7936,SPVP170102.contig00019,414,392,100.0,1,392,8141,8532,0.0,708.0,0.9468599033816425
group_7939,ABDZFE010000026,519,517,98.453,3,519,3988,4504,0.0,897.0,0.9961464354527938
group_794,JAJGNV010000030.1,1041,1041,98.175,1,1041,4181,3141,0.0,1792.0,1.0
group_7940,NZ_JABCFE010000015,123,123,98.374,1,123,12566,12444,1.12e-54,214.0,1.0
group_7941,SRR18763195.contig00018,309,309,99.029,1,309,36286,36594,1.47e-153,545.0,1.0
group_7942,NZ_CP051100,714,714,99.86,1,714,729300,728587,0.0,1284.0,1.0
group_7945,NZ_NNHO01000058,618,617,94.814,1,617,1142,526,0.0,969.0,0.9983818770226537
group_7946,NZ_JABCBN010000011,630,630,99.841,1,630,69453,70082,0.0,1132.0,1.0
group_7951,VP10022.contig00002,1020,1012,95.059,5,1015,725801,724790,0.0,1597.0,0.9921568627450981
group_7952,SPVP170102.contig00006,345,345,99.42,1,345,210105,210449,1.12e-174,614.0,1.0
group_7955,SRR16324073.contig00001,1116,1116,97.76,1,1116,1083305,1082193,0.0,1899.0,1.0
group_7956,SPVP150045.contig00008,318,318,96.226,1,318,172918,172601,1.7299999999999998e-146,520.0,1.0
group_7957,AAXOXW010000033,1539,1539,99.675,1,1539,7094,8632,0.0,2754.0,1.0
group_7960,VP11139.contig00035,450,450,98.444,1,450,1762,2205,0.0,782.0,1.0
group_7964,ABDZFE010000027,219,219,96.804,1,219,4624,4406,1.94e-99,364.0,1.0
group_7965,SRR4016801.contig00003,351,351,100.0,1,351,275965,276315,1.22e-180,634.0,1.0
group_7966,SPVP140107.contig00007,438,438,76.027,1,438,97517,97954,5.42e-85,317.0,1.0
group_7967,VP06050.contig00053,741,741,97.976,1,741,933,1673,0.0,1269.0,1.0
group_797,SRR17888663.contig00003,1881,1645,69.605,147,1784,436891,438528,0.0,685.0,0.8745348219032429
group_7971,NZ_NNHO01000001,297,298,94.966,1,297,89424,89721,3.1e-130,467.0,1.0033670033670035
group_7972,SRR11823746.contig00011,519,519,98.266,1,519,98385,97876,0.0,900.0,1.0
group_7973,DADYHI010000034,1260,1260,98.016,1,1260,260,1516,0.0,2159.0,1.0
group_7977,JACVHI010000018.1,648,648,99.383,1,648,22512,23159,0.0,1151.0,1.0
group_7978,NZ_MUXG01000015,201,201,99.502,1,201,24737,24937,7.48e-98,359.0,1.0
group_7981,SPVP170102.contig00001,282,282,97.518,1,282,792434,792715,1.62e-133,478.0,1.0
group_7984,SPVP170102.contig00006,159,172,91.86,1,159,211839,212010,4.9699999999999996e-67,255.0,1.0817610062893082
group_7985,VP07003.contig00030,366,366,74.317,1,366,4879,4514,3.43e-61,237.0,1.0
group_7986,NZ_JAFLNR010000009,516,516,98.256,1,516,82721,82206,0.0,891.0,1.0
group_799,JADQEE010000013.1,639,639,99.844,1,639,67617,66979,0.0,1149.0,1.0
group_7996,SRR17888663.contig00010,402,335,98.209,1,335,121883,122217,9.5e-164,578.0,0.8333333333333334
group_7997,JACVHJ010000006.1,1183,1183,97.549,1,1183,9435,8253,0.0,2003.0,1.0
group_7998,SPVP140107.contig00002,369,369,96.206,1,369,690365,690004,6.23e-172,605.0,1.0
group_8012,VP10022.contig00007,1275,1277,99.217,1,1275,135400,134124,0.0,2251.0,1.0015686274509803
group_8013,SPVP140212.contig00002,336,336,98.512,1,336,573864,574199,1.84e-165,584.0,1.0
group_8015,DADYHI010000038,333,302,100.0,32,333,7643,7342,4.58e-154,545.0,0.9069069069069069
group_8016,SPVP170049.contig00005,1515,1515,97.888,1,1515,251348,249834,0.0,2589.0,1.0
group_8017,SRR16324073.contig00001,312,312,97.436,1,312,869359,869048,1.14e-148,527.0,1.0
group_8019,JACVHJ010000006.1,2253,2254,99.867,1,2253,91815,94068,0.0,4048.0,1.0004438526409232
group_8020,SRR18609788.contig00009,195,165,99.394,1,165,823,987,2.52e-78,294.0,0.8461538461538461
group_8022,NZ_JACBSZ010000004,180,178,99.438,1,178,144908,144732,2.45e-84,314.0,0.9888888888888889
group_8023,SRR11350400.contig00010,324,324,95.988,1,324,199383,199060,4.16e-148,526.0,1.0
group_8025,DADYHI010000007,1305,1305,96.245,1,1305,181447,182751,0.0,2133.0,1.0
group_8026,ABDZFE010000027,327,327,94.801,1,327,5221,4895,2.65e-144,514.0,1.0
group_8028,ABDZFE010000009,213,213,97.653,1,213,192082,192289,6.57e-99,362.0,1.0
group_8029,DADYHI010000033,606,539,100.0,1,539,5929,5391,0.0,973.0,0.8894389438943895
group_8030,VP10022.contig00004,867,702,99.715,1,702,175425,176126,0.0,1258.0,0.8096885813148789
group_8036,NZ_JABCIE010000006,274,274,100.0,1,274,69322,69049,5.87e-139,495.0,1.0
group_804,SPVP140259.contig00002,477,478,96.444,1,477,591869,592346,0.0,783.0,1.0020964360587001
group_8042,NZ_JACBSZ010000008,501,499,97.194,3,501,44662,45160,0.0,838.0,0.9960079840319361
group_8044,NZ_KK020655,1194,1125,84.889,1,1114,22689,21573,0.0,1235.0,0.9422110552763819
group_8045,NZ_BAVK01000008,1758,1650,98.667,109,1758,53516,51867,0.0,2877.0,0.9385665529010239
group_8046,JADQEE010000017.1,507,507,99.803,1,507,51902,51396,0.0,911.0,1.0
group_8048,NZ_JABCBH010000001,882,882,96.032,1,882,845144,844263,0.0,1455.0,1.0
group_8049,SRR19641559.contig00012,225,225,100.0,1,225,15569,15793,1.88e-112,407.0,1.0
group_805,SPVP170162.contig00001,429,429,96.037,1,429,329167,328739,0.0,698.0,1.0
group_8050,NZ_JAFLNR010000034,210,210,97.619,1,210,8894,9103,2.7500000000000003e-97,357.0,1.0
group_8051,SPVP170102.contig00004,1527,1527,98.232,1,1527,312028,310502,0.0,2633.0,1.0
group_8052,SPVP170162.contig00007,316,316,98.418,1,316,328749,329064,1.24e-154,548.0,1.0
group_8055,DADYHI010000004,447,447,100.0,1,447,321776,321330,0.0,807.0,1.0
group_8063,VP07003.contig00001,798,798,88.972,1,798,141153,141944,0.0,1044.0,1.0
group_8065,SPVP170162.contig00020,283,283,98.587,1,283,6168,5890,7.39e-138,492.0,1.0
group_8067,AAXNRW010000005,534,534,99.438,1,534,53472,52940,0.0,947.0,1.0
group_8068,NZ_MUXG01000009,300,300,88.0,1,300,61060,60797,2.58e-112,407.0,1.0
group_8069,NZ_NNEL01000025,915,915,98.142,1,915,187669,186756,0.0,1571.0,1.0
group_807,SPVP140259.contig00005,603,603,99.834,1,603,289723,289121,0.0,1084.0,1.0
group_8070,CP078611,396,396,98.232,1,396,1510765,1510370,0.0,684.0,1.0
group_8080,VP11139.contig00015,235,235,99.149,1,235,35069,35302,4.63e-114,412.0,1.0
group_8085,VP11139.contig00015,912,924,98.701,1,912,4452,5375,0.0,1619.0,1.013157894736842
group_8089,NZ_JABCBN010000051,396,396,94.444,1,396,1491,1886,3.72e-175,616.0,1.0
group_8090,SPVP110054.contig00001,528,528,93.561,1,528,295055,295570,0.0,806.0,1.0
group_8091,SPVP170049.contig00001,264,264,98.864,1,264,489651,489388,3.3300000000000006e-129,463.0,1.0
group_8093,VP10022.contig00018,339,339,100.0,1,339,7549,7887,3.83e-174,612.0,1.0
group_8094,SPVP140212.contig00035,354,354,98.305,1,354,2319,1966,4.01e-174,612.0,1.0
group_8096,SRR16324073.contig00001,831,831,85.319,1,831,1086415,1085588,0.0,948.0,1.0
group_8098,SPVP170146.contig00028,900,900,100.0,1,900,10474,9575,0.0,1624.0,1.0
group_8099,SRR13684777.contig00091,303,303,100.0,1,303,497,195,1.18e-154,547.0,1.0
group_8100,SPVP140285.contig00005,531,497,93.36,1,492,449397,449893,0.0,739.0,0.935969868173258
group_8102,NZ_JABCCB010000020,264,264,97.348,1,264,8697,8440,2.5600000000000003e-124,446.0,1.0
group_8104,SPVP140090.contig00004,531,532,99.248,1,531,179758,180289,0.0,939.0,1.0018832391713748
group_8105,SPVP170102.contig00016,243,243,98.354,1,243,7561,7319,9.29e-117,421.0,1.0
group_8106,SPVP140259.contig00050,366,367,96.458,1,366,1581,1216,3.2e-169,597.0,1.0027322404371584
group_8107,SRR11823751.contig00032,756,756,100.0,1,756,787,1542,0.0,1364.0,1.0
group_8110,SPVP140212.contig00002,1080,1080,93.889,1,1080,572783,573862,0.0,1651.0,1.0
group_8112,SPVP170098.contig00006,1871,1871,98.771,1,1871,387975,386107,0.0,3264.0,1.0
group_8113,NZ_JABCFE010000018,465,465,99.355,1,465,1544,2008,0.0,826.0,1.0
group_8116,NZ_KK020636,1770,1770,100.0,1,1770,8679,6910,0.0,3193.0,1.0
group_8118,DADYHI010000027,1920,1919,76.29,1,1917,6758,4845,0.0,1398.0,0.9994791666666667
group_812,SRR17888663.contig00020,1131,975,98.154,1,975,10218,9244,0.0,1678.0,0.8620689655172413
group_8120,NZ_JAFLNR010000009,426,427,99.532,1,426,148089,148515,0.0,758.0,1.0023474178403755
group_8121,SPVP140107.contig00007,1032,1032,98.837,1,1032,96486,97517,0.0,1808.0,1.0
group_8122,JAJGNV010000005.1,1509,1509,95.03,1,1509,329174,330682,0.0,2384.0,1.0
group_8123,NZ_JABCBN010000007,258,258,99.225,1,258,163459,163715,1.6799999999999998e-126,453.0,1.0
group_8124,SPVP170162.contig00026,408,409,94.866,1,408,5071,4665,5e-180,633.0,1.0024509803921569
group_8126,SPVP150045.contig00008,600,600,88.5,1,600,176175,175630,0.0,807.0,1.0
group_8127,NZ_BAVK01000007,450,450,95.778,1,450,277010,277453,0.0,728.0,1.0
group_8128,JACVHJ010000028.1,1386,1386,98.99,1,1386,4988,6373,0.0,2437.0,1.0
group_8130,SRR11350400.contig00009,471,470,91.702,1,470,87552,88021,0.0,673.0,0.9978768577494692
group_8132,SRR18762455.contig00002,1479,1479,100.0,1,1479,370095,368617,0.0,2668.0,1.0
group_8135,SRR17888663.contig00010,246,246,98.374,1,246,110563,110318,2.22e-118,426.0,1.0
group_8136,SPVP170049.contig00015,153,153,92.157,1,153,41260,41108,2.81e-57,223.0,1.0
group_814,DADYHI010000008,975,975,99.487,1,975,52735,53709,0.0,1737.0,1.0
group_8140,SPVP150045.contig00008,661,661,97.882,1,661,172028,171369,0.0,1126.0,1.0
group_8145,SRR18763195.contig00001,225,225,100.0,1,225,789793,790017,1.88e-112,407.0,1.0
group_8146,SRR16324073.contig00001,2403,2033,90.507,1,2023,940587,942606,0.0,2768.0,0.8460258010819809
group_8147,SRR18034811.contig00007,372,371,95.148,1,371,1441,1811,4.83e-167,589.0,0.9973118279569892
group_8148,NZ_JABCIE010000001,282,282,95.745,1,282,131084,130803,5.3e-127,455.0,1.0
group_8151,SRR17888663.contig00010,234,234,95.726,1,234,110310,110080,3.3200000000000004e-103,376.0,1.0
group_8152,JACVHJ010000006.1,1836,1797,98.108,40,1836,12276,10480,0.0,3088.0,0.9787581699346405
group_8156,VP11139.contig00007,615,615,100.0,1,615,198043,197429,0.0,1110.0,1.0
group_8157,SPVP140259.contig00012,1161,1164,76.117,1,1161,2610,1450,0.0,843.0,1.0025839793281655
group_8158,SPVP150045.contig00008,312,291,93.127,1,291,179087,178797,5.55e-121,435.0,0.9326923076923077
group_8160,SPVP170049.contig00015,402,402,99.502,1,402,4162,4561,0.0,714.0,1.0
group_8161,ABDZFE010000029,192,192,99.479,1,192,5518,5708,6.64e-92,339.0,1.0
group_8162,SRR13684777.contig00054,144,134,100.0,1,134,13550,13417,2.78e-63,242.0,0.9305555555555556
group_8163,AAXOXW010000043,720,720,100.0,1,720,1760,1041,0.0,1299.0,1.0
group_8165,VP07269.contig00008,876,876,98.516,1,876,179534,180406,0.0,1516.0,1.0
group_8166,VP06050.contig00005,372,372,99.462,1,372,381914,381543,0.0,663.0,1.0
group_8168,CP078611,123,123,99.187,1,123,2758295,2758417,9.16e-56,218.0,1.0
group_8171,VP15198.contig00012,183,183,100.0,1,183,19788,19606,9.319999999999999e-90,331.0,1.0
group_8173,SPVP140107.contig00020,405,405,98.272,1,405,1200,1604,0.0,700.0,1.0
group_8175,SRR11823746.contig00009,2001,1727,96.063,1,1726,43683,45408,0.0,2801.0,0.8630684657671165
group_8176,NZ_JACBSZ010000029,288,288,90.972,1,288,2225,2512,3e-111,403.0,1.0
group_8177,NZ_JACBSZ010000001,210,203,85.222,1,203,669398,669600,7.889999999999999e-60,232.0,0.9666666666666667
group_8178,DADYHI010000035,645,645,98.915,1,645,5019,5663,0.0,1132.0,1.0
group_8179,ABDZFE010000020,1011,1011,91.197,1,1011,39878,38868,0.0,1423.0,1.0
group_8181,NZ_JAFLNR010000001,687,652,96.472,2,653,377549,378200,0.0,1073.0,0.9490538573508006
group_8182,NZ_JABCIE010000006,285,285,95.789,1,285,63344,63060,1.2599999999999998e-128,461.0,1.0
group_8184,SRR16324073.contig00001,702,581,92.943,1,581,100250,99675,0.0,859.0,0.8276353276353277
group_8185,SPVP170049.contig00005,705,705,98.156,1,705,254413,253709,0.0,1214.0,1.0
group_8186,DADYHI010000008,402,402,94.527,1,402,59009,59410,2.09e-178,627.0,1.0
group_8187,NZ_JABCIE010000006,333,333,97.898,1,333,65116,64784,4.01e-161,570.0,1.0
group_8190,JAJGNV010000004.1,399,399,97.494,1,399,82924,82526,0.0,675.0,1.0
group_8193,SRR11823746.contig00007,1524,1524,100.0,1,1524,91212,89689,0.0,2749.0,1.0
group_8195,DADYHI010000038,1317,1317,97.494,1,1317,2852,1539,0.0,2225.0,1.0
group_8196,NZ_JAFLNR010000001,567,567,99.824,1,567,376905,377471,0.0,1019.0,1.0
group_8197,AAXOXW010000007,636,636,95.912,1,636,239877,240488,0.0,1048.0,1.0
group_8198,SRR18609788.contig00031,387,387,93.282,1,387,5279,4896,2.61e-164,580.0,1.0
group_8199,NZ_JNSU02000003,144,144,98.611,1,144,112820,112677,5.37e-66,251.0,1.0
group_82,SPVP140259.contig00002,405,405,99.506,1,405,487667,487263,0.0,722.0,1.0
group_8200,DADYHI010000002,657,657,95.282,1,657,316954,316298,0.0,1046.0,1.0
group_8201,NZ_JAFLNR010000009,1506,1453,79.972,1,1451,134634,136078,0.0,1296.0,0.9648074369189907
group_8202,SRR17888663.contig00009,2118,2118,100.0,1,2118,152904,150787,0.0,3820.0,1.0
group_8204,NZ_MUXG01000009,414,442,93.665,1,414,52871,53312,0.0,692.0,1.067632850241546
group_8205,SPVP170102.contig00004,735,735,96.19,1,735,366657,367391,0.0,1200.0,1.0
group_8206,NZ_KK020636,1020,1022,94.716,1,1020,6907,5886,0.0,1593.0,1.0019607843137255
group_8209,ABDZFE010000021,504,505,82.376,1,504,28551,29054,7.64e-141,503.0,1.001984126984127
group_8210,ABDZFE010000020,387,380,96.316,1,380,30508,30129,2.44e-177,623.0,0.9819121447028424
group_8212,SPVP170102.contig00019,352,352,98.864,1,352,5186,4836,1.1399999999999999e-174,614.0,1.0
group_8214,SPVP170162.contig00015,291,291,100.0,1,291,5203,5493,3.69e-148,526.0,1.0
group_8215,NZ_CP046785,618,618,95.631,1,618,2461114,2461730,0.0,990.0,1.0
group_8216,SPVP140260.contig00032,435,424,93.632,13,435,17187,17609,0.0,636.0,0.9747126436781609
group_8217,NZ_JACBSZ010000034,438,422,92.654,21,438,1730,1312,1.45e-174,615.0,0.9634703196347032
group_8218,SPVP170162.contig00015,588,589,96.774,1,588,36604,37192,0.0,974.0,1.001700680272109
group_8219,NZ_JABCFE010000014,390,390,99.744,1,390,8803,9192,0.0,700.0,1.0
group_8221,SPVP140090.contig00027,438,438,98.174,1,438,2964,3401,0.0,755.0,1.0
group_8224,SPVP140259.contig00024,453,402,99.751,52,453,143,544,0.0,721.0,0.8874172185430463
group_8225,SRR18034811.contig00002,543,543,94.475,1,543,329589,330109,0.0,860.0,1.0
group_8226,SRR19641559.contig00002,549,549,99.636,1,549,242469,243016,0.0,978.0,1.0
group_8227,JACVHJ010000015.1,177,178,98.876,1,177,44774,44597,2.93e-83,309.0,1.0056497175141244
group_8228,DADYHI010000008,1434,1434,96.165,1,1434,55548,56981,0.0,2339.0,1.0
group_8231,AAXOXW010000037,285,275,86.545,1,275,5416,5690,5.3699999999999996e-89,330.0,0.9649122807017544
group_8233,SRR18762455.contig00008,543,523,91.205,26,543,11252,11772,0.0,720.0,0.9631675874769797
group_8238,SPVP150085.contig00029,606,600,94.667,9,606,19350,19948,0.0,932.0,0.9900990099009901
group_824,NZ_CP046786,303,303,97.03,1,303,508402,508100,3.62e-142,507.0,1.0
group_8243,VP11139.contig00039,582,583,99.657,1,582,936,354,0.0,1040.0,1.0017182130584192
group_8245,SRR17888663.contig00043,1077,1075,96.837,3,1077,2858,1784,0.0,1786.0,0.9981429897864438
group_8246,NZ_JABCCB010000021,564,566,93.11,5,564,7629,7067,0.0,836.0,1.00354609929078
group_8247,SPVP170162.contig00007,276,276,98.188,1,276,328220,327945,5.55e-133,476.0,1.0
group_8251,SPVP170011.contig00001,1074,1074,97.393,1,1074,548867,547794,0.0,1811.0,1.0
group_8252,SRR18762455.contig00001,147,132,93.182,1,132,825841,825710,1.06e-49,198.0,0.8979591836734694
group_8255,SPVP140285.contig00009,2055,2055,95.62,1,2055,63326,61286,0.0,3309.0,1.0
group_8256,NZ_LFYN01000043,288,288,99.653,1,288,3822,4109,6.6e-145,516.0,1.0
group_8257,NZ_JABCCB010000039,396,396,94.697,1,396,1806,1411,3.0499999999999998e-176,620.0,1.0
group_826,VP10022.contig00001,681,620,87.742,1,620,72584,73203,0.0,776.0,0.9104258443465492
group_8260,SPVP170049.contig00018,207,201,89.552,7,207,18517,18317,1.08e-70,269.0,0.9710144927536232
group_8261,SPVP170162.contig00012,867,752,94.814,116,867,39445,38694,0.0,1181.0,0.8673587081891581
group_8262,SPVP170049.contig00015,465,381,98.425,1,381,5183,5563,0.0,661.0,0.8193548387096774
group_8264,SPVP170162.contig00024,594,602,97.176,1,594,3251,2650,0.0,1012.0,1.0134680134680134
group_8265,VP07003.contig00028,495,495,99.192,1,495,14743,14250,0.0,872.0,1.0
group_8267,VP07269.contig00025,411,411,99.513,1,411,17592,18002,0.0,733.0,1.0
group_8268,NZ_JABCFE010000009,474,392,82.143,1,392,35558,35949,9.33e-108,392.0,0.8270042194092827
group_8269,SRR11350400.contig00012,255,254,100.0,2,255,1577,1324,3.9e-128,459.0,0.996078431372549
group_8270,SRR19641559.contig00005,1269,1283,80.436,1,1269,267459,266191,0.0,1145.0,1.0110323089046493
group_8273,ABDZFE010000020,1137,1115,97.668,1,1115,16615,17729,0.0,1894.0,0.980650835532102
group_8274,ABDZFE010000005,255,255,92.941,1,255,163839,164093,2.9999999999999996e-104,379.0,1.0
group_8276,SPVP170102.contig00001,315,315,77.143,1,315,794816,795127,6.85e-63,242.0,1.0
group_8278,SPVP140212.contig00021,366,349,95.129,18,366,5883,6231,3.42e-156,554.0,0.953551912568306
group_8279,SRR18762455.contig00013,618,594,90.236,26,618,65587,64997,0.0,796.0,0.9611650485436893
group_8280,SPVP140259.contig00016,618,561,98.217,1,561,20749,20190,0.0,964.0,0.9077669902912622
group_8282,VP06050.contig00008,240,240,97.5,1,240,150687,150926,2.02e-112,407.0,1.0
group_8285,SPVP170102.contig00002,400,400,99.5,1,400,207824,208221,0.0,710.0,1.0
group_8286,SPVP110054.contig00022,498,497,99.598,1,497,3554,4050,0.0,888.0,0.9979919678714859
group_829,JAJGNV010000005.1,1107,1013,96.15,1,1013,325908,326920,0.0,1652.0,0.9150858175248419
group_8290,VP07269.contig00025,474,425,69.176,37,461,33078,32657,4.5399999999999996e-42,175.0,0.8966244725738397
group_8293,NZ_KK020625,531,528,92.045,6,531,226207,225682,0.0,754.0,0.9943502824858758
group_8294,SPVP140090.contig00017,381,324,84.259,58,381,5964,6287,1.85e-96,355.0,0.8503937007874016
group_8295,SPVP140260.contig00064,1209,1209,95.533,1,1209,1242,34,0.0,1938.0,1.0
group_8296,SPVP170011.contig00001,313,313,98.722,1,313,534788,535099,1.49e-153,544.0,1.0
group_8297,SRR18762455.contig00007,471,471,97.877,1,471,82382,81912,0.0,805.0,1.0
group_8299,SRR17888663.contig00010,111,110,98.182,1,110,106700,106591,1.11e-47,190.0,0.990990990990991
group_8301,SPVP140285.contig00008,2493,2493,96.671,1,2493,154988,157480,0.0,4136.0,1.0
group_8304,SPVP170146.contig00028,1098,1085,74.654,1,1080,10464,11541,0.0,706.0,0.98816029143898
group_8306,JACVHI010000006.1,1026,1026,100.0,1,1026,313125,312100,0.0,1851.0,1.0
group_8307,NZ_JABCBN010000011,1305,1276,68.339,11,1272,63488,64749,1.6800000000000002e-122,443.0,0.9777777777777777
group_8308,SPVP140107.contig00001,2940,2940,95.034,1,2940,728822,725883,0.0,4644.0,1.0
group_8309,SPVP140260.contig00071,306,306,100.0,1,306,501,196,2.81e-156,553.0,1.0
group_8311,SPVP170146.contig00028,978,978,95.399,1,978,2026,2989,0.0,1570.0,1.0
group_8319,SPVP170049.contig00003,171,171,99.415,1,171,63845,63675,1.2e-81,305.0,1.0
group_833,SPVP140090.contig00007,234,226,94.69,9,234,19380,19155,1.09e-96,354.0,0.9658119658119658
group_8330,SRR17888663.contig00020,993,993,97.684,1,993,11506,10514,0.0,1688.0,1.0
group_8336,SRR16324073.contig00004,1062,1062,100.0,1,1062,2943,4004,0.0,1916.0,1.0
group_8338,SRR11350400.contig00001,663,663,95.173,1,663,57077,56415,0.0,1052.0,1.0
group_8342,SPVP170146.contig00018,237,242,97.934,1,237,12997,12756,6.9399999999999995e-112,406.0,1.021097046413502
group_8350,NZ_JABCCB010000024,1164,1164,100.0,1,1164,3317,4480,0.0,2100.0,1.0
group_8355,SPVP170162.contig00002,1005,1005,99.9,1,1005,553210,552206,0.0,1809.0,1.0
group_8364,SRR11823746.contig00009,423,436,96.33,1,423,86054,85619,0.0,722.0,1.0307328605200945
group_8366,SRR18609788.contig00015,136,136,100.0,1,136,13586,13451,2.1400000000000002e-64,246.0,1.0
group_8367,SPVP150169.contig00003,1122,1123,99.822,1,1122,189862,188740,0.0,2013.0,1.000891265597148
group_8371,VP11139.contig00003,546,546,98.901,1,546,63950,63405,0.0,958.0,1.0
group_8372,VP07003.contig00002,675,675,97.037,1,675,291507,290833,0.0,1128.0,1.0
group_8383,NZ_JABCFE010000004,117,117,99.145,1,117,66672,66556,1.55e-52,207.0,1.0
group_8390,SPVP110054.contig00008,858,858,98.019,1,858,88475,89323,0.0,1475.0,1.0
group_8395,SPVP110054.contig00004,408,408,97.549,1,408,453098,453505,0.0,691.0,1.0
group_8396,SPVP110054.contig00015,300,300,97.667,1,300,58825,58526,2.94e-143,510.0,1.0
group_8399,SPVP150045.contig00004,984,984,99.898,1,984,330955,329972,0.0,1771.0,1.0
group_8403,VP11139.contig00010,444,445,98.876,1,444,75572,75128,0.0,777.0,1.0022522522522523
group_8404,SRR18762455.contig00001,2709,2709,98.671,1,2709,1002303,999607,0.0,4730.0,1.0
group_8411,NZ_JABCFE010000017,534,534,100.0,1,534,3448,3981,0.0,964.0,1.0
group_8431,VP06050.contig00009,276,281,95.73,1,276,45867,46147,1.8099999999999998e-126,453.0,1.0181159420289856
group_8432,AAXOXW010000047,732,732,95.765,1,732,4742,4011,0.0,1181.0,1.0
group_8434,NZ_LFYN01000107,318,318,100.0,1,318,2063,1746,8.970000000000001e-163,574.0,1.0
group_8436,NZ_JAFLNR010000001,156,156,100.0,1,156,46122,45967,3.5e-75,282.0,1.0
group_8437,NZ_JAFLNR010000029,543,543,98.527,1,543,18931,18389,0.0,944.0,1.0
group_8438,SPVP140107.contig00001,1413,1413,99.858,1,1413,725890,724478,0.0,2540.0,1.0
group_8439,SPVP110054.contig00015,1239,1239,99.677,1,1239,20899,19661,0.0,2217.0,1.0
group_8443,SPVP150045.contig00003,201,201,99.005,1,201,357353,357552,1.1099999999999999e-95,351.0,1.0
group_8444,ABDZFE010000007,177,177,97.175,1,177,114364,114188,1.85e-79,297.0,1.0
group_8448,SPVP170162.contig00004,534,534,99.625,1,534,63394,62861,0.0,955.0,1.0
group_845,JADQEE010000005.1,573,573,99.127,1,573,237046,236474,0.0,1012.0,1.0
group_8455,VP10022.contig00018,519,519,99.807,1,519,14912,15430,0.0,932.0,1.0
group_8456,VP15198.contig00008,234,234,99.145,1,234,211797,211564,1.32e-114,414.0,1.0
group_8467,DADYHI010000007,492,492,99.797,1,492,43567,44058,0.0,884.0,1.0
group_8468,SRR18034811.contig00002,432,432,99.537,1,432,246372,246803,0.0,771.0,1.0
group_8469,SPVP170049.contig00014,264,278,94.964,1,264,89982,90259,2.5600000000000003e-124,447.0,1.053030303030303
group_8472,SPVP150139.contig00007,159,159,98.113,1,159,1040,1198,1.8500000000000002e-72,274.0,1.0
group_8475,NZ_JABCCB010000028,288,288,100.0,1,288,3723,3436,1.55e-146,520.0,1.0
group_8476,VP11139.contig00061,390,390,100.0,1,390,2436,2825,0.0,704.0,1.0
group_8479,SRR18609788.contig00018,123,124,95.161,1,123,46890,46767,1.05e-48,194.0,1.008130081300813
group_8487,VP11139.contig00034,216,216,99.074,1,216,157,372,7.13e-105,381.0,1.0
group_8490,SPVP150139.contig00013,759,759,97.497,1,759,126756,125998,0.0,1284.0,1.0
group_8493,NZ_JACBSZ010000003,315,315,99.048,1,315,23839,23526,1.01e-155,552.0,1.0
group_8495,VP07269.contig00005,402,402,98.756,1,402,78417,78016,0.0,703.0,1.0
group_8496,VP07269.contig00005,510,510,99.216,1,510,79351,78842,0.0,902.0,1.0
group_8497,SRR16324073.contig00011,486,486,99.588,1,486,85743,85258,0.0,868.0,1.0
group_8498,SPVP170049.contig00014,1173,1173,99.147,1,1173,88635,89807,0.0,2071.0,1.0
group_85,VP06050.contig00001,546,546,96.52,1,546,451671,452216,0.0,900.0,1.0
group_8508,VP06050.contig00001,201,201,99.005,1,201,500263,500463,9.120000000000001e-97,354.0,1.0
group_8509,JACVHJ010000004.1,573,573,100.0,1,573,4773,5345,0.0,1034.0,1.0
group_851,SPVP150045.contig00008,208,208,99.519,1,208,179291,179084,1.2299999999999999e-101,371.0,1.0
group_8516,JACVHI010000018.1,192,192,100.0,1,192,19277,19468,1.28e-94,347.0,1.0
group_8519,VP15198.contig00004,195,195,98.462,1,195,192315,192509,6.77e-92,339.0,1.0
group_8520,VP07003.contig00001,318,318,100.0,1,318,363604,363287,8.970000000000001e-163,574.0,1.0
group_8523,VP11139.contig00014,312,312,98.397,1,312,95827,95517,2.21e-151,537.0,1.0
group_8525,NZ_MUXG01000012,606,533,98.124,75,606,8878,9409,0.0,910.0,0.8795379537953796
group_8529,NZ_MUXG01000015,711,711,99.859,1,711,40775,41485,0.0,1278.0,1.0
group_8532,SPVP170162.contig00006,399,399,99.499,1,399,342834,343232,0.0,711.0,1.0
group_8538,AAXOXW010000053,192,192,96.875,1,192,1854,1663,1.7800000000000002e-86,320.0,1.0
group_8539,SPVP150085.contig00007,354,354,96.61,1,354,1089,736,5.58e-166,585.0,1.0
group_8540,SRR16324073.contig00006,396,396,99.495,1,396,317041,317436,0.0,706.0,1.0
group_8542,VP11139.contig00061,216,179,100.0,1,179,2214,2392,1.68e-87,324.0,0.8287037037037037
group_8546,JADQEE010000002.1,303,303,99.01,1,303,436302,436604,2.6e-150,534.0,1.0
group_8547,AAXOXW010000028,651,651,99.539,1,651,7034,7684,0.0,1161.0,1.0
group_8561,SPVP140260.contig00008,459,459,99.346,1,459,73593,73135,0.0,815.0,1.0
group_8567,SPVP150085.contig00001,1386,1389,97.336,1,1386,178201,176816,0.0,2335.0,1.0021645021645023
group_8568,SPVP110054.contig00004,1719,1719,93.834,1,1719,142408,144123,0.0,2621.0,1.0
group_8572,VP11139.contig00011,249,251,98.406,1,249,49495,49745,6.43e-119,428.0,1.0080321285140563
group_8574,NZ_MUXG01000015,222,222,100.0,1,222,59138,59359,7.85e-111,401.0,1.0
group_8579,AAXOXW010000049,1572,1572,100.0,1,1572,3278,1707,0.0,2836.0,1.0
group_8583,SRR11350400.contig00011,978,978,100.0,1,978,162483,163460,0.0,1764.0,1.0
group_8589,VP07269.contig00008,945,948,90.506,1,945,20385,21329,0.0,1301.0,1.0031746031746032
group_859,VP06050.contig00037,873,873,97.251,1,873,956,1828,0.0,1467.0,1.0
group_8591,NZ_JABCBN010000011,150,150,99.333,1,150,83004,82855,2.5600000000000002e-70,267.0,1.0
group_8598,SRR4016801.contig00006,1278,1278,99.765,1,1278,173296,174573,0.0,2292.0,1.0
group_8603,SPVP140285.contig00010,276,276,100.0,1,276,195118,195393,4.859999999999999e-140,499.0,1.0
group_861,VP10022.contig00010,138,138,98.551,1,138,8850,8713,9.28e-63,241.0,1.0
group_8614,SRR18762455.contig00002,531,531,99.812,1,531,371204,370674,0.0,954.0,1.0
group_8638,SRR16324073.contig00005,363,361,97.507,1,361,355532,355892,1.4400000000000002e-173,611.0,0.9944903581267218
group_8655,SRR11823746.contig00003,255,255,96.078,1,255,561270,561524,4.17e-115,416.0,1.0
group_866,SPVP140285.contig00003,396,396,99.747,1,396,191660,192055,0.0,710.0,1.0
group_8660,SPVP110054.contig00001,459,443,100.0,1,443,486951,487393,0.0,800.0,0.9651416122004357
group_8663,JACVHI010000003.1,234,234,92.308,1,234,81441,81223,1.32e-95,351.0,1.0
group_8668,SPVP170049.contig00015,270,270,99.63,1,270,45060,44791,3.65e-135,483.0,1.0
group_8669,VP11139.contig00002,633,633,100.0,1,633,403029,403661,0.0,1142.0,1.0
group_8675,SPVP170098.contig00001,228,235,97.021,1,228,685964,685730,1.1999999999999999e-108,395.0,1.030701754385965
group_868,SPVP170049.contig00005,8130,6919,86.544,1227,8130,187057,193963,0.0,8247.0,0.8510455104551046
group_8681,SPVP140090.contig00009,192,192,96.354,1,192,174778,174587,7.58e-85,315.0,1.0
group_8682,ABDZFE010000001,303,303,100.0,1,303,174320,174018,1.18e-154,547.0,1.0
group_8683,SPVP140285.contig00001,1491,1492,99.665,1,1491,46346,44855,0.0,2665.0,1.000670690811536
group_8685,SPVP140212.contig00008,492,492,100.0,1,492,14028,14519,0.0,888.0,1.0
group_8691,SPVP110054.contig00015,144,144,99.306,1,144,74925,74782,4.41e-67,256.0,1.0
group_8696,VP11139.contig00061,396,396,99.495,1,396,2089,1694,0.0,706.0,1.0
group_8698,SPVP170102.contig00008,480,486,81.687,1,480,31726,32205,7.749999999999999e-128,460.0,1.0125
group_87,JACVHI010000005.1,1323,1323,99.924,1,1323,338080,336758,0.0,2382.0,1.0
group_8702,SPVP110054.contig00001,759,759,94.73,1,759,292202,292960,0.0,1189.0,1.0
group_8706,SRR11823746.contig00017,516,516,95.349,1,516,31141,30638,0.0,829.0,1.0
group_8713,VP07003.contig00008,1122,1122,99.376,1,1122,122907,121786,0.0,1993.0,1.0
group_8715,JADQEE010000003.1,1029,1029,99.903,1,1029,438113,439141,0.0,1852.0,1.0
group_8719,CP078611,1071,1071,99.44,1,1071,3056180,3057250,0.0,1905.0,1.0
group_872,SRR18762455.contig00002,1143,1143,98.25,1,1143,353340,352198,0.0,1972.0,1.0
group_8721,SRR18762455.contig00008,861,861,100.0,1,861,100170,101030,0.0,1553.0,1.0
group_8723,NZ_JAFLNR010000029,1095,1095,99.178,1,1095,20016,18928,0.0,1936.0,1.0
group_8724,DADYHI010000001,867,867,99.423,1,867,200738,201604,0.0,1542.0,1.0
group_873,SRR11823746.contig00009,810,811,99.753,1,810,37489,38298,0.0,1447.0,1.0012345679012347
group_8736,VP07269.contig00002,693,664,87.651,30,693,442613,443276,0.0,829.0,0.9581529581529582
group_875,JADQEE010000005.1,1011,1012,99.901,1,1011,158361,157350,0.0,1818.0,1.0009891196834817
group_8756,SRR17888663.contig00009,900,899,94.438,1,899,112491,113389,0.0,1397.0,0.9988888888888889
group_8758,SPVP140107.contig00003,936,936,99.252,1,936,347854,348786,0.0,1651.0,1.0
group_8760,DADYHI010000008,993,993,98.187,1,993,54495,55487,0.0,1710.0,1.0
group_8761,SRR11350400.contig00001,1281,1281,99.297,1,1281,52107,50836,0.0,2274.0,1.0
group_8776,SPVP170146.contig00008,942,942,99.151,1,942,209600,210541,0.0,1663.0,1.0
group_8778,NZ_NNEL01000013,3516,3516,99.915,1,3516,25196,28711,0.0,6328.0,1.0
group_8779,SRR18762455.contig00002,11331,11331,98.482,1,11331,476914,465620,0.0,19687.0,1.0
group_8782,JACVHJ010000002.1,1164,1164,100.0,1,1164,234422,233259,0.0,2100.0,1.0
group_8788,SPVP140107.contig00001,889,890,99.775,1,889,621303,620414,0.0,1593.0,1.001124859392576
group_8803,VP06050.contig00001,213,213,96.244,1,213,293438,293645,4.1399999999999997e-95,349.0,1.0
group_8809,SPVP170102.contig00002,393,396,99.242,1,393,174195,174590,0.0,700.0,1.0076335877862594
group_8819,SRR18762455.contig00004,972,972,99.897,1,972,33383,32412,0.0,1749.0,1.0
group_8824,NZ_JABCIE010000004,324,324,99.691,1,324,467359,467682,2.1500000000000003e-164,581.0,1.0
group_8830,AAXOXW010000005,1017,1017,98.722,1,1017,158503,157487,0.0,1776.0,1.0
group_8832,SPVP150085.contig00002,142,142,100.0,1,142,290074,290215,1.24e-67,257.0,1.0
group_8839,SRR11823751.contig00033,177,177,97.175,1,177,12957,13133,1.85e-79,297.0,1.0
group_8848,VP15198.contig00004,972,972,94.856,1,972,192570,193492,0.0,1568.0,1.0
group_8850,JACVHI010000003.1,1128,1128,99.911,1,1128,522379,523506,0.0,2030.0,1.0
group_8851,VP11139.contig00023,555,555,99.459,1,555,5533,6087,0.0,988.0,1.0
group_8854,SRR11823751.contig00003,297,297,96.633,1,297,415963,416259,7.8e-138,491.0,1.0
group_8856,SPVP140259.contig00007,4386,4101,96.854,1,4101,123208,127308,0.0,6815.0,0.9350205198358413
group_886,NZ_JAFLNR010000001,126,126,100.0,1,126,388658,388783,5.23e-59,228.0,1.0
group_8867,SRR11823751.contig00003,822,792,99.495,31,822,28041,27250,0.0,1411.0,0.9635036496350365
group_887,SPVP140260.contig00031,654,654,98.777,1,654,10065,10718,0.0,1144.0,1.0
group_8882,SRR19641559.contig00004,297,297,99.327,1,297,437055,437351,1.08e-148,527.0,1.0
group_8888,SPVP170049.contig00002,132,136,96.324,1,132,26249,26384,2.36e-57,223.0,1.0303030303030303
group_8897,SPVP170102.contig00001,405,405,99.259,1,405,1031865,1031461,0.0,718.0,1.0
group_8904,SPVP170146.contig00004,405,405,99.753,1,405,59881,60285,0.0,727.0,1.0
group_8909,SRR19641559.contig00004,336,336,96.429,1,336,439573,439908,3.11e-156,553.0,1.0
group_8913,SPVP170102.contig00004,864,863,94.438,1,863,309293,308431,0.0,1341.0,0.9988425925925926
group_8920,SPVP110054.contig00001,480,480,100.0,1,480,941278,940799,0.0,866.0,1.0
group_8922,VP06050.contig00001,1176,1176,90.646,1,1176,750275,749100,0.0,1626.0,1.0
group_893,SPVP150139.contig00010,903,903,100.0,1,903,127715,128617,0.0,1629.0,1.0
group_8930,VP15198.contig00022,309,309,100.0,1,309,10283,10591,6.68e-158,558.0,1.0
group_8931,NZ_NNEL01000020,918,918,99.782,1,918,141211,142127,0.0,1644.0,1.0
group_8936,SPVP150085.contig00007,261,261,99.617,1,261,1352,1092,2.7e-130,467.0,1.0
group_8943,VP10022.contig00001,221,221,99.548,1,221,1174604,1174823,1.41e-107,391.0,1.0
group_895,AAXNRW010000007,912,900,100.0,13,912,149197,150096,0.0,1624.0,0.9868421052631579
group_8952,SPVP150085.contig00038,636,636,100.0,1,636,1173,1808,0.0,1148.0,1.0
group_8963,SPVP110054.contig00022,432,432,99.537,1,432,8604,8174,0.0,767.0,1.0
group_8976,NZ_JACBSZ010000011,90,90,100.0,1,90,156139,156228,1.16e-39,163.0,1.0
group_8984,SPVP150085.contig00027,306,306,91.176,1,306,27076,27360,1.2800000000000002e-122,441.0,1.0
group_8989,ABDZFE010000010,1185,1185,98.987,1,1185,12083,10902,0.0,2082.0,1.0
group_899,DADYHI010000001,1368,1133,69.903,234,1354,388793,389912,2.9900000000000005e-132,475.0,0.8282163742690059
group_8994,SPVP110054.contig00005,957,958,99.896,1,957,11006,11963,0.0,1720.0,1.0010449320794148
group_8998,SRR18763195.contig00003,201,201,99.005,1,201,689799,689600,1.1099999999999999e-95,351.0,1.0
group_9000,NZ_JABCBH010000003,1182,1127,82.076,1,1126,331550,330425,0.0,1115.0,0.9534686971235194
group_9001,SPVP170162.contig00001,771,771,99.611,1,771,214179,214949,0.0,1378.0,1.0
group_9003,VP07269.contig00005,1611,1611,97.207,1,1611,49885,48275,0.0,2703.0,1.0
group_9004,SPVP170049.contig00002,867,867,100.0,1,867,217546,218412,0.0,1564.0,1.0
group_9015,NZ_JABCBN010000069,909,909,99.12,1,909,1376,474,0.0,1605.0,1.0
group_9016,VP07269.contig00001,642,642,99.688,1,642,870164,869524,0.0,1146.0,1.0
group_9017,SPVP140090.contig00006,464,464,99.353,1,464,103785,103323,0.0,820.0,1.0
group_9022,JACVHJ010000026.1,1056,1056,95.076,1,1056,48869,47814,0.0,1671.0,1.0
group_9023,AAXNRW010000004,216,216,99.537,1,216,529675,529460,5.85e-106,386.0,1.0
group_9049,SRR4016801.contig00007,864,864,96.759,1,864,242008,242871,0.0,1433.0,1.0
group_9058,ABDZFE010000009,1959,1963,89.761,1,1959,282442,284394,0.0,2620.0,1.0020418580908628
group_9062,SRR18034811.contig00002,1746,1745,98.453,1,1744,425048,423304,0.0,3022.0,0.9994272623138603
group_9077,NZ_JAFLNR010000018,1770,1768,94.514,1,1768,6344,4577,0.0,2752.0,0.9988700564971752
group_9079,SPVP150139.contig00003,164,164,99.39,1,164,492169,492007,8.74e-77,288.0,1.0
group_9086,SPVP140259.contig00002,2379,2379,98.193,1,2379,600122,602500,0.0,4097.0,1.0
group_9099,NZ_CP046786,636,636,98.585,1,636,1403289,1402654,0.0,1107.0,1.0
group_9102,SPVP170049.contig00003,651,651,99.539,1,651,74356,73706,0.0,1161.0,1.0
group_9111,VP15198.contig00015,108,108,99.074,1,108,17658,17765,1.0700000000000001e-47,191.0,1.0
group_912,SPVP170146.contig00005,834,834,98.201,1,834,217959,218777,0.0,1446.0,1.0
group_9130,AAXNRW010000003,157,157,98.726,1,157,161043,161198,6.37e-72,271.0,1.0
group_9132,SRR11823751.contig00002,1137,1137,98.417,1,1137,247170,248306,0.0,1970.0,1.0
group_9136,SRR11823746.contig00009,588,588,80.612,1,588,139030,139614,8.400000000000001e-154,545.0,1.0
group_914,ABDZFE010000009,1212,1212,99.175,1,1212,217015,218226,0.0,2141.0,1.0
group_9143,SPVP170162.contig00007,1689,1691,97.102,1,1689,115182,113494,0.0,2815.0,1.0011841326228537
group_916,SRR11823751.contig00029,2778,2778,99.928,1,2778,7934,10711,0.0,5002.0,1.0
group_9167,VP11139.contig00001,106,106,98.113,1,106,722547,722443,1.89e-44,179.0,1.0
group_9169,VP07003.contig00002,549,550,99.636,1,549,292080,292629,0.0,980.0,1.0018214936247722
group_9174,VP06050.contig00009,567,567,96.649,1,567,46024,46590,0.0,938.0,1.0
group_918,DADYHI010000001,885,886,96.501,1,885,267447,268332,0.0,1455.0,1.001129943502825
group_9182,SRR18763195.contig00005,1404,1404,99.929,1,1404,314578,313175,0.0,2528.0,1.0
group_9184,SPVP140285.contig00003,852,852,98.826,1,852,191618,190767,0.0,1492.0,1.0
group_9189,SRR18763195.contig00013,1266,1266,97.63,1,1266,67779,69038,0.0,2150.0,1.0
group_9192,SPVP170049.contig00003,813,813,99.877,1,813,35825,36637,0.0,1462.0,1.0
group_920,NZ_JNSU02000009,530,530,97.17,1,530,702888,702361,0.0,882.0,1.0
group_9207,JACVHI010000018.1,696,696,99.425,1,696,79616,80311,0.0,1238.0,1.0
group_9216,SPVP110054.contig00022,1074,1074,97.207,1,1074,26141,27214,0.0,1802.0,1.0
group_9221,NZ_CP046785,1257,1257,98.329,1,1257,2913336,2912080,0.0,2173.0,1.0
group_9229,SPVP170049.contig00027,543,543,99.448,1,543,2336,1794,0.0,966.0,1.0
group_923,SPVP140212.contig00001,408,408,99.755,1,408,164300,164707,0.0,732.0,1.0
group_9231,SRR11823751.contig00009,1359,1359,99.926,1,1359,13018,11660,0.0,2447.0,1.0
group_9239,SPVP170049.contig00015,966,967,88.831,1,966,23776,22811,0.0,1251.0,1.0010351966873705
group_924,JAJGNV010000004.1,150,150,93.333,1,150,82209,82358,2.25e-58,226.0,1.0
group_925,SPVP170098.contig00003,1329,1329,96.99,1,1329,401128,402456,0.0,2217.0,1.0
group_9255,VP15198.contig00004,340,340,98.529,1,340,427252,426916,4.38e-167,590.0,1.0
group_9286,SRR16324073.contig00007,717,717,97.211,1,717,612,1328,0.0,1204.0,1.0
group_9288,NZ_JAFLNR010000007,1392,1393,96.123,1,1392,205343,203951,0.0,2266.0,1.0007183908045978
group_9297,SPVP170049.contig00002,180,180,98.889,1,180,561051,561230,2.0100000000000002e-85,316.0,1.0
group_9312,SRR11823746.contig00003,1362,1362,100.0,1,1362,298364,299725,0.0,2457.0,1.0
group_9318,SPVP140212.contig00006,1257,1256,98.567,1,1256,194,1449,0.0,2185.0,0.9992044550517104
group_932,SRR11823751.contig00002,747,747,81.928,1,747,246038,246784,0.0,739.0,1.0
group_9325,ABDZFE010000008,945,945,95.45,1,945,15908,16852,0.0,1511.0,1.0
group_9328,SPVP170098.contig00003,1257,1257,98.568,1,1257,408469,409725,0.0,2186.0,1.0
group_9330,VP15198.contig00001,360,360,99.444,1,360,112475,112834,0.0,641.0,1.0
group_9344,SPVP170146.contig00002,762,621,99.195,1,621,140695,141312,0.0,1096.0,0.8149606299212598
group_935,SRR17888663.contig00011,435,435,100.0,1,435,25299,24865,0.0,785.0,1.0
group_9350,NZ_LFYN01000147,1386,1386,100.0,1,1386,21470,20085,0.0,2500.0,1.0
group_9354,JAJGNV010000003.1,324,324,99.691,1,324,308023,307700,2.1500000000000003e-164,581.0,1.0
group_9355,SPVP110054.contig00015,399,399,100.0,1,399,75825,75427,0.0,720.0,1.0
group_9357,AAXOXW010000047,567,567,98.413,1,567,3960,3394,0.0,983.0,1.0
group_9358,VP06050.contig00001,1890,1890,99.418,1,1890,490805,492685,0.0,3363.0,1.0
group_9359,NZ_LFYN01000107,567,567,100.0,1,567,2598,2032,0.0,1023.0,1.0
group_9376,SPVP150045.contig00002,219,219,94.521,1,219,265361,265155,1.49e-94,348.0,1.0
group_939,VP07269.contig00012,432,432,95.37,1,432,22056,21625,0.0,690.0,1.0
group_9390,SPVP170098.contig00003,1122,1122,98.128,1,1122,410217,411338,0.0,1929.0,1.0
group_9394,SRR18762455.contig00005,1116,1116,99.731,1,1116,369176,368061,0.0,2000.0,1.0
group_9397,VP11139.contig00002,1311,1311,100.0,1,1311,322000,320690,0.0,2365.0,1.0
group_9399,NZ_JAFLNR010000007,1125,1120,95.893,6,1125,232858,231739,0.0,1813.0,0.9955555555555555
group_940,SPVP170098.contig00003,492,492,97.561,1,492,409726,410217,0.0,834.0,1.0
group_9405,VP15198.contig00002,243,244,99.59,1,243,70015,70258,5.14e-120,433.0,1.0041152263374487
group_941,SPVP170098.contig00003,903,903,98.117,1,903,408295,407393,0.0,1553.0,1.0
group_9410,SPVP110054.contig00011,702,695,96.835,1,695,897,203,0.0,1155.0,0.99002849002849
group_942,NZ_CP051100,384,384,92.969,1,384,1951464,1951847,1.3400000000000001e-161,572.0,1.0
group_9420,JACVHI010000018.1,1380,1380,99.203,1,1380,78229,79608,0.0,2440.0,1.0
group_9436,VP06050.contig00005,2823,2823,97.804,1,2823,253873,256695,0.0,4812.0,1.0
group_944,AAXOXW010000029,606,604,94.04,1,604,4015,3413,0.0,924.0,0.9966996699669967
group_9443,VP15198.contig00003,1086,1086,96.593,1,1086,337608,336523,0.0,1792.0,1.0
group_9444,SPVP140090.contig00005,5286,5255,95.833,1,5255,182478,177224,0.0,8538.0,0.9941354521377223
group_9445,SPVP170146.contig00004,1272,1272,93.868,1,1272,52359,53630,0.0,1943.0,1.0
group_9446,SPVP140285.contig00004,225,225,98.222,1,225,179554,179778,5.03e-107,389.0,1.0
group_9449,SRR18762455.contig00002,2196,2196,98.361,1,2196,360138,357943,0.0,3799.0,1.0
group_9456,NZ_JAFLNR010000002,1620,1620,97.778,1,1620,157681,156062,0.0,2760.0,1.0
group_9457,NZ_NNHO01000007,846,846,100.0,1,846,156617,155772,0.0,1526.0,1.0
group_9459,SPVP170098.contig00003,531,531,92.09,1,531,396781,396257,0.0,770.0,1.0
group_9465,DADYHI010000004,1182,1182,99.492,1,1182,29691,28510,0.0,2105.0,1.0
group_9466,SRR11823751.contig00003,2352,1964,80.652,1,1958,24066,22109,0.0,1813.0,0.8350340136054422
group_9475,SPVP150085.contig00047,357,357,95.238,1,357,2913,3269,1.5100000000000002e-160,568.0,1.0
group_9485,SRR16324073.contig00005,171,171,98.246,1,171,152055,152225,6.19e-79,296.0,1.0
group_9487,SRR18762455.contig00002,696,696,96.695,1,696,356810,356115,0.0,1152.0,1.0
group_9492,SRR19641559.contig00004,960,960,99.583,1,960,428110,429069,0.0,1714.0,1.0
group_9496,VP11139.contig00011,576,576,97.396,1,576,37434,38009,0.0,972.0,1.0
group_9497,SPVP140212.contig00001,2016,2016,95.883,1,2016,537457,535442,0.0,3262.0,1.0
group_9498,SPVP140212.contig00001,2082,2082,97.55,1,2082,540187,538106,0.0,3525.0,1.0
group_950,NZ_MUXG01000015,468,468,98.718,1,468,13181,13648,0.0,818.0,1.0
group_9502,SPVP170162.contig00004,951,942,99.894,1,942,113885,114826,0.0,1695.0,0.9905362776025236
group_9504,NZ_MUXG01000015,1374,1374,99.782,1,1374,69581,70954,0.0,2465.0,1.0
group_9516,SPVP140212.contig00001,3537,3537,91.773,1,3537,534733,531197,0.0,5067.0,1.0
group_9523,SPVP170146.contig00010,3678,3677,97.797,1,3677,177423,181099,0.0,6267.0,0.9997281131049484
group_9529,NZ_MUXG01000014,516,516,99.419,1,516,60459,60974,0.0,918.0,1.0
group_9530,VP06050.contig00001,1836,1836,87.691,1,1836,477461,475632,0.0,2294.0,1.0
group_9532,SRR11823746.contig00001,636,636,94.969,1,636,157708,158343,0.0,1003.0,1.0
group_9534,SPVP140107.contig00001,1809,1809,98.729,1,1809,715555,713747,0.0,3159.0,1.0
group_9536,NZ_JAFLNR010000001,1797,1797,97.83,1,1797,446983,445187,0.0,3066.0,1.0
group_954,SPVP150085.contig00008,1131,1132,99.47,1,1131,41161,40030,0.0,2012.0,1.0008841732979663
group_9540,NZ_JNSU02000018,1206,1206,100.0,1,1206,156032,157237,0.0,2176.0,1.0
group_9542,SRR18609788.contig00009,429,416,95.433,1,416,2791,2376,0.0,665.0,0.9696969696969697
group_9543,SPVP150085.contig00001,453,420,95.0,1,420,3254,2835,0.0,664.0,0.9271523178807947
group_9547,SPVP170162.contig00005,486,486,100.0,1,486,97233,96748,0.0,877.0,1.0
group_9550,VP11139.contig00002,1749,1749,93.939,1,1749,305623,307371,0.0,2677.0,1.0
group_9557,AAXNRW010000007,1674,1674,84.648,1,1674,182466,184121,0.0,1868.0,1.0
group_9571,SRR11823751.contig00001,1599,1599,93.934,1,1599,178288,179886,0.0,2447.0,1.0
group_9578,NZ_JABCFE010000015,273,273,100.0,1,273,19083,19355,2.0399999999999998e-138,493.0,1.0
group_9579,SPVP110054.contig00015,396,396,100.0,1,396,36522,36127,0.0,715.0,1.0
group_9580,VP07269.contig00002,147,147,97.279,1,147,194425,194279,6.71e-65,248.0,1.0
group_9591,SRR16324073.contig00020,816,816,98.775,1,816,1779,964,0.0,1427.0,1.0
group_9592,AAXNRW010000005,507,508,99.803,1,507,42177,42684,0.0,909.0,1.0019723865877712
group_9596,SPVP140090.contig00003,735,735,99.592,1,735,181059,181793,0.0,1313.0,1.0
group_96,NZ_JNSU02000003,429,423,93.853,1,423,4899,5321,0.0,646.0,0.986013986013986
group_9606,SRR19641559.contig00017,684,684,96.345,1,684,32639,31956,0.0,1122.0,1.0
group_9610,NZ_KK020603,741,742,80.728,1,741,302320,303060,0.0,687.0,1.001349527665317
group_9611,SRR18762455.contig00005,1449,1449,93.858,1,1449,210682,209234,0.0,2213.0,1.0
group_9614,VP10022.contig00001,331,331,98.792,1,331,159830,160159,2.6900000000000004e-163,576.0,1.0
group_9616,SPVP170102.contig00002,402,402,99.502,1,402,214411,214010,0.0,717.0,1.0
group_9620,DADYHI010000028,948,948,100.0,1,948,3810,2863,0.0,1710.0,1.0
group_9622,VP11139.contig00002,285,283,98.587,3,285,352262,352544,2.13e-138,493.0,0.9929824561403509
group_9626,VP07269.contig00016,465,465,99.57,1,465,81619,81155,0.0,830.0,1.0
group_9628,SRR18034811.contig00002,882,882,100.0,1,882,672570,671689,0.0,1591.0,1.0
group_963,SPVP140212.contig00006,1035,960,84.583,1,954,3612,4565,0.0,1040.0,0.927536231884058
group_9630,ABDZFE010000008,3570,3570,100.0,1,3570,18247,21816,0.0,6439.0,1.0
group_964,ABDZFE010000003,1014,1014,98.028,1,1014,427227,426214,0.0,1739.0,1.0
group_965,NZ_BAVK01000018,771,762,95.801,1,762,49911,49150,0.0,1231.0,0.9883268482490273
group_9651,VP07003.contig00010,762,762,97.375,1,762,69716,68955,0.0,1285.0,1.0
group_9661,VP07003.contig00004,237,237,99.156,1,237,151906,152140,3.84e-115,416.0,1.0
group_9662,SPVP140107.contig00007,819,819,94.872,1,819,103807,104625,0.0,1288.0,1.0
group_9663,NZ_JAFLNR010000001,153,153,90.196,1,153,379697,379545,6.18e-53,209.0,1.0
group_9670,VP07269.contig00005,516,517,99.807,1,516,61907,61391,0.0,925.0,1.001937984496124
group_9671,NZ_LFYN01000143,1128,1128,98.227,1,1128,94192,95316,0.0,1943.0,1.0
group_9677,SRR17888663.contig00035,477,477,100.0,1,477,3428,3904,0.0,861.0,1.0
group_9701,VP07003.contig00003,684,684,100.0,1,684,182413,181730,0.0,1234.0,1.0
group_9708,AAXOXW010000028,1887,1887,98.887,1,1887,1884,3770,0.0,3309.0,1.0
group_9718,SRR11823751.contig00044,359,359,99.721,1,359,2318,2675,0.0,640.0,1.0
group_9721,SPVP140107.contig00003,1416,1416,99.153,1,1416,365102,366516,0.0,2497.0,1.0
group_9724,AAXNRW010000003,387,387,100.0,1,387,185904,185518,0.0,699.0,1.0
group_9726,VP07269.contig00005,684,684,98.392,1,684,71886,71212,0.0,1188.0,1.0
group_9727,SPVP140090.contig00001,1164,1164,100.0,1,1164,108630,109793,0.0,2100.0,1.0
group_9729,AAXNRW010000003,306,306,98.039,1,306,183080,182781,3.91e-148,526.0,1.0
group_973,SPVP150085.contig00029,579,579,81.693,1,579,11729,12307,2.5300000000000002e-160,567.0,1.0
group_9739,NZ_JABCBN010000003,1137,1137,100.0,1,1137,202483,203619,0.0,2051.0,1.0
group_9740,SPVP170098.contig00002,471,471,96.391,1,471,361415,360945,0.0,774.0,1.0
group_9741,NZ_JABCIE010000008,729,729,99.863,1,729,15797,15069,0.0,1311.0,1.0
group_9742,JACVHT010000002.1,900,872,99.771,29,900,87800,86929,0.0,1564.0,0.9688888888888889
group_9748,SRR16324073.contig00003,597,597,99.162,1,597,306298,306894,0.0,1055.0,1.0
group_9750,SRR18609788.contig00006,1131,1131,100.0,1,1131,260409,261539,0.0,2040.0,1.0
group_9751,SPVP140285.contig00005,219,219,93.151,1,219,112207,112425,1.4000000000000002e-88,328.0,1.0
group_9753,NZ_JACBSZ010000001,378,379,97.889,1,378,669583,669961,0.0,645.0,1.0026455026455026
group_9755,SPVP110054.contig00008,618,618,95.631,1,618,181965,181375,0.0,1013.0,1.0
group_9758,SRR18762455.contig00002,1356,1356,99.705,1,1356,368569,367214,0.0,2428.0,1.0
group_9761,SRR18763195.contig00005,1113,1099,96.633,15,1113,317243,316145,0.0,1816.0,0.9874213836477987
group_9762,SPVP170146.contig00005,1104,1104,100.0,1,1104,74190,73087,0.0,1992.0,1.0
group_9763,SRR11823746.contig00017,939,939,99.894,1,939,15911,16849,0.0,1690.0,1.0
group_9766,SRR18034811.contig00004,4500,4500,99.0,1,4500,20369,15876,0.0,7914.0,1.0
group_9767,SRR18034811.contig00004,111,111,100.0,1,111,15083,15193,6.16e-51,201.0,1.0
group_9768,SRR18763195.contig00013,390,390,98.205,1,390,72833,72444,0.0,673.0,1.0
group_9773,VP06050.contig00005,606,606,95.545,1,606,247415,248020,0.0,972.0,1.0
group_9779,SPVP150169.contig00016,1080,1080,78.333,1,1080,38554,39633,0.0,893.0,1.0
group_979,VP07269.contig00005,636,636,100.0,1,636,80912,81547,0.0,1148.0,1.0
group_9794,JACVHI010000023.1,1050,1050,95.714,1,1050,37482,38531,0.0,1691.0,1.0
group_9795,JACVHI010000023.1,618,618,97.896,1,618,39314,39931,0.0,1057.0,1.0
group_9796,SPVP110054.contig00001,129,129,100.0,1,129,293073,293201,1.2699999999999999e-60,233.0,1.0
group_981,AAXOXW010000003,3795,3795,99.526,1,3795,230260,234054,0.0,6763.0,1.0
group_982,SRR18609788.contig00018,1086,1086,100.0,1,1086,44797,45882,0.0,1959.0,1.0
group_9824,DADYHI010000013,1020,1009,82.061,22,1020,79485,78481,0.0,990.0,0.9892156862745098
group_9827,ABDZFE010000011,1017,1018,97.053,1,1017,66426,67443,0.0,1698.0,1.0009832841691249
group_9833,SPVP150169.contig00006,678,678,99.705,1,678,146430,147107,0.0,1214.0,1.0
group_9839,JACVHT010000001.1,1113,1114,99.192,1,1113,1007235,1006122,0.0,1966.0,1.0008984725965857
group_984,SPVP170162.contig00005,807,803,86.301,1,803,61313,62115,0.0,953.0,0.9950433705080545
group_9843,VP11139.contig00007,396,392,96.939,7,396,182396,182005,0.0,651.0,0.98989898989899
group_9850,JADQEE010000006.1,765,765,100.0,1,765,341802,342566,0.0,1380.0,1.0
group_9853,SRR13684777.contig00052,924,924,96.645,1,924,10538,9615,0.0,1527.0,1.0
group_9854,SPVP170146.contig00010,354,354,97.175,1,354,703,350,1.08e-168,594.0,1.0
group_9860,SPVP170162.contig00002,540,540,97.407,1,540,90436,89909,0.0,918.0,1.0
group_9861,SRR18763195.contig00004,126,126,94.444,1,126,397708,397833,3.09e-49,196.0,1.0
group_9865,NZ_NNHO01000018,903,822,93.431,86,903,76206,75389,0.0,1229.0,0.9102990033222591
group_9867,SRR13684777.contig00058,894,894,100.0,1,894,982,89,0.0,1613.0,1.0
group_9868,SPVP150045.contig00001,1665,1665,99.279,1,1665,207841,209504,0.0,2946.0,1.0
group_9871,NZ_JABCCB010000006,900,900,100.0,1,900,134274,135173,0.0,1624.0,1.0
group_9885,VP15198.contig00007,597,597,100.0,1,597,72416,71820,0.0,1077.0,1.0
group_9888,SRR13684777.contig00001,831,831,100.0,1,831,237863,238693,0.0,1499.0,1.0
group_9889,VP15198.contig00003,195,194,94.33,1,194,181384,181577,1.7e-80,301.0,0.9948717948717949
group_989,SRR13684777.contig00058,876,876,100.0,1,876,3576,2701,0.0,1581.0,1.0
group_9892,VP07269.contig00005,627,627,98.086,1,627,84324,84950,0.0,1077.0,1.0
group_9896,VP07269.contig00016,2715,2720,95.551,1,2714,87105,84437,0.0,4394.0,1.0018416206261511
group_9897,SPVP150085.contig00004,633,636,89.78,1,633,138626,137994,0.0,847.0,1.004739336492891
group_990,SPVP140212.contig00006,483,483,100.0,1,483,18836,19318,0.0,872.0,1.0
group_9907,NZ_MUXG01000019,453,453,94.923,1,453,11971,12423,0.0,714.0,1.0
group_9910,SPVP170162.contig00009,381,381,98.95,1,381,121538,121161,0.0,668.0,1.0
group_9923,AAXNRW010000002,1212,1183,100.0,1,1183,292812,291630,0.0,2134.0,0.9760726072607261
group_9926,SPVP170098.contig00003,792,752,91.755,1,752,194624,195375,0.0,1077.0,0.9494949494949495
group_9927,VP11139.contig00011,933,933,100.0,1,933,43275,44207,0.0,1683.0,1.0
group_9930,NZ_JNSU02000041,753,753,100.0,1,753,5891,5139,0.0,1359.0,1.0
group_9931,SPVP170049.contig00005,744,744,99.866,1,744,391321,390578,0.0,1338.0,1.0
group_9932,DADYHI010000007,492,492,100.0,1,492,43496,43005,0.0,888.0,1.0
group_9939,SRR16324073.contig00007,228,228,97.368,1,228,2930,3157,6.219999999999999e-106,385.0,1.0
group_9942,SPVP170102.contig00001,189,189,98.413,1,189,283415,283603,1.18e-88,328.0,1.0
group_9945,SPVP140107.contig00002,330,330,100.0,1,330,636876,637205,2.8600000000000003e-169,596.0,1.0
group_9947,SRR4016801.contig00002,1140,1140,98.596,1,1140,563461,564600,0.0,1984.0,1.0
group_995,NZ_JABCBN010000001,639,638,78.527,1,629,702980,702352,5.42e-144,514.0,0.9984350547730829
group_9950,SPVP170102.contig00003,180,180,99.444,1,180,673679,673857,2.0100000000000002e-85,317.0,1.0
group_9955,VP11139.contig00011,705,705,98.014,1,705,45281,45985,0.0,1209.0,1.0
group_9958,VP06050.contig00005,1191,1186,95.616,1,1186,214013,215198,0.0,1905.0,0.9958018471872376
group_9959,JACVHI010000018.1,1344,1344,99.628,1,1344,54289,55632,0.0,2402.0,1.0
group_9965,SRR17888663.contig00009,867,852,98.592,16,867,146085,145234,0.0,1483.0,0.9826989619377162
group_9968,VP06050.contig00026,585,585,100.0,1,585,10337,9753,0.0,1056.0,1.0
group_9976,JACVHJ010000031.1,696,696,99.569,1,696,2713,3408,0.0,1242.0,1.0
group_9977,VP07003.contig00001,216,207,97.101,1,207,290596,290390,1.4699999999999998e-94,347.0,0.9583333333333334
group_9983,SPVP170146.contig00044,3114,3019,95.628,1,3019,2168,5186,0.0,4850.0,0.9694926140012845
group_9984,NZ_CP046785,312,312,82.051,1,312,1924895,1925191,1.31e-84,315.0,1.0
group_9986,NZ_MUXG01000019,681,673,94.502,9,681,18955,19627,0.0,1048.0,0.9882525697503671
group_9987,NZ_MUXG01000019,480,480,93.542,1,480,19961,20440,0.0,727.0,1.0
group_9988,SRR18762455.contig00004,1104,1104,99.457,1,1104,35265,34163,0.0,1961.0,1.0
group_9994,NZ_KK020614,1806,1806,99.114,1,1806,161965,163764,0.0,3186.0,1.0
group_9997,VP07269.contig00005,696,696,82.184,1,696,56332,55638,0.0,693.0,1.0
group_9998,SRR11823751.contig00003,672,672,83.333,1,672,17508,16837,0.0,708.0,1.0
gspE~~~epsE_3~~~tcpT~~~gspE_2~~~hxcR,DADYHI010000035,1623,1623,95.872,1,1623,5660,7282,0.0,2626.0,1.0
gstB~~~gst,SRR11823751.contig00038,684,684,92.69,1,684,7486,8169,0.0,1009.0,1.0
gtaB_1~~~gtaB_3~~~gtaB_2,VP06050.contig00005,927,927,94.606,1,927,251421,252345,0.0,1440.0,1.0
gtaB_3~~~gtaB_2~~~gtaB_1,JADQEE010000007.1,894,820,75.488,4,822,216725,217540,4.85e-159,564.0,0.9172259507829977
gtfA_2~~~pglJ,SPVP150045.contig00004,1155,1155,99.654,1,1155,321518,320364,0.0,2066.0,1.0
gucD~~~aldHT,SRR4016801.contig00001,1461,1461,93.771,1,1461,769876,771336,0.0,2225.0,1.0
gumD,SPVP110054.contig00002,555,555,100.0,1,555,350292,349738,0.0,1002.0,1.0
gutB,VP10022.contig00001,1011,1011,100.0,1,1011,31878,32888,0.0,1824.0,1.0
hdfR_11~~~hdfR_2~~~pgrR_2~~~pgrR_3~~~pgrR_6~~~pgrR_4,NZ_JACBSZ010000011,930,928,99.246,1,928,47498,46571,0.0,1643.0,0.9978494623655914
hdfR_4~~~leuO_6~~~leuO_1~~~leuO_5~~~leuO_4~~~leuO_7~~~leuO_8~~~leuO_2~~~leuO_3,SPVP140212.contig00002,951,952,98.319,1,951,129892,128941,0.0,1642.0,1.0010515247108307
hdfR_5~~~ybdO_1~~~leuO_1~~~ybdO_2~~~leuO_2~~~ybdO~~~leuO_4,NZ_JABCIE010000001,918,919,99.674,1,918,358430,357513,0.0,1637.0,1.0010893246187365
hdfR_9~~~hdfR_8~~~cynR_1~~~ampR~~~hdfR_5,NZ_JACBSZ010000001,909,909,97.8,1,909,549516,548608,0.0,1550.0,1.0
hflC_1~~~hflC_3~~~hflC_2,SPVP170146.contig00029,993,993,99.799,1,993,5635,4643,0.0,1783.0,1.0
hflK_1~~~hflK_2,NZ_KK020625,1059,1059,99.906,1,1059,161799,160741,0.0,1906.0,1.0
higA2,NZ_CP046785,315,315,99.683,1,315,2410880,2411194,1.6e-159,564.0,1.0
higB2_2~~~higB2,SPVP150139.contig00029,399,391,95.908,9,399,4816,5206,1.4e-180,634.0,0.9799498746867168
hin_1,DADYHI010000030,486,486,100.0,1,486,16264,15779,0.0,877.0,1.0
hin_1~~~hin_3~~~hin,DADYHI010000031,603,603,88.723,1,603,12003,11401,0.0,782.0,1.0
hin~~~hin_2~~~pinR,SRR11823746.contig00009,603,603,90.216,1,603,58246,58848,0.0,822.0,1.0
hipA_1~~~hipA_2~~~hipA_3~~~hipA,JACVHJ010000009.1,1422,1422,96.765,1,1422,15627,14206,0.0,2358.0,1.0
hipA_1~~~hipA~~~hipA_2~~~hipA_4,SPVP110054.contig00007,1326,1325,88.075,2,1326,84554,83236,0.0,1679.0,0.9992458521870287
hipA_2~~~hipA_1~~~hipA,SPVP170098.contig00003,1386,1386,97.908,1,1386,388308,386924,0.0,2366.0,1.0
hipA_2~~~hipA_1~~~hipA~~~hipA_3,SPVP140259.contig00002,1329,1309,93.812,1,1309,592426,593734,0.0,1996.0,0.9849510910458992
hipA~~~hipA_1~~~hipA_3,SPVP110054.contig00007,1308,1308,96.177,1,1308,84543,83236,0.0,2134.0,1.0
hipA~~~hipA_2~~~hipA_4~~~hipA_3~~~hipA_1,SPVP140259.contig00004,1308,1308,94.343,1,1308,180376,179072,0.0,2024.0,1.0
hipB~~~hipB_2,NZ_JAFLNR010000022,459,460,95.652,1,459,30918,30459,0.0,737.0,1.0021786492374727
hipB~~~hipB_3,VP15198.contig00011,258,258,91.86,1,258,2754,2497,1.58e-101,371.0,1.0
hit~~~hit_2~~~hit_1,SPVP140107.contig00019,409,409,100.0,1,409,14220,13812,0.0,738.0,1.0
hlyA~~~hlyA_1~~~hlyA_2,NZ_LFYN01000097,2961,2961,99.966,1,2961,10499,13459,0.0,5336.0,1.0
hlyB_2~~~hlyB_1~~~hlyB_3~~~hlyB,AAXOXW010000014,2124,2124,99.2,1,2124,101125,99002,0.0,3754.0,1.0
hlyC_2~~~hlyC_3~~~hlyC_1,NZ_LFYN01000097,513,513,98.83,1,513,9975,10487,0.0,899.0,1.0
hlyD_1~~~hlyD~~~hlyD_2~~~hlyD_4~~~hlyD_3,SRR19641559.contig00004,1437,1437,98.887,1,1437,18252,19688,0.0,2520.0,1.0
hns_2,SPVP140212.contig00002,411,411,100.0,1,411,512927,512517,0.0,742.0,1.0
hns_2~~~hns_1,SRR19641559.contig00017,414,397,71.033,1,395,18074,17689,1.1999999999999998e-48,196.0,0.9589371980676329
hns_2~~~hns_1~~~hns_3,SRR11823746.contig00009,462,462,99.784,1,462,42332,42792,0.0,826.0,1.0
hsdM_3,SRR16324073.contig00001,1719,1719,100.0,1,1719,113204,111486,0.0,3101.0,1.0
hsdR_5,SPVP140285.contig00010,3498,3505,94.066,1,3498,110779,107282,0.0,5369.0,1.0020011435105776
hsdR~~~hsdR_1~~~hsdR_2,SRR18763195.contig00010,3006,2966,86.75,41,3006,122985,120020,0.0,3578.0,0.9866932801064537
hsdR~~~hsdR_2~~~hsdR_1,SRR4016801.contig00002,3123,3019,79.066,86,3104,217504,220516,0.0,2592.0,0.9666986871597822
hsdS~~~hsdS_2~~~hsdS_1,VP11139.contig00007,1779,1779,99.944,1,1779,326888,328666,0.0,3204.0,1.0
hup~~~ihfA_2,SPVP140260.contig00018,324,324,94.136,1,324,68297,67974,5.78e-140,499.0,1.0
hxlR,AAXNRW010000001,480,495,84.848,1,480,695751,696244,3.76e-157,556.0,1.03125
hypBA1_1~~~hypBA1_2~~~hypBA1_3~~~hypBA1,VP10022.contig00001,1995,1995,94.687,1,1995,704144,706138,0.0,3121.0,1.0
icaA,SPVP140260.contig00006,2355,2356,99.958,1,2355,34577,32222,0.0,4241.0,1.0004246284501062
inhA_2,VP06050.contig00001,672,672,100.0,1,672,493474,494145,0.0,1213.0,1.0
inhA_2~~~inhA_1,SRR18034811.contig00001,582,582,100.0,1,582,768378,768959,0.0,1050.0,1.0
inlJ,NZ_JABCCB010000048,837,837,94.982,1,837,58,894,0.0,1321.0,1.0
insK~~~insK_1~~~insK_2,NZ_JACBSZ010000011,1143,1143,100.0,1,1143,161219,160077,0.0,2062.0,1.0
intA_1~~~intA_2~~~intA_5~~~intA~~~intA_4~~~intA_3,NZ_JABCBN010000002,1248,1248,94.471,1,1248,1496,250,0.0,1937.0,1.0
intA_1~~~intA_2~~~intA~~~intA_4~~~intA_5,VP10022.contig00003,1284,1295,99.073,1,1284,177965,179259,0.0,2287.0,1.0085669781931463
intA_1~~~intA_2~~~intA~~~intS,NZ_CP051100,1224,1223,90.433,1,1223,799938,798716,0.0,1679.0,0.9991830065359477
intA_1~~~intA_2~~~xerC_3~~~intA,SRR16324073.contig00011,1347,1351,98.075,1,1344,75826,77176,0.0,2322.0,1.0029695619896066
intA_1~~~intA~~~intS_2~~~intS_3,VP15198.contig00003,1230,1230,100.0,1,1230,375101,376330,0.0,2219.0,1.0
intA_2~~~intA_1~~~intA~~~intA_3~~~intA_4,SRR16324073.contig00005,1311,1223,95.993,1,1220,347021,348243,0.0,1979.0,0.9328756674294432
intA_2~~~intA_3~~~intA_1~~~intA~~~intA_5~~~intA_4,SRR16324073.contig00001,1254,1250,96.64,1,1250,120960,119711,0.0,2066.0,0.9968102073365231
intA_2~~~intA_3~~~intS~~~intA_1~~~intA_8,NZ_CP051100,1266,1267,76.717,1,1266,796903,798169,0.0,952.0,1.0007898894154819
intA_2~~~intA_4~~~intA_1~~~intA~~~intA_3,SRR18763195.contig00009,1224,1196,88.462,1,1193,150226,151418,0.0,1532.0,0.9771241830065359
intA_2~~~intS~~~intA_1~~~intA_3~~~intS_2~~~intA,CP078611,1368,1368,96.272,1,1368,1824898,1823531,0.0,2238.0,1.0
intA_2~~~intS~~~intA_1~~~intA_4~~~intA_3~~~intA,SPVP170162.contig00005,1239,1240,99.113,1,1239,58097,59336,0.0,2184.0,1.0008071025020178
intA_2~~~intS~~~intA_1~~~intS_1~~~intA_5~~~intA_3~~~intA_4~~~intS_2~~~intA,SPVP140260.contig00025,1278,1278,99.687,1,1278,3229,1952,0.0,2287.0,1.0
intA_2~~~xerC_7~~~xerC_2~~~xerC_3~~~xerC_4~~~intA_5~~~xerC_5~~~intA_3~~~xerD_3~~~intA_1~~~intA~~~intA_6,SRR13684777.contig00017,1269,1047,83.668,223,1269,104912,103866,0.0,1118.0,0.8250591016548463
intA_3~~~intA_2~~~intA_1~~~intA~~~intA_5~~~intA_4,SPVP150139.contig00008,1347,1337,96.036,1,1337,24204,25539,0.0,2169.0,0.9925760950259837
intA_4~~~intA~~~intA_5~~~intA_6~~~intA_2~~~intA_1,SRR18609788.contig00042,1350,1348,93.769,1,1348,3962,2615,0.0,2053.0,0.9985185185185185
intA~~~intA_1~~~intA_2~~~intA_5~~~intA_3,SPVP170049.contig00001,1284,1259,93.487,2,1259,694697,695955,0.0,1898.0,0.9805295950155763
intQ,NZ_MUXG01000019,1236,1236,94.822,1,1236,6905,5670,0.0,1941.0,1.0
intS_1~~~intS~~~intS_2,SPVP140212.contig00009,1206,1196,94.816,1,1195,169184,167989,0.0,1874.0,0.9917081260364843
intS_2~~~intS_1~~~intA_1~~~intS,AAXNRW010000003,1227,1208,87.583,1,1205,188563,187356,0.0,1501.0,0.9845150774246129
intS_2~~~intS~~~intS_1,SPVP170098.contig00003,1326,1326,100.0,1,1326,385554,386879,0.0,2392.0,1.0
intS~~~intS_1,SRR18034811.contig00002,1164,1164,98.196,1,1164,237997,239160,0.0,2005.0,1.0
intS~~~intS_2~~~intS_1,VP06050.contig00005,1227,1187,98.231,1,1187,195295,194109,0.0,2047.0,0.967400162999185
iucA,VP10022.contig00001,1854,1854,96.98,1,1854,1046685,1048514,0.0,3109.0,1.0
kat,SRR18762455.contig00005,1320,1320,99.924,1,1320,372153,370834,0.0,2377.0,1.0
katB_1~~~katB~~~katB_2,NZ_JABCBN010000001,1620,1620,99.074,1,1620,168178,169797,0.0,2855.0,1.0
kcsA,NZ_LFYN01000077,759,759,88.274,1,759,6351,5598,0.0,959.0,1.0
kdgK_3~~~kdgK_1~~~kdgK~~~kdgK_2,VP10022.contig00001,961,961,99.792,1,961,1224035,1224995,0.0,1725.0,1.0
kdgK~~~kdgK_2~~~kdgK_3~~~kdgK_1~~~RBKS,JACVHT010000004.1,984,984,95.732,1,984,185032,184055,0.0,1587.0,1.0
kdgM~~~kdgM_1,NZ_MUXG01000004,691,691,99.855,1,691,56911,56221,0.0,1242.0,1.0
kdgR~~~kdgR_1~~~kdgR_2,DADYHI010000005,798,798,100.0,1,798,63401,64198,0.0,1440.0,1.0
kdkA,NZ_JABCBN010000003,708,708,100.0,1,708,167191,167898,0.0,1278.0,1.0
kdkA~~~kdkA_2~~~kdkA_1,SPVP140260.contig00004,783,664,99.699,1,663,176784,176121,0.0,1186.0,0.8480204342273308
kdsA_2~~~kdsA_1,NZ_JABCBN010000003,798,771,78.729,1,770,223642,224408,0.0,643.0,0.9661654135338346
kdsB_2~~~kdsB_1,NZ_JABCIE010000005,750,750,100.0,1,750,6242,6991,0.0,1353.0,1.0
kduD,SRR18763195.contig00003,951,951,99.369,1,951,53106,52158,0.0,1682.0,1.0
klcA_1~~~klcA~~~klcA_2,SRR18609788.contig00018,441,420,73.571,1,417,65545,65129,5.46e-66,254.0,0.9523809523809523
korA_2~~~korA_1~~~korA_3~~~korA,SPVP170146.contig00011,1842,1842,97.828,1,1842,42478,44319,0.0,3142.0,1.0
korB_1~~~korB_2~~~korB,SPVP170146.contig00011,999,999,99.299,1,999,44309,45307,0.0,1771.0,1.0
kpsD~~~kpsD_2,NZ_JABCBN010000003,1749,1749,100.0,1,1749,209343,211091,0.0,3155.0,1.0
kpsD~~~kpsD_3,ABDZFE010000002,2769,2769,99.928,1,2769,197488,200256,0.0,4985.0,1.0
lacA_2,SPVP150045.contig00004,512,512,99.609,1,512,320354,319845,0.0,908.0,1.0
lamB_2~~~lamB_3~~~lamB_4,SRR18609788.contig00024,1266,1267,86.661,1,1266,7840,6578,0.0,1515.0,1.0007898894154819
lamB~~~lamB_1~~~lamB_2,SRR13684777.contig00001,1221,1222,81.997,1,1221,236488,237708,0.0,1205.0,1.0008190008190008
lamB~~~lamB_2~~~lamB_1,AAXOXW010000015,1299,1299,95.843,1,1299,101597,102895,0.0,2100.0,1.0
lapB_2,NZ_JACBSZ010000001,3315,3315,98.371,1,3315,582797,579483,0.0,5735.0,1.0
lapB_2~~~bcsC~~~bepA_4~~~lapB_1~~~lapB_3,JACVHJ010000022.1,3783,3783,98.784,1,3783,97375,93611,0.0,6623.0,1.0
legG,SPVP170011.contig00003,1203,1203,99.834,1,1203,192400,193602,0.0,2161.0,1.0
legG~~~legG_1~~~neuC~~~legG_2,NZ_MUXG01000002,1179,1179,94.996,1,1179,370367,369189,0.0,1861.0,1.0
legI~~~legI_1~~~neuB~~~legI_2,SPVP170162.contig00003,1074,1073,85.089,1,1073,379051,377979,0.0,1214.0,0.9990689013035382
legI~~~neuB,SRR18762455.contig00005,1077,1077,96.193,1,1077,376684,375608,0.0,1758.0,1.0
leuE_1~~~leuE_2~~~rhtB_3~~~leuE_3~~~rhtB_2,SRR11350400.contig00012,639,639,100.0,1,639,7298,6660,0.0,1153.0,1.0
leuE_3,NZ_NNHO01000007,627,627,100.0,1,627,154051,153425,0.0,1131.0,1.0
leuO_1~~~leuO_8~~~leuO_7,SPVP170162.contig00004,855,855,99.532,1,855,436943,437794,0.0,1523.0,1.0
leuO_1~~~leuO_8~~~yidZ_4~~~yidZ_3~~~leuO_6~~~yidZ_2~~~leuO_3~~~yidZ_1~~~leuO_4~~~pcpR_2,JACVHJ010000012.1,1062,1063,99.341,1,1062,150293,151355,0.0,1883.0,1.0009416195856873
leuO_4~~~leuO_2~~~leuO_3~~~leuO_7~~~leuO_1~~~leuO_5,NZ_JACBSZ010000012,855,856,99.533,1,855,136742,135887,0.0,1523.0,1.001169590643275
leuO_7~~~leuO_6~~~leuO_4~~~leuO_2~~~leuO_5~~~leuO_3~~~leuO_1~~~leuO_8~~~hdfR_3~~~hdfR_4,AAXNRW010000002,894,894,99.441,1,894,33060,33952,0.0,1587.0,1.0
lexA_2,VP11139.contig00004,687,687,99.854,1,687,391386,390700,0.0,1235.0,1.0
licH_2~~~licH_1~~~chbF~~~licH_3~~~licH_4,SPVP170049.contig00004,1380,1381,98.045,1,1380,192523,191143,0.0,2366.0,1.0007246376811594
ligA_2~~~ligA_1,NZ_JNSU02000027,1362,1362,99.706,1,1362,156626,155265,0.0,2439.0,1.0
ligA_4~~~ligA_1~~~ligA_2,SPVP110054.contig00009,2043,1985,83.174,73,2043,7710,9674,0.0,2056.0,0.9716103768967205
lktA,SPVP170049.contig00005,8505,6915,89.92,1594,8505,187058,193963,0.0,9326.0,0.8130511463844797
lon_3~~~lon_1~~~lon_2,JACVHJ010000010.1,2172,2172,89.18,1,2172,178169,180340,0.0,2858.0,1.0
lpp_2~~~bdbD_2~~~lpp_1,NZ_JABCBH010000001,807,807,97.274,1,807,940712,939924,0.0,1369.0,1.0
lpxA_2~~~lpxD_2,SPVP140260.contig00004,753,753,99.867,1,753,173650,172898,0.0,1354.0,1.0
lpxD_1~~~dapH_1,NZ_JABCBN010000004,654,654,100.0,1,654,22631,23284,0.0,1180.0,1.0
lrp_2,VP10022.contig00002,528,528,98.485,1,528,30193,29674,0.0,920.0,1.0
ltaA,SPVP140285.contig00010,1116,1116,99.462,1,1116,11249,10134,0.0,1986.0,1.0
ltrA~~~ltrA_2,ABDZFE010000007,1632,1632,100.0,1,1632,13355,11724,0.0,2944.0,1.0
lytC,SRR17888663.contig00016,552,552,93.841,1,552,91676,92227,0.0,843.0,1.0
macA_2~~~macA_3~~~macA_1,VP10022.contig00004,1200,1200,100.0,1,1200,88072,89271,0.0,2165.0,1.0
macB_5~~~macB_2~~~macB_3~~~macB_4~~~btuD_4~~~macB_1,SPVP170049.contig00002,2610,2611,99.196,1,2610,89288,91897,0.0,4607.0,1.000383141762452
malG_1,SRR18609788.contig00024,843,843,100.0,1,843,12161,11319,0.0,1521.0,1.0
malK_1~~~malK_2,NZ_JAFLNR010000001,1104,1104,94.384,1,1104,427823,428926,0.0,1712.0,1.0
malT_1~~~csgD~~~csgD_2,SRR18609788.contig00002,699,699,100.0,1,699,467787,468485,0.0,1261.0,1.0
malT_4,NZ_JAFLNR010000007,645,645,100.0,1,645,170703,170059,0.0,1164.0,1.0
manA_1~~~manA_2~~~manA_3~~~manA_4,SRR11350400.contig00017,1218,1222,70.704,1,1214,122653,121440,1.2900000000000001e-161,573.0,1.0032840722495895
manA_2,SRR18763195.contig00005,1209,1209,99.338,1,1209,310958,309750,0.0,2145.0,1.0
manA_2~~~manA_1~~~manA_3,JADQEE010000007.1,1191,1191,100.0,1,1191,209776,210966,0.0,2149.0,1.0
manC1,JADQEE010000007.1,1458,1458,93.278,1,1458,206800,208242,0.0,2197.0,1.0
manC1~~~rfbM~~~algA,NZ_JABCBH010000002,1422,1434,66.039,1,1414,196434,197848,8.359999999999999e-89,332.0,1.0084388185654007
mazE,DADYHI010000030,231,231,99.134,1,231,3923,3693,5.54e-113,408.0,1.0
mazF,SRR11823746.contig00009,342,342,97.953,1,342,84104,84445,5.37e-166,586.0,1.0
mbeA,NZ_BAVK01000003,1824,1663,83.945,1,1661,5805,7465,0.0,1782.0,0.9117324561403509
mboIIM~~~dpnA~~~yhdJ~~~dpnA_2,SPVP140212.contig00001,765,765,100.0,1,765,163515,164279,0.0,1380.0,1.0
mccF,SRR11823751.contig00039,1005,1005,96.219,1,1005,4602,5606,0.0,1642.0,1.0
mcpH_2~~~mcpP_1~~~mcpH_1,NZ_NNHO01000002,1863,1864,96.352,1,1863,31725,29863,0.0,3048.0,1.0005367686527107
mcpQ,SRR18609788.contig00024,1734,1739,71.593,1,1734,6408,4675,0.0,901.0,1.002883506343714
mcpU_2~~~mcpU_3,SPVP170049.contig00001,1155,1155,91.861,1,1155,738036,736882,0.0,1660.0,1.0
mcrA,SPVP170049.contig00001,840,810,90.37,31,840,702303,701494,0.0,1110.0,0.9642857142857143
mcrB,SPVP140285.contig00010,2697,2697,91.027,2,2697,99640,96945,0.0,3766.0,1.0
mcrB~~~mcrB_1~~~mcrB_2,SPVP150045.contig00009,2460,2460,100.0,1,2460,94666,97125,0.0,4437.0,1.0
mdaB,NZ_JAFLNR010000001,585,585,99.658,1,585,376310,376894,0.0,1047.0,1.0
mdh_2~~~adhB_2,VP10022.contig00001,1194,1194,98.827,1,1194,27335,28522,0.0,2092.0,1.0
mdoB_1~~~mdoB_2,NZ_JABCBN010000003,2115,2116,99.953,1,2115,161187,163302,0.0,3809.0,1.0004728132387706
mdtL_2~~~mdtL_1~~~mdtL_4~~~mdtL_5~~~mdtL_3,SPVP140259.contig00002,1215,1215,99.095,1,1215,92652,91444,0.0,2143.0,1.0
mdtN_2~~~mdtN~~~aaeA_1~~~yibH,JACVHJ010000017.1,1107,1107,99.819,1,1107,94364,93258,0.0,1988.0,1.0
melA,SPVP140260.contig00002,1353,1353,97.561,1,1353,516084,517436,0.0,2292.0,1.0
melB_1~~~melB_2~~~melB,SPVP140260.contig00002,1443,1443,98.891,1,1443,517504,518931,0.0,2540.0,1.0
melR_1~~~melR_3,SRR18762455.contig00001,1002,1002,94.611,1,1002,305223,306224,0.0,1564.0,1.0
melR_2~~~melR_3~~~melR_1~~~purR_2,SRR13684777.contig00039,1026,1026,89.864,1,1026,18121,19146,0.0,1382.0,1.0
menG~~~COQ5_1~~~COQ5~~~desVI~~~COQ5_2~~~COQ5_3,VP11139.contig00004,1200,1201,99.001,1,1200,149305,150505,0.0,2109.0,1.0008333333333332
mepM_2~~~mepM_3,SPVP140285.contig00001,987,987,99.493,1,987,9002,9988,0.0,1758.0,1.0
mggB~~~yfkN~~~mggB_1~~~cpdB_1,NZ_BAVK01000003,1716,1716,100.0,1,1716,174179,172464,0.0,3095.0,1.0
mhpE,SPVP150139.contig00005,1629,1602,92.322,28,1629,353593,351992,0.0,2335.0,0.9834254143646409
minD_1,NZ_CP046785,1209,1209,78.412,1,1209,1740383,1741591,0.0,1004.0,1.0
mkl,SRR17888663.contig00036,807,808,84.282,1,807,5850,6656,0.0,878.0,1.0012391573729864
mlaF_1~~~mkl,SRR18762455.contig00004,807,807,99.752,1,807,34182,33376,0.0,1447.0,1.0
moaA_2~~~moaA_1,NZ_JABCBN010000001,900,861,99.535,1,861,958461,957601,0.0,1535.0,0.9566666666666667
moaA_4~~~moaA_1~~~moaA_2,SPVP150169.contig00001,861,861,98.955,1,861,703115,703975,0.0,1513.0,1.0
mscM~~~mscK,SRR18762455.contig00004,2589,2589,99.923,1,2589,31705,29117,0.0,4661.0,1.0
mscS_1~~~mscS_2,SPVP170146.contig00028,858,858,100.0,1,858,15072,14215,0.0,1548.0,1.0
mshA_1~~~mshA_2,SPVP140259.contig00004,1245,1245,99.92,1,1245,317728,318971,0.0,2238.0,1.0
mshA_2~~~mshA_3~~~mshA_6,SPVP170162.contig00003,3375,3375,99.97,1,3375,317612,314238,0.0,6083.0,1.0
mshA_2~~~mshA_4~~~mshA_3~~~bshA~~~bshA_3,SPVP170146.contig00004,1032,1032,95.93,1,1032,31207,30176,0.0,1673.0,1.0
mshA_2~~~mshA_4~~~mshA_3~~~mshA_5~~~mshA,JACVHI010000002.1,1053,1053,100.0,1,1053,322907,321855,0.0,1900.0,1.0
mshA_3~~~mshA_4~~~tuaG,SPVP140259.contig00004,3279,3297,71.641,1,3279,333942,330667,0.0,1681.0,1.0054894784995425
mshA_4~~~bshA~~~mshA_2,NZ_JABCFE010000004,1041,1041,99.904,1,1041,377369,378409,0.0,1874.0,1.0
mshA_4~~~kanE~~~mshA_2~~~mshA_1,SRR11350400.contig00017,1257,1094,74.132,1,1094,126865,125772,0.0,698.0,0.8703261734287987
mshA_4~~~mshA_1~~~mshA_3,JACVHT010000005.1,1263,1257,96.659,7,1263,217096,218352,0.0,2078.0,0.995249406175772
mshD_2~~~mshD_1,NZ_JABCBN010000022,555,556,99.46,1,555,4110,4665,0.0,986.0,1.0018018018018018
murG_1~~~murG_2,JACVHI010000002.1,453,453,98.013,1,453,321389,320937,0.0,777.0,1.0
murJ_2~~~murJ_1,NZ_JNSU02000018,1470,1470,95.986,1,1470,163929,162460,0.0,2386.0,1.0
nagC_2~~~nanK~~~glcK,NZ_BAVK01000008,1230,1230,100.0,1,1230,272842,271613,0.0,2219.0,1.0
nagL_2,JACVHJ010000037.1,600,600,94.167,1,600,19197,18598,0.0,925.0,1.0
namA,VP10022.contig00001,2079,2079,99.952,1,2079,28648,30726,0.0,3745.0,1.0
nanR,SPVP150085.contig00006,819,820,99.756,1,819,189609,190428,0.0,1467.0,1.0012210012210012
nemA_2~~~nemA_3~~~nemA_4~~~nemA_1,SRR18762455.contig00013,1098,1097,86.964,1,1097,21896,20800,0.0,1334.0,0.9990892531876139
nemA_3~~~nemA_1~~~nemA_4,SRR16324073.contig00003,1089,1094,77.879,1,1088,555243,556330,0.0,880.0,1.0045913682277319
neuA,VP06050.contig00005,678,678,99.705,1,678,213079,213756,0.0,1214.0,1.0
neuA~~~neuA_1,NZ_JABCFE010000004,705,706,99.292,1,705,364198,363493,0.0,1248.0,1.001418439716312
nfdA_2,VP10022.contig00001,1746,1746,88.545,1,1746,69561,71306,0.0,2248.0,1.0
nhaA_2~~~nhaA_3~~~nhaA_1,SRR16324073.contig00025,1344,1344,98.512,1,1344,2458,3801,0.0,2334.0,1.0
nikE,SRR19641559.contig00017,627,627,99.362,1,627,10094,10720,0.0,1113.0,1.0
nimR_2~~~nimR_3~~~nimR_4~~~nimR_1~~~rhaR_3,VP11139.contig00001,777,777,100.0,1,777,642394,641618,0.0,1402.0,1.0
nlhH~~~aes,NZ_JABCCB010000020,915,915,91.475,1,915,21377,20463,0.0,1299.0,1.0
noc_1~~~noc,SPVP110054.contig00015,1203,1203,99.418,1,1203,50136,48934,0.0,2139.0,1.0
norR_4~~~norR_1~~~norR_3~~~norR_2,SRR18034811.contig00003,1485,1485,99.933,1,1485,414701,416185,0.0,2674.0,1.0
nudG~~~mutT_2~~~mutT_1,SPVP170049.contig00001,402,402,95.771,1,402,701497,701096,0.0,649.0,1.0
oadA_2~~~oadA_3,SPVP140285.contig00010,1815,1815,98.237,1,1815,235322,237133,0.0,3128.0,1.0
oadB,SPVP140107.contig00001,1302,1302,99.923,1,1302,764084,765385,0.0,2344.0,1.0
oadG_2~~~oadG_1,VP06050.contig00025,252,252,98.413,1,252,16691,16942,1.26e-121,437.0,1.0
ogl~~~ogl_2~~~ogl_1,NZ_JABCBH010000004,1182,1182,99.408,1,1182,397570,398751,0.0,2101.0,1.0
ompA_2,VP06050.contig00001,585,585,99.658,1,585,483199,482615,0.0,1047.0,1.0
ompA_2~~~ompA_9~~~ompA_1~~~ompA_6~~~ompA_7~~~ompA_11,DADYHI010000031,984,984,93.394,1,984,3400,2417,0.0,1482.0,1.0
ompA_8~~~ompA_10~~~oprF_3~~~ompA_2~~~ompA_1~~~ompA_5~~~pal_8~~~ompA_7~~~ompA_11~~~ompA_4~~~ompA_9~~~pal_3~~~oprF,DADYHI010000027,1161,934,67.987,195,1113,16457,15533,1.82e-83,314.0,0.8044788975021533
ompA_8~~~ompA_1~~~ompA_10~~~ompA_12~~~ompA_9~~~ompA_3,VP10022.contig00015,921,921,100.0,1,921,38843,39763,0.0,1662.0,1.0
ompA_8~~~ompA_5~~~ompA_6~~~ompA_7~~~ompA_2~~~ompA_4,AAXOXW010000028,855,855,98.012,1,855,4806,5654,0.0,1467.0,1.0
ompC,VP10022.contig00001,1086,1086,100.0,1,1086,57643,56558,0.0,1959.0,1.0
opgE,SRR18762455.contig00005,1533,1537,71.828,1,1531,388776,387246,0.0,795.0,1.0026092628832355
oppB_4~~~oppB_1,AAXOXW010000033,981,981,98.879,1,981,8611,9591,0.0,1720.0,1.0
oppD_3~~~oppD_7~~~oppD_2~~~oppD_6~~~oppD_1,AAXOXW010000033,696,696,99.138,1,695,10396,11091,0.0,1225.0,1.0
oprF_7~~~pal_9,SPVP170146.contig00057,618,618,100.0,1,618,1352,735,0.0,1115.0,1.0
paaF_2,VP15198.contig00001,777,777,95.495,1,777,452546,453322,0.0,1244.0,1.0
paaF_3~~~crt~~~paaF_1~~~paaF_2,NZ_JABCFE010000001,780,779,98.588,1,779,1290897,1290119,0.0,1356.0,0.9987179487179487
paaJ~~~pcaF~~~fadA_3,AAXOXW010000014,390,411,93.674,1,390,96379,96789,0.0,639.0,1.0538461538461539
pal_11~~~pal_10~~~pal_2~~~pal_8~~~pal_5~~~oprF_5~~~pal_7,SRR18762455.contig00006,4761,4769,97.085,1,4761,228128,223383,0.0,7971.0,1.0016803192606596
pal_2~~~pal_3,DADYHI010000007,4749,4749,99.916,1,4749,4394,9142,0.0,8547.0,1.0
pal_2~~~pal_3~~~pal_4~~~pal_9~~~pal_7~~~pal_10~~~pal_6~~~pal_1~~~pal_5,SRR11350400.contig00014,906,906,99.448,1,906,15269,16174,0.0,1612.0,1.0
pal_2~~~pal_7~~~pal_5~~~pal_11~~~pal_9~~~pal_8~~~pal_10~~~pal_6~~~pal_4~~~pal_3,VP10022.contig00002,4761,4761,94.875,1,4761,4578,9311,0.0,7475.0,1.0
pal_4~~~pal_2~~~pal_7~~~pal_8~~~pal_3,VP06050.contig00009,4779,4779,96.296,1,4779,4170,8948,0.0,7821.0,1.0
pal_5~~~pal_8~~~pal_9,SPVP150085.contig00023,4692,4692,99.957,1,4692,36099,31408,0.0,8453.0,1.0
pal_9~~~pal_1,VP10022.contig00001,672,672,98.661,1,672,52660,53325,0.0,1173.0,1.0
pal_9~~~pal_10~~~pal_6~~~pal_5~~~pal_2~~~pal_1~~~pal_8~~~pal_7~~~pal_4,VP15198.contig00001,573,573,98.08,1,573,596610,597173,0.0,988.0,1.0
parE1_1~~~parE_2,SPVP170146.contig00028,303,243,68.313,45,287,9170,9412,2.62e-17,92.4,0.801980198019802
parE1~~~parE1_1,SPVP170146.contig00045,300,300,81.333,1,300,953,1252,4.99e-77,289.0,1.0
parE1~~~parE1_2~~~parE1_1,ABDZFE010000026,300,300,99.667,1,300,3564,3265,2.11e-151,537.0,1.0
pctA~~~pctC~~~pctC_2,VP07269.contig00002,1107,1107,99.548,1,1107,189562,188456,0.0,1975.0,1.0
pctC_1~~~pctC,NZ_NNHO01000002,1941,1941,99.742,1,1941,29154,27214,0.0,3479.0,1.0
pdeG_2,VP07269.contig00007,744,744,98.79,1,744,101124,101867,0.0,1302.0,1.0
pdeG~~~dosP~~~pdeG_1,AAXNRW010000006,711,711,98.594,1,711,14804,15508,0.0,1239.0,1.0
pdeL~~~pdeG,SRR18034811.contig00008,699,696,94.253,1,696,197180,197875,0.0,1076.0,0.9957081545064378
pdeR~~~dgcN,SRR16324073.contig00005,723,724,99.862,1,723,151761,151038,0.0,1298.0,1.0013831258644537
pdxY_1~~~pdxY_3~~~pdxY_2,SRR18609788.contig00003,903,903,98.117,1,903,149770,148868,0.0,1553.0,1.0
pdxY_2~~~pdxY_1,SRR16324073.contig00006,858,858,84.965,1,858,19761,20618,0.0,966.0,1.0
pelX_2~~~pelX~~~pelX_1,SPVP140259.contig00005,2244,2244,98.396,1,2244,56474,54246,0.0,3894.0,1.0
per~~~arnB~~~desV~~~arnB_1,VP10022.contig00003,1182,1181,95.597,2,1182,331717,330537,0.0,1896.0,0.9991539763113367
pglE,NZ_JABCFE010000004,1152,1153,84.735,1,1152,369378,368227,0.0,1279.0,1.0008680555555556
pglF_1~~~pglF,SPVP140107.contig00003,1191,1191,90.764,1,1191,355913,354723,0.0,1653.0,1.0
pglF~~~pglF_2~~~pglF_1,SRR18762455.contig00005,1191,1191,87.993,1,1191,380256,379066,0.0,1504.0,1.0
pglJ,SPVP150169.contig00009,1107,1107,99.729,1,1107,27124,28227,0.0,1982.0,1.0
pgrR_1~~~dmlR_13~~~dmlR_11~~~dmlR_2~~~dmlR_3,SRR11823746.contig00008,1038,1039,99.519,1,1038,85706,84668,0.0,1848.0,1.0009633911368014
pgrR_4~~~dmlR_3~~~pgrR_1~~~dmlR_7~~~allS~~~hdfR_8~~~hdfR_5~~~dmlR_15~~~pgrR_5~~~pgrR_3~~~dmlR_11~~~dmlR_14~~~dmlR_12~~~dmlR_1~~~pgrR_2~~~dmlR_6~~~pgrR_6~~~dmlR_9~~~dmlR_8~~~dmlR_2~~~dmlR_13~~~dmlR_5,JACVHT010000001.1,921,921,98.697,1,921,699508,698588,0.0,1608.0,1.0
pilA,SRR17888663.contig00003,453,453,100.0,1,453,23975,23523,0.0,818.0,1.0
pilA_1~~~fimA_2~~~pilA~~~pilE1,NZ_JAFLNR010000012,444,444,100.0,1,444,23594,23151,0.0,801.0,1.0
pilE1,VP15198.contig00007,468,456,99.342,13,468,227702,228157,0.0,810.0,0.9743589743589743
pinR_1~~~pinR,VP15198.contig00014,612,610,95.738,3,612,114198,113589,0.0,984.0,0.9967320261437909
pinR~~~pinR_2~~~pinR_1,SPVP150045.contig00009,591,561,69.162,13,572,86448,87007,3.6100000000000003e-57,225.0,0.949238578680203
pipolB_2~~~pipolB~~~pipolB_1,SRR13684777.contig00054,2694,2683,91.912,1,2683,9402,6720,0.0,3861.0,0.995916852264291
pipolB~~~pipolB_2~~~pipolB_1,SRR18609788.contig00032,3120,3124,96.063,1,3120,5308,2186,0.0,5071.0,1.0012820512820513
pknD_2~~~pknD_3,VP10022.contig00002,2004,2004,99.401,1,2004,20857,22860,0.0,3561.0,1.0
pknD_4~~~pknD_3~~~pknD_2,SPVP150045.contig00022,1218,1218,95.895,1,1218,7553,8761,0.0,1975.0,1.0
pld,NZ_CP051100,738,738,94.58,1,738,414889,415626,0.0,1151.0,1.0
pleD_5,SPVP150139.contig00017,1590,1590,95.472,1,1590,59594,61183,0.0,2544.0,1.0
pndA~~~pndA_1,SRR18609788.contig00018,207,207,88.406,1,207,46483,46688,4.58e-69,262.0,1.0
pndA~~~pndA_2,DADYHI010000032,207,207,95.169,1,207,8625,8419,3.76e-89,329.0,1.0
polA_2~~~polA_1,SPVP140260.contig00034,2064,2064,95.349,1,2064,6933,4872,0.0,3287.0,1.0
polB_2~~~polB_3~~~polB~~~polB_1,NZ_NNEL01000014,2319,2364,97.504,1,2319,82723,85086,0.0,4034.0,1.019404915912031
polC_1~~~polC_2~~~polC_3~~~polC_4,ABDZFE010000011,909,904,97.124,1,904,63141,62238,0.0,1514.0,0.9944994499449945
polC_1~~~polC_2~~~polC_4~~~polC_3~~~dinG_1,SPVP140259.contig00002,636,643,98.911,1,636,705746,706388,0.0,1131.0,1.0110062893081762
polC_1~~~polC_3~~~polC_2~~~dinG_3,VP07003.contig00006,705,705,95.887,1,705,176657,177361,0.0,1141.0,1.0
polC_3~~~dinG_3~~~polC_2~~~dinG_4~~~dinG_5~~~dinG_1,SPVP140260.contig00015,699,665,94.135,24,688,5425,6089,0.0,1024.0,0.9513590844062947
potE_2,SRR17888663.contig00031,1344,1344,99.628,1,1344,8464,7121,0.0,2402.0,1.0
ppsD~~~menE_3~~~fadD3~~~lcfB_2,JACVHI010000002.1,1359,1359,99.926,1,1359,366175,364817,0.0,2447.0,1.0
pra,SPVP150085.contig00034,471,471,98.938,1,471,11672,12142,0.0,828.0,1.0
prmC_2,SRR4016801.contig00002,1596,1575,81.905,31,1596,213503,215038,0.0,1563.0,0.9868421052631579
prsD,JACVHJ010000019.1,1722,1722,99.593,1,1722,103282,105000,0.0,3073.0,1.0
prsE_2~~~prsE_1,SPVP150169.contig00015,1341,1341,99.702,1,1341,11713,13053,0.0,2401.0,1.0
prtG,SPVP170102.contig00001,18279,18279,98.156,1,18279,541996,560250,0.0,31462.0,1.0
prt_1~~~prt_2~~~prt_3~~~prt_4,AAXOXW010000010,2382,2382,100.0,1,2382,91494,93875,0.0,4296.0,1.0
pspB_3~~~cobC~~~gpgP~~~gpmA~~~pspB_1~~~pspB_2,SPVP170049.contig00003,612,612,98.693,1,612,23575,22964,0.0,1068.0,1.0
pssM,NZ_JACBSZ010000006,843,843,99.526,1,843,176023,176865,0.0,1503.0,1.0
ptlG,SRR11823746.contig00009,1258,1258,99.921,1,1258,24741,25997,0.0,2261.0,1.0
purR_1~~~purR_2,DADYHI010000001,1080,1080,94.63,1,1080,141090,140011,0.0,1687.0,1.0
queC_2~~~queC_1,NZ_JAFLNR010000018,1335,1210,66.86,1,1190,3724,2535,1.02e-93,348.0,0.9063670411985019
radD_2,SPVP170098.contig00020,1392,1181,85.182,1,1181,6190,7370,0.0,1342.0,0.8484195402298851
ramB,NZ_JAFLNR010000013,291,283,97.88,1,282,89896,90178,1.3799999999999998e-134,480.0,0.9725085910652921
ravA_1~~~ravA_2,NZ_JABCCB010000003,1605,1605,100.0,1,1605,424109,425713,0.0,2895.0,1.0
rclC,SPVP140285.contig00021,447,439,85.421,1,439,20683,20245,1.93e-141,504.0,0.9821029082774049
rcnR,SPVP170102.contig00001,274,274,96.35,1,274,280765,280493,2.6700000000000003e-124,446.0,1.0
rcsC_5~~~rcsC_6~~~luxQ_1~~~rcsC_10~~~rcsC_8~~~rcsC_3~~~rcsC_2~~~rcsC_11,JACVHI010000008.1,1767,1702,99.706,66,1767,61131,59430,0.0,3048.0,0.9632144878324844
rcsC_7~~~cusS_1~~~rstB~~~rcsC_9~~~rcsC_6,VP06050.contig00001,1347,1347,94.209,1,1347,484493,485839,0.0,2078.0,1.0
rcsC_8~~~rcsC_1~~~rcsC_7,SRR18034811.contig00001,1779,1777,96.849,1,1777,769429,771205,0.0,2953.0,0.9988757729061271
recA_2~~~recA_3,SRR13684777.contig00021,1059,993,80.161,13,1005,11057,10066,0.0,900.0,0.9376770538243626
recB_2~~~recB_1,SPVP170049.contig00001,1377,1378,89.55,1,1377,89753,88383,0.0,1826.0,1.0007262164124908
recD2,SRR13684777.contig00004,3519,3519,96.334,1,3519,166043,169561,0.0,5765.0,1.0
recD2~~~recD2_1~~~recD2_3~~~recD2_2,JADQEE010000002.1,2172,2172,98.941,1,2172,151176,149005,0.0,3814.0,1.0
recD2~~~recD2_2~~~recD2_5,SRR17888663.contig00029,4701,4701,90.768,1,4701,9203,13903,0.0,6522.0,1.0
recD2~~~traI_1~~~recD2_1~~~recD_2,SPVP170102.contig00004,3114,3114,99.904,1,3114,415494,412381,0.0,5603.0,1.0
recF_2,JADQEE010000001.1,1932,1932,88.354,1,1932,335872,333941,0.0,2470.0,1.0
recF_2~~~recF_1~~~recF_3,NZ_JAFLNR010000001,1953,1953,100.0,1,1953,404414,406366,0.0,3523.0,1.0
recF_3,SPVP140285.contig00010,1161,1161,88.889,1,1161,104392,103232,0.0,1513.0,1.0
relE_1~~~relE~~~relE_2,SRR19641559.contig00021,303,303,100.0,1,303,427,125,1.18e-154,547.0,1.0
repA,NZ_MUXG01000013,864,785,67.771,1,785,60500,61284,3.3800000000000003e-72,276.0,0.9085648148148148
rep_1~~~rep_2,SPVP140259.contig00004,1647,1645,83.222,1,1645,183462,185106,0.0,1723.0,0.9987856709168185
resA_2~~~resA_1,NZ_JAFLNR010000001,546,546,87.179,1,546,378445,378984,0.0,671.0,1.0
rfaF,SPVP140212.contig00020,1059,1053,97.341,7,1059,11784,12836,0.0,1773.0,0.9943342776203966
rfaF_1~~~rfaC,NZ_JABCBN010000003,1059,1059,100.0,1,1059,166685,165627,0.0,1911.0,1.0
rfaQ,JADQEE010000007.1,1062,1062,99.435,1,1062,166886,165831,0.0,1890.0,1.0
rfbA,SPVP170162.contig00003,882,881,81.385,1,881,340545,339665,0.0,850.0,0.9988662131519275
rfbB~~~fcl~~~rfbB_2,VP07003.contig00002,1851,1851,99.676,1,1851,259402,261252,0.0,3312.0,1.0
rfbC~~~rmlC,SRR13684777.contig00009,564,564,100.0,1,564,31483,32046,0.0,1018.0,1.0
rfbM~~~manC1,SRR11350400.contig00017,1419,1348,78.783,49,1392,125525,124182,0.0,1131.0,0.9499647639182522
rffG~~~rffG_1~~~rffG_2~~~rfbB_1~~~rfbB~~~rfbB_2~~~rmlB~~~rmlB_1,NZ_NNKS01000183,1092,1093,84.629,1,1092,2943,1852,0.0,1207.0,1.000915750915751
rffG~~~rffG_1~~~rmlB,SPVP170102.contig00004,1092,1055,86.445,1,1055,337121,336067,0.0,1259.0,0.9661172161172161
rffH~~~rffH_2~~~rffH_1,NZ_NNKS01000183,900,793,71.122,2,783,1854,1073,8.85e-99,364.0,0.8811111111111111
rhaA,SPVP140285.contig00010,1260,1239,78.935,23,1260,205116,206353,0.0,1051.0,0.9833333333333333
rhaB,NZ_BAVK01000008,1446,1446,100.0,1,1446,309707,311152,0.0,2608.0,1.0
rhaD,VP10022.contig00001,801,801,75.406,1,801,12650,11850,6.42e-157,557.0,1.0
rhaM,VP10022.contig00001,327,327,99.083,1,327,16124,15801,9.25e-163,575.0,1.0
rhaR_3~~~rhaR_4~~~rhaR_7~~~rclR_1~~~rhaR_6,SPVP170146.contig00037,714,716,80.866,1,714,2378,1665,0.0,664.0,1.0028011204481793
rhaR_4~~~btr~~~rhaR_6~~~rhaR_1~~~rhaR_7~~~adaA~~~rhaR_3,SPVP140090.contig00006,759,759,95.52,1,759,246337,247062,0.0,1242.0,1.0
rhaR_5~~~rhaS_1~~~cdhR_1~~~cdhR~~~rhaR_2~~~rhaR_3~~~cdhR_3~~~rhaR_7~~~rhaR_6~~~rhaR_4,SPVP170011.contig00005,993,993,99.396,1,993,142838,141846,0.0,1764.0,1.0
rhaR_7~~~rhaR_3~~~rhaR_4~~~rhaR_6~~~rhaR_5~~~appY~~~rhaR_2~~~rhaS_8~~~rhaR_1~~~appY_1~~~rhaS_11~~~rhaS_5,NZ_JABCBH010000010,840,841,98.692,1,840,145932,145092,0.0,1464.0,1.0011904761904762
rhaR_8~~~rhaR_4~~~rhaR_5~~~rhaR_1,VP15198.contig00003,726,726,99.174,1,726,189369,188644,0.0,1283.0,1.0
rhaS_10~~~yesS,DADYHI010000001,972,972,99.486,1,972,115226,116197,0.0,1731.0,1.0
rhaS_3~~~rhaS_6,VP07003.contig00028,714,714,100.0,1,714,2821,3534,0.0,1288.0,1.0
rhaS_7~~~rhaS_5,NZ_BAVK01000008,825,825,100.0,1,825,306970,306146,0.0,1489.0,1.0
rhsA~~~rhsB,NZ_LFYN01000133,1818,1819,99.56,1,1818,13529,11717,0.0,3242.0,1.0005500550055006
rhsB~~~rhsC~~~rhsC_1~~~rhsC_2~~~rhsD,SPVP150085.contig00011,4413,4413,98.368,1,4413,50371,45974,0.0,7643.0,1.0
rhsC,SRR18762455.contig00006,4392,4392,98.27,1,4392,80923,76538,0.0,7579.0,1.0
rhsIB,JACVHJ010000051.1,444,430,90.698,1,430,7547,7976,3.94e-169,596.0,0.9684684684684685
rhtB_1,SPVP140259.contig00028,627,627,97.448,1,627,862,236,0.0,1059.0,1.0
rhtB_4~~~rhtB_6~~~rhtB_1~~~rhtB_5~~~rhtB_3~~~rhtB_7,SPVP150085.contig00028,642,643,99.689,1,642,20475,19833,0.0,1148.0,1.0015576323987538
rhtB_6~~~rhtB_4~~~rhtB_1~~~leuE_4~~~leuE_3~~~leuE_6~~~rhtB_2~~~leuE_1~~~leuE_2~~~rhtB_5,SRR18609788.contig00001,618,618,94.013,1,618,722604,723221,0.0,948.0,1.0
rhtB_6~~~rhtB_5~~~rhtB_7~~~rhtB_2~~~rhtB_3,SRR11823751.contig00038,627,627,99.681,1,627,1298,1924,0.0,1122.0,1.0
rhtB_7~~~leuE_4~~~leuE_2~~~leuE_3,AAXOXW010000057,660,660,98.788,1,660,733,1392,0.0,1155.0,1.0
rhtC_3,NZ_CP051100,636,636,100.0,1,636,3279417,3280052,0.0,1148.0,1.0
rhtC_3~~~rhtC_4~~~rhtC_2~~~rhtC_1,SPVP140212.contig00023,642,642,99.065,1,642,6113,6748,0.0,1132.0,1.0
ribC_1~~~ribC_2,SPVP170049.contig00028,876,874,96.453,4,876,11758,10886,0.0,1430.0,0.997716894977169
ribD_1~~~ribD_3~~~ribD_2,SPVP150139.contig00028,426,426,93.897,1,426,9777,9352,0.0,652.0,1.0
ribZ~~~qacA,VP06050.contig00001,1611,1611,87.647,1,1611,766999,765389,0.0,2009.0,1.0
ridA_3~~~yabJ,NZ_JABCCB010000034,567,514,86.576,56,567,6,518,2.32e-173,610.0,0.9065255731922398
rihB~~~algE7~~~prtA,NZ_CP051100,15999,15999,100.0,1,15999,146037,162035,0.0,28853.0,1.0
rnhA_1~~~rnhA_2~~~rnhA_3,JADQEE010000001.1,468,468,97.436,1,468,336713,337180,0.0,791.0,1.0
rnhA_2~~~rnhA_1~~~rnhA_3,JACVHT010000002.1,438,438,95.89,1,438,568526,568089,0.0,710.0,1.0
rnhA_2~~~rnhA_1~~~rnhA_3~~~rnhA_4,VP10022.contig00015,459,459,90.632,1,459,15626,16084,1.62e-180,635.0,1.0
rnhA_3~~~rnhA_2~~~rnhA_1,SPVP140260.contig00019,549,493,99.594,57,549,85401,85893,0.0,881.0,0.8979963570127505
rnj,NZ_JACBSZ010000006,1506,1516,94.525,1,1504,207233,205719,0.0,2359.0,1.0066401062416999
rnr_1~~~rnr_4~~~rnr_3~~~rnr_2,SRR18762455.contig00004,2232,2232,99.866,1,2232,78553,76322,0.0,4012.0,1.0
rpnA_1~~~rpnA,SRR11823751.contig00034,933,946,88.161,1,933,10749,11693,0.0,1201.0,1.0139335476956055
rpnA~~~rpnA_2,VP06050.contig00030,945,945,89.524,1,944,9235,10154,0.0,1264.0,1.0
rppH_1~~~rppH_4~~~rppH_2~~~rppH_3,NZ_NNKS01000492,549,500,95.8,50,549,659,161,0.0,804.0,0.9107468123861566
rppH_2~~~rppH_1~~~rppH_3,SPVP140260.contig00043,558,562,72.954,1,558,2645,2087,7.010000000000001e-85,317.0,1.007168458781362
rppH_2~~~rppH_1~~~rppH_4~~~mutX,NZ_KK020655,450,450,99.111,1,450,82335,81888,0.0,792.0,1.0
rppH_2~~~rppH_1~~~rppH_4~~~rppH_3~~~mutX,SPVP170049.contig00005,879,880,97.273,1,879,315071,314193,0.0,1472.0,1.0011376564277588
rppH_2~~~rppH_3~~~rppH_1~~~ndx1~~~rppH_4,SRR18034811.contig00001,583,583,100.0,1,583,782727,783309,0.0,1052.0,1.0
rppH_3~~~rppH_1~~~rppH_4~~~rppH_2~~~rppH_5,SPVP140090.contig00020,420,420,96.905,1,420,16081,16500,0.0,700.0,1.0
rppH_3~~~rppH_2~~~rppH_1~~~ndx1_2~~~ndx1,NZ_JABCBN010000058,474,474,95.57,1,474,2401,2856,0.0,773.0,1.0
rsxC_2~~~rsxC~~~rsxC_1~~~rsxC_3,SRR17888663.contig00001,3063,3063,100.0,1,3063,278835,281897,0.0,5525.0,1.0
rutB_2~~~rutB~~~sttH,VP07003.contig00002,537,507,71.203,1,507,681795,681289,5.53e-67,257.0,0.9441340782122905
rutC~~~yabJ,SPVP170049.contig00002,429,430,99.767,1,429,524996,525425,0.0,768.0,1.0023310023310024
sbnH~~~lysA_1~~~sbnH_1~~~btrK,VP07003.contig00004,3024,3025,96.595,1,3024,221679,218655,0.0,4988.0,1.000330687830688
sbnH~~~lysA_2~~~lysA_1~~~sbnE,SPVP150139.contig00001,3030,3030,98.317,1,3030,230991,227967,0.0,5235.0,1.0
scmP~~~hipO,NZ_NNHO01000017,1152,1152,100.0,1,1152,236067,234916,0.0,2078.0,1.0
scoF,SPVP140212.contig00024,618,558,98.029,1,558,9545,10102,0.0,957.0,0.9029126213592233
scoF_1,NZ_CP051100,585,585,97.778,1,585,3308227,3308811,0.0,997.0,1.0
scrB_1~~~scrB_2~~~scrB,JACVHT010000001.1,1455,1449,97.378,1,1449,283061,284509,0.0,2443.0,0.9958762886597938
scrK_1~~~scrK_2~~~scrK,JACVHT010000001.1,960,895,73.408,1,893,282106,282998,7.25e-151,536.0,0.9322916666666666
scrY_1~~~scrY,JACVHJ010000004.1,1410,1407,98.721,4,1410,99300,100706,0.0,2457.0,0.997872340425532
sctC_2~~~sctC_3~~~sctC_1~~~sctC_5~~~epsD_1~~~sctC_6~~~exeD~~~sctC_4~~~gspD,SRR18034811.contig00002,1389,1389,97.192,1,1389,629482,628127,0.0,2355.0,1.0
sctC_2~~~sctC_3~~~sctC_4,NZ_JABCIE010000002,1464,1465,88.191,1,1464,80499,81962,0.0,1856.0,1.0006830601092895
sctC_2~~~sctC_4~~~sctC_5~~~outD_1,NZ_NNHO01000002,1371,1371,100.0,1,1371,12633,11263,0.0,2473.0,1.0
sctC_2~~~sctC_5,JACVHI010000026.1,1476,1476,100.0,1,1476,15784,17259,0.0,2663.0,1.0
sctC_3~~~sctC_1~~~sctC_6~~~gspD~~~sctC_4,SPVP170049.contig00001,1344,1344,87.872,1,1344,683493,682150,0.0,1690.0,1.0
sctC_8~~~sctC_7~~~sctC_3~~~invG~~~sctC_5~~~sctC_2,SRR18763195.contig00013,1467,1467,95.91,1,1467,75515,74049,0.0,2376.0,1.0
sctC~~~sctC_5~~~sctC_2,DADYHI010000034,1503,1503,97.671,1,1503,2401,3903,0.0,2553.0,1.0
sdaB_2,VP10022.contig00001,1371,1371,99.927,1,1371,62126,63496,0.0,2469.0,1.0
sglT,VP10022.contig00001,1542,1542,99.935,1,1542,60573,62114,0.0,2777.0,1.0
sglT_2~~~sglT,NZ_MUXG01000004,1758,1758,97.782,1,1758,57028,58767,0.0,3007.0,1.0
sglT~~~sglT_1,SRR11823746.contig00004,1800,1800,97.833,1,1800,53137,51365,0.0,3091.0,1.0
sglT~~~sglT_1~~~sglT_2~~~sglT_3,NZ_JABCBN010000002,1635,1635,99.755,1,1635,100895,102526,0.0,2920.0,1.0
sgrR_4,NZ_BAVK01000002,1656,1656,98.309,1,1656,906624,904969,0.0,2861.0,1.0
siaQ,SPVP150139.contig00001,516,516,100.0,1,516,188327,187812,0.0,931.0,1.0
smc_1~~~smc_2~~~smc,SPVP150045.contig00001,1020,1020,96.471,1,1020,653235,654254,0.0,1678.0,1.0
smc_2~~~smc_3~~~smc_1~~~smc,VP06050.contig00026,1092,1092,97.802,1,1092,10590,11681,0.0,1862.0,1.0
socA,SPVP140260.contig00031,468,468,88.675,1,468,7730,7263,8.05e-172,606.0,1.0
soj_3,SPVP110054.contig00015,825,825,99.879,1,825,50960,50136,0.0,1484.0,1.0
soj_3~~~soj_4~~~soj_2,JACVHJ010000026.1,768,761,72.011,10,765,34523,35278,4.4299999999999996e-108,395.0,0.9908854166666666
spaP_2,VP07269.contig00025,675,675,98.074,1,675,13331,14005,0.0,1159.0,1.0
spaP_2~~~spaP_1,NZ_KK020591,738,739,96.617,1,738,6369,5631,0.0,1217.0,1.0013550135501355
srkA_2~~~srkA_1~~~thrB_2,SRR11823751.contig00003,1089,1091,94.959,1,1089,5061,6147,0.0,1712.0,1.0018365472910928
ssaN~~~yscN_2~~~atpB_2,VP07269.contig00025,1263,1263,99.683,1,1263,16385,17647,0.0,2260.0,1.0
ssaV,VP07269.contig00025,1884,1884,99.947,1,1884,1673,3556,0.0,3394.0,1.0
ssb_2~~~ssb_1,JACVHI010000015.1,549,549,100.0,1,549,7204,6656,0.0,991.0,1.0
sspH2,NZ_CP046785,1401,1414,97.454,1,1401,2274098,2275511,0.0,2396.0,1.0092790863668808
sunS,SPVP150139.contig00005,795,795,100.0,1,795,420207,421001,0.0,1434.0,1.0
syrM1~~~leuO_1~~~leuO_4~~~yidZ_6~~~yidZ_4,SPVP170102.contig00001,969,957,95.925,1,957,174655,173699,0.0,1551.0,0.9876160990712074
syrM1~~~pcpR_3~~~pcpR_1~~~pcpR_2,SRR16324073.contig00020,969,969,99.897,1,969,8465,9433,0.0,1744.0,1.0
tamA_2~~~tamA_1,NZ_LFYN01000147,1707,1706,94.842,1,1706,623,2328,0.0,2681.0,0.9994141769185706
tarI1~~~tarI,SPVP140260.contig00001,726,726,99.862,1,726,139381,138657,0.0,1302.0,1.0
tdcF,NZ_JABCBH010000033,351,351,84.046,1,351,599,249,1.2199999999999998e-104,381.0,1.0
tdh2_2~~~tdh2~~~tdh2_1,NZ_LFYN01000048,570,570,97.895,1,570,1034,466,0.0,971.0,1.0
tdh3~~~tdh2~~~tdh2_3,NZ_LFYN01000097,570,570,98.596,1,570,355,924,0.0,993.0,1.0
tdh_1~~~tdh_2,SRR18762455.contig00013,978,962,91.684,1,962,19634,18709,0.0,1403.0,0.983640081799591
tetA_2~~~tetA_1~~~tetA,JACVHJ010000008.1,1212,1212,100.0,1,1212,181209,182420,0.0,2186.0,1.0
tetR,NZ_NNHO01000002,630,630,100.0,1,630,171605,170976,0.0,1137.0,1.0
tfoX1_3,NZ_LFYN01000049,669,669,100.0,1,669,4929,5597,0.0,1207.0,1.0
thyA_2~~~thyA_1~~~thyA_3,JACVHI010000002.1,861,851,77.438,1,851,53049,53899,0.0,670.0,0.9883855981416957
tmk_1~~~tmk_2~~~tmk_3,SPVP140260.contig00010,618,618,97.249,1,618,67710,67093,0.0,1039.0,1.0
tnpA,JACVHJ010000026.1,1380,1380,100.0,1,1380,59906,58527,0.0,2489.0,1.0
tnpR_1~~~pinR~~~pinR_2~~~tnpR,VP15198.contig00015,645,645,99.845,1,645,82977,83621,0.0,1159.0,1.0
tnpR_1~~~tnpR~~~hin~~~tnpR_2~~~hin_1~~~tnpR_4,SPVP150085.contig00001,609,609,97.865,1,609,502849,503457,0.0,1040.0,1.0
tnpR_2~~~tnpR_3,NZ_JABCIE010000019,630,616,77.922,16,630,30865,30251,1.75e-137,491.0,0.9777777777777777
tnpR_2~~~tnpR~~~tnpR_1~~~tnpR_4,SPVP170102.contig00002,567,528,92.992,1,528,127691,127164,0.0,786.0,0.9312169312169312
tnpR_4~~~tnpR_1~~~tnpR_2~~~tnpR,NZ_JABCCB010000015,573,573,93.717,1,573,14317,14889,0.0,872.0,1.0
tnsB~~~tnsB_1~~~tnsB_2,SRR4016801.contig00007,2187,2187,97.211,1,2187,242861,245038,0.0,3673.0,1.0
topA_3~~~topB_2~~~topB_4~~~topB_3~~~topB_1~~~topB_5,JACVHJ010000026.1,2253,2249,87.95,1,2249,2979,732,0.0,2831.0,0.9982245894363071
topB_4~~~topB_3~~~topB_2,SPVP110054.contig00015,1836,1836,100.0,1,1836,45761,43926,0.0,3312.0,1.0
toxB,AAXOXW010000014,8991,8994,97.32,1,8991,115345,106370,0.0,15144.0,1.0003336670003338
traC,NZ_NNHO01000001,1389,1389,100.0,1,1389,78812,77424,0.0,2506.0,1.0
traC_1~~~traC_2~~~traC~~~traC_3,DADYHI010000050,921,921,97.177,1,921,1548,643,0.0,1553.0,1.0
traC_2,NZ_JAFLNR010000007,2412,2412,98.673,1,2412,237424,235013,0.0,4206.0,1.0
traI~~~traI_1~~~traI_2,SPVP150139.contig00005,1773,1773,95.544,1,1773,199590,201362,0.0,2842.0,1.0
traJ~~~traJ_1,JACVHJ010000008.1,510,512,72.852,1,510,193176,192686,2.08e-78,296.0,1.003921568627451
traK,SPVP150139.contig00005,345,345,93.333,1,345,198534,198878,6.61e-146,519.0,1.0
treP_1~~~treP_2~~~treP,JACVHT010000001.1,1497,1497,100.0,1,1497,280444,281940,0.0,2700.0,1.0
tsgA_2~~~tsgA~~~tsgA_1,ABDZFE010000001,1167,1167,99.829,1,1167,220524,219358,0.0,2096.0,1.0
ttgD~~~mdtA_3,NZ_LFYN01000049,1299,1299,99.615,1,1299,6819,8114,0.0,2315.0,1.0
tuaG~~~wfgD~~~wfgD_1,VP15198.contig00003,831,723,70.401,100,822,332241,331519,9.3e-92,340.0,0.8700361010830325
tycC~~~dltA_1,NZ_JACBSZ010000006,1536,1536,96.875,1,1536,169818,171353,0.0,2554.0,1.0
ulaF,NZ_CP051099,720,720,100.0,1,720,665718,666437,0.0,1299.0,1.0
ulaF~~~araD,SPVP140260.contig00007,750,750,100.0,1,750,55274,56023,0.0,1353.0,1.0
umuC_1~~~umuC_2~~~umuC,SRR4016801.contig00007,1260,1260,95.794,1,1260,88047,86788,0.0,2034.0,1.0
umuC_2~~~umuC_1~~~umuC,JACVHI010000018.1,1257,1257,99.92,1,1257,10949,12205,0.0,2263.0,1.0
umuC~~~umuC_1~~~umuC_2,VP06050.contig00001,1332,1332,99.925,1,1332,497773,496442,0.0,2398.0,1.0
umuC~~~umuC_1~~~umuC_2~~~umuC_3,NZ_NNHO01000001,1266,1266,99.447,1,1266,94097,95356,0.0,2253.0,1.0
umuC~~~umuC_2~~~umuC_1,SRR4016801.contig00002,1320,1318,96.206,3,1320,208235,206918,0.0,2152.0,0.9984848484848485
umuD_2,SPVP110054.contig00015,399,399,100.0,1,399,71349,70951,0.0,720.0,1.0
umuD_2~~~umuD,NZ_NNHO01000001,405,405,83.951,1,405,93689,94093,2.11e-121,438.0,1.0
umuD~~~umuD_1~~~lexA_2~~~lexA_1~~~umuD_2,JACVHJ010000010.1,492,492,100.0,1,492,143208,143699,0.0,888.0,1.0
umuD~~~umuD_1~~~umuD_2,ABDZFE010000011,450,450,100.0,1,450,63783,64232,0.0,812.0,1.0
umuD~~~umuD_2~~~umuD_1,SRR4016801.contig00007,435,431,85.615,4,434,88478,88048,7.959999999999999e-140,499.0,0.9908045977011494
ureA,SRR18609788.contig00013,303,303,100.0,1,303,116640,116942,1.18e-154,547.0,1.0
ureB,SRR18763195.contig00013,324,324,99.691,1,324,51768,51445,2.1500000000000003e-164,581.0,1.0
ureC~~~ureC_1~~~ureC_2,SRR18609788.contig00013,1707,1707,100.0,1,1707,117337,119043,0.0,3079.0,1.0
ureE,AAXOXW010000033,480,480,100.0,1,480,3437,2958,0.0,866.0,1.0
ureF,AAXOXW010000033,666,666,97.898,1,666,2930,2265,0.0,1139.0,1.0
ureG~~~ureG_2~~~ureG_1,SRR18609788.contig00013,642,642,100.0,1,642,120189,120830,0.0,1159.0,1.0
ureR,SRR19641559.contig00017,849,847,97.285,1,847,10867,11713,0.0,1425.0,0.9976442873969376
ushA_2~~~ushA_1~~~ushA_4,SRR16324073.contig00001,1737,1737,99.597,1,1737,691627,689891,0.0,3102.0,1.0
uspA_2~~~uspA_1~~~uspA_3,VP11139.contig00001,402,402,96.766,1,402,214215,213826,0.0,673.0,1.0
uvrB_2,VP10022.contig00002,2358,2358,100.0,1,2358,409788,407431,0.0,4253.0,1.0
uxaB~~~por~~~por_2~~~por_1~~~mtlK,JACVHT010000004.1,1467,1467,99.387,1,1467,187924,186458,0.0,2606.0,1.0
uxaC~~~uxaC_1~~~uxaC_2,JADQEE010000004.1,1419,1420,95.915,1,1419,184784,183365,0.0,2296.0,1.0007047216349543
uxuA~~~uxuA_1~~~uxuA_2,SPVP140260.contig00007,1212,1212,91.089,2,1212,78257,77046,0.0,1696.0,1.0
vgrG1_2,SRR18762455.contig00002,1992,1992,96.386,1,1992,373220,375211,0.0,3268.0,1.0
vgrG1_2~~~vgrG1_1,VP07269.contig00008,2079,2079,89.851,1,2079,15459,17537,0.0,2799.0,1.0
vgrG1_3~~~vgrG1_2~~~vgrG1_1,VP06050.contig00001,2382,1930,98.031,453,2382,797421,795492,0.0,3310.0,0.8102434928631402
viaA_1~~~viaA_2,NZ_NNEL01000001,1548,1547,98.449,1,1547,280971,282517,0.0,2682.0,0.9993540051679587
vioA,VP07269.contig00003,1089,1089,99.633,1,1089,168690,169778,0.0,1947.0,1.0
virB,SPVP110054.contig00027,1086,1035,68.502,1,1010,19321,20327,2.88e-93,346.0,0.9530386740331491
virB1_1,SRR11823751.contig00044,516,516,100.0,1,516,5078,5593,0.0,931.0,1.0
virB1_1~~~virB1~~~virB1_2,SRR11823746.contig00009,570,571,91.769,1,570,38009,38578,0.0,811.0,1.0017543859649123
virB4~~~virB4_2~~~virB4_1,SRR11823746.contig00009,2415,2415,97.35,1,2415,17310,19724,0.0,4067.0,1.0
virB9,VP06050.contig00043,885,885,96.158,1,885,1394,510,0.0,1443.0,1.0
virB9_2,VP06050.contig00043,885,885,96.723,1,885,1394,510,0.0,1466.0,1.0
vnfA~~~norR_1~~~norR_3~~~norR_2~~~vnfA_2,SPVP140285.contig00009,1674,1674,99.343,1,1674,235587,237258,0.0,2967.0,1.0
vspR~~~vspR_1,SRR18762455.contig00002,552,552,91.667,1,552,114351,114902,0.0,789.0,1.0
waaA~~~waaA_2~~~waaA_1,JADQEE010000007.1,1371,1371,99.344,1,1371,180716,179350,0.0,2423.0,1.0
walR_2~~~walR_1,VP06050.contig00001,729,729,96.159,1,729,483772,484500,0.0,1189.0,1.0
walR_3~~~walR_2,SRR11823746.contig00004,693,693,100.0,1,693,583009,583701,0.0,1251.0,1.0
wbgU_1~~~wbgU_2,VP15198.contig00003,1077,1077,97.586,1,1077,320781,319705,0.0,1826.0,1.0
wbgU_1~~~wbgU_2~~~wbgU,SRR18762455.contig00005,1008,986,74.037,1,983,338818,337836,5.1299999999999995e-172,608.0,0.9781746031746031
wbgU_2~~~wbgU_1,VP10022.contig00003,1032,1014,91.321,1,1008,341078,340071,0.0,1430.0,0.9825581395348837
wbgU_2~~~wbgU~~~wbgU_1~~~galE_3,SRR18034811.contig00002,1011,1011,99.011,1,1011,92820,93824,0.0,1780.0,1.0
wbjC,VP10022.contig00003,1104,1104,99.547,1,1104,349621,348518,0.0,1969.0,1.0
wbnK,SPVP140285.contig00003,831,831,98.195,1,831,197967,197137,0.0,1432.0,1.0
wbpA,VP10022.contig00003,1281,1285,72.996,1,1281,342681,341401,0.0,743.0,1.0031225604996097
wbpI,VP10022.contig00003,1131,1131,99.558,1,1131,348497,347367,0.0,2018.0,1.0
wecA,SRR11350400.contig00017,1143,943,76.352,47,986,120275,121215,0.0,687.0,0.8250218722659668
wecA_1~~~wecA_2,SPVP150085.contig00004,1008,1008,100.0,1,1008,218974,219981,0.0,1819.0,1.0
wecA_1~~~wecA~~~wecA_2,SPVP170162.contig00003,1254,1254,99.761,1,1254,345672,346924,0.0,2245.0,1.0
wecA_2~~~wecA_1,NZ_JABCIE010000008,1098,1098,94.718,1,1098,26782,27879,0.0,1719.0,1.0
wecA~~~wecA_1~~~wecA_2,SRR4016801.contig00006,1161,1161,94.315,1,1161,202880,204040,0.0,1797.0,1.0
wecB_2~~~wecB_1,SPVP170011.contig00003,1128,1128,99.911,1,1128,187613,188740,0.0,2030.0,1.0
wecB~~~wecB_1~~~wecB_2,SRR19641559.contig00005,1200,1103,69.175,73,1169,259167,258071,2.8e-119,432.0,0.9191666666666667
wecC_2,VP07003.contig00003,1266,1268,80.284,1,1266,188727,189992,0.0,1150.0,1.0015797788309637
wecC~~~wecC_2~~~wecC_1~~~wecC_3,VP07003.contig00003,1281,1222,92.39,1,1222,210788,212009,0.0,1785.0,0.9539422326307572
wecD_2,AAXOXW010000012,564,565,99.292,1,564,155475,154912,0.0,994.0,1.00177304964539
wecE~~~wecE_1~~~wecE_2,NZ_JAFLNR010000004,1143,1143,93.088,1,1143,116599,115457,0.0,1706.0,1.0
wecG,NZ_CP051100,714,714,99.3,1,714,1695473,1694760,0.0,1266.0,1.0
wzc_1~~~wzc~~~etk~~~wzc_2,VP06050.contig00004,2209,2209,99.955,1,2209,297433,295226,0.0,3976.0,1.0
wzzE~~~wzc_2~~~fepE,SPVP110054.contig00002,1017,923,75.298,1,923,331188,330266,0.0,637.0,0.9075712881022615
xapA_1~~~xapA_2~~~xapA,SPVP140212.contig00009,900,900,99.444,1,900,36623,35724,0.0,1601.0,1.0
xcpT,SPVP150139.contig00005,411,411,93.187,1,411,389323,388913,3.87e-175,616.0,1.0
xerC_11~~~xerC_4~~~xerC_5~~~xerC_3~~~xerC_1~~~xerC_7~~~xerC_2~~~xerC_6~~~xerD_3,SRR11823746.contig00028,1206,1202,65.225,16,1206,11178,12347,4.47e-66,255.0,0.9966832504145937
xerC_1~~~intS~~~intS_2~~~xerC_3~~~xerC_5~~~intS_1~~~xerC_4~~~xerC_2~~~intS_3~~~xerC_7~~~xerD_3,VP07269.contig00012,1287,1287,100.0,1,1287,31340,30054,0.0,2322.0,1.0
xerC_1~~~xerC_2~~~xerC_4~~~xerC_6~~~xerC_10~~~xerD_2~~~xerC_3~~~xerC_7~~~xerC_5~~~xerC_8~~~xerD_3,SPVP140260.contig00042,1209,1192,91.023,1,1192,1817,3005,0.0,1662.0,0.9859387923904053
xerC_1~~~xerC_2~~~xerC_6~~~xerC_7~~~xerC_3,VP11139.contig00011,1035,1035,91.111,1,1035,27491,26457,0.0,1452.0,1.0
xerC_1~~~xerC_3~~~xerC_2~~~xerC_5~~~xerC_4,NZ_JABCBH010000003,1143,1094,79.525,1,1091,331550,330460,0.0,951.0,0.9571303587051618
xerC_1~~~xerC_4~~~xerC_3~~~xerC_2,SPVP150139.contig00012,1218,1218,97.947,1,1218,48518,47301,0.0,2085.0,1.0
xerC_1~~~xerC_5,DADYHI010000002,1095,1096,95.894,1,1095,177995,179090,0.0,1771.0,1.0009132420091325
xerC_1~~~xerC_5~~~xerC_6~~~xerC_3~~~xerC_4,SRR4016801.contig00011,1323,1323,96.523,1,1323,114049,112727,0.0,2179.0,1.0
xerC_1~~~xerC_8~~~xerC_4,SRR17888663.contig00003,1467,1467,91.616,1,1467,324594,326059,0.0,2088.0,1.0
xerC_1~~~xerD_1~~~xerC_3~~~xerC_8~~~xerC_2~~~xerC_5~~~xerC_4,NZ_MUXG01000004,1155,1000,86.2,142,1140,430634,429639,0.0,1177.0,0.8658008658008658
xerC_2~~~intQ,SRR11823751.contig00018,1221,1221,99.836,1,1221,2693,3913,0.0,2194.0,1.0
xerC_2~~~xerC_1~~~xerC_3~~~xerC_4~~~xerC_8~~~xerC_5~~~xerC_9,NZ_BAVK01000017,1194,1200,92.5,1,1194,32711,33907,0.0,1754.0,1.0050251256281406
xerC_2~~~xerC_1~~~xerC_3~~~xerC_6~~~xerC_4~~~xerC_5,SRR11823751.contig00001,885,885,92.994,1,885,157512,158396,0.0,1317.0,1.0
xerC_2~~~xerC_1~~~xerC_3~~~xerD_2~~~xerC_4,NZ_LFYN01000049,1176,1176,94.643,1,1176,290,1465,0.0,1838.0,1.0
xerC_2~~~xerC_1~~~xerC_7~~~xerC_3~~~xerC_5,NZ_NNKS01000038,1338,1199,67.64,108,1299,15961,17148,4.07e-105,385.0,0.8961136023916293
xerC_2~~~xerC_4~~~xerC_1,SPVP150045.contig00001,1404,1405,80.285,1,1404,643499,644860,0.0,1312.0,1.0007122507122508
xerC_2~~~xerC_4~~~xerC_3~~~intQ~~~xerC_1~~~xerC_7~~~xerC_5~~~xerC_6,NZ_BAVK01000003,1308,1308,87.997,1,1308,2935,4242,0.0,1652.0,1.0
xerC_2~~~xerC_4~~~xerC_3~~~xerC_1~~~xerC_6~~~xerC_5~~~xerC_10~~~xerC_8,VP15198.contig00012,1164,1164,92.354,1,1164,20955,19798,0.0,1700.0,1.0
xerC_2~~~xerC_5~~~xerC_4~~~xerC_1~~~xerC_3~~~xerC_7,SRR11823746.contig00001,1113,1123,95.637,1,1113,530231,529109,0.0,1810.0,1.008984725965858
xerC_3~~~xerC_1~~~xerC_2~~~xerC_4~~~xerD_3~~~xerC_6,SRR11823751.contig00002,1281,1281,82.123,1,1281,244774,246051,0.0,1277.0,1.0
xerC_3~~~xerC_1~~~xerC_5,SRR13684777.contig00003,1629,1623,77.696,1,1621,110313,108699,0.0,1278.0,0.996316758747698
xerC_3~~~xerC_6~~~xerC_2~~~xerD_3~~~xerC_5~~~xerD_1~~~xerC_1~~~xerC_4,SPVP140285.contig00005,1353,1353,94.457,1,1353,164311,162959,0.0,2103.0,1.0
xerC_4~~~xerC_2~~~xerC_6~~~xerC_1~~~xerC_3,SPVP150085.contig00016,1170,1171,92.997,1,1170,28252,29421,0.0,1736.0,1.0008547008547009
xerC_4~~~xerC_3~~~xerC_5~~~xerC_1~~~xerC_2~~~xerC_9~~~xerC_6,SRR19641559.contig00012,1368,1368,81.14,1,1368,17888,16521,0.0,1305.0,1.0
xerC_4~~~xerC_3~~~xerC_8~~~xerC_1~~~xerC_5~~~xerC_2,SRR18034811.contig00005,1416,1238,82.553,184,1416,414852,413619,0.0,1245.0,0.8742937853107344
xerC_4~~~xerC_6~~~xerC_5~~~xerC_2~~~xerC_1~~~xerC_3~~~xerD_1,NZ_LFYN01000049,1206,1211,66.144,1,1204,290,1463,8.069999999999999e-82,308.0,1.0041459369817578
xerC_4~~~xerC_9~~~xerC_3~~~xerC_1~~~xerC_2~~~xerD_1,SPVP110054.contig00027,597,597,93.635,1,597,4489,5085,0.0,906.0,1.0
xerC_5~~~xerC_1~~~xerC_2~~~xerC_3~~~xerC_4,SPVP140212.contig00002,597,597,94.137,1,597,115114,115686,0.0,937.0,1.0
xerC_5~~~xerC_2~~~intQ~~~xerC_1~~~xerC_7~~~intQ_2~~~xerC_3,SPVP140090.contig00005,1128,1129,97.874,1,1128,4375,5503,0.0,1925.0,1.000886524822695
xerC_7~~~xerC_2~~~xerC_1~~~xerC_4~~~xerC_6~~~xerC_3~~~xerC_5,SRR17888663.contig00033,597,597,94.305,1,597,10218,9622,0.0,924.0,1.0
xpsD,NZ_JABCCB010000005,2145,2124,95.48,1,2124,159894,157771,0.0,3398.0,0.9902097902097902
xpsE,NZ_JABCBN010000003,1662,1662,100.0,1,1662,197187,198848,0.0,2998.0,1.0
xylE_2~~~xylE~~~xylE_1,SPVP140107.contig00001,1428,1428,97.409,1,1428,738546,737119,0.0,2409.0,1.0
xynR,NZ_JAFLNR010000001,696,694,94.813,1,694,383573,384266,0.0,1090.0,0.9971264367816092
yabJ_2~~~ridA_1~~~ridA_2~~~yabJ,NZ_JABCCB010000034,480,482,94.398,1,480,37,518,0.0,746.0,1.0041666666666667
yabJ~~~ridA_2~~~yabJ_1~~~yabJ_2~~~ridA_3,SPVP140285.contig00021,519,514,91.44,7,519,23381,23892,0.0,719.0,0.9903660886319846
yabJ~~~rutC~~~yabJ_2,SPVP150085.contig00028,531,514,91.829,21,531,13312,12803,0.0,731.0,0.967984934086629
yafO,VP11139.contig00039,402,402,100.0,1,402,2421,2020,0.0,726.0,1.0
yafP_1,NZ_JACBSZ010000024,510,511,99.804,1,510,3213,3723,0.0,914.0,1.0019607843137255
yafP_1~~~yafP_2~~~yafP_3~~~yafP,JACVHJ010000048.1,483,469,78.678,16,483,12306,11839,1.16e-106,389.0,0.9710144927536232
yafP~~~yafP_1~~~yafP_2,SPVP170049.contig00003,816,816,98.897,1,816,22827,22013,0.0,1428.0,1.0
yafV_2~~~ramA~~~nadE_1~~~nadE_2~~~nadE_3~~~ramA_1,SPVP170098.contig00051,748,748,98.797,1,748,715,1461,0.0,1306.0,1.0
yafV~~~nadE,SRR18762455.contig00005,816,816,99.877,1,816,370834,370019,0.0,1468.0,1.0
yagG~~~yicJ,NZ_BAVK01000003,1383,1383,100.0,1,1383,305579,304197,0.0,2495.0,1.0
yahB_1~~~yahB_2~~~argP_3,SPVP170146.contig00005,855,855,100.0,1,855,282793,281939,0.0,1543.0,1.0
ybdO_2~~~leuO_6~~~leuO_4~~~leuO_5~~~hdfR_7~~~leuO_1~~~leuO_3~~~leuO_2~~~hdfR_2~~~hdfR_1~~~hdfR_6~~~ybdO_1~~~hdfR_9~~~hdfR_3~~~hdfR_4~~~hdfR_8~~~leuO_7,CP078612,906,907,99.89,1,906,1610902,1609996,0.0,1628.0,1.0011037527593818
ybhA_1~~~ybhA~~~ybhA_2,NZ_BAVK01000003,825,825,100.0,1,825,310310,311134,0.0,1489.0,1.0
ycf3,SRR18609788.contig00008,1974,1974,99.747,1,1974,59453,61426,0.0,3538.0,1.0
ycjY_2~~~ycjY_3~~~ycjY_1,SPVP140285.contig00012,978,933,99.464,1,933,107758,106826,0.0,1661.0,0.9539877300613497
ycjY_2~~~ycjY~~~ycjY_3~~~ycjY_1,VP07003.contig00002,1020,1020,99.118,1,1020,594385,595404,0.0,1800.0,1.0
ydaF_1~~~ydaF_4,SPVP170011.contig00009,531,517,76.209,15,531,722,1238,2.32e-103,379.0,0.9736346516007532
ydaF_1~~~ydaF_4~~~ydaF_3~~~ydaF_2~~~ydaF_5,SPVP140285.contig00023,546,537,82.123,1,537,13708,14244,4.03e-151,536.0,0.9835164835164835
ydaF_3,SRR4016801.contig00023,534,534,81.835,1,534,5792,6307,1.13e-151,538.0,1.0
ydaF_3~~~ydaF_2~~~ydaF_1~~~ydaF_4,NZ_JABCFE010000002,735,735,98.776,1,735,410772,411505,0.0,1282.0,1.0
ydaF_5~~~ydaF_3~~~ydaF_4~~~ydaF_1~~~ydaF_2,VP10022.contig00028,516,516,95.543,1,516,4774,5289,0.0,828.0,1.0
yddE_1~~~yddE~~~phzF~~~yddE_2,NZ_JABCIE010000003,816,816,98.775,1,816,425707,426521,0.0,1424.0,1.0
yddE~~~yddE_3~~~yddE_2,SPVP170162.contig00027,810,810,100.0,1,810,7755,6946,0.0,1462.0,1.0
ydhP~~~ydhP_2~~~ydhP_1,SRR18762455.contig00013,1206,1198,91.486,1,1198,25210,26407,0.0,1701.0,0.9933665008291874
ydhR~~~ydhR_1,DADYHI010000005,309,309,99.676,1,309,301201,301509,2.84e-156,554.0,1.0
ydhR~~~ydhR_2,SPVP170146.contig00002,321,321,96.885,1,321,293861,294181,7.95e-151,535.0,1.0
yecD,NZ_BAVK01000004,612,612,99.837,1,612,195709,195098,0.0,1100.0,1.0
yefM_2~~~yefM,VP06050.contig00033,255,254,93.307,1,254,2643,2896,8.600000000000001e-105,382.0,0.996078431372549
yejM_4~~~yejM_3~~~yejM_2,VP11139.contig00002,1845,1845,100.0,1,1845,372848,371004,0.0,3328.0,1.0
yfcG,NZ_JACBSZ010000027,609,609,97.209,1,609,8779,9387,0.0,1022.0,1.0
yfdG,SRR16324073.contig00005,349,349,99.713,1,349,162191,162538,7.6300000000000005e-177,622.0,1.0
yfdH,SRR18034811.contig00004,951,951,100.0,1,951,379825,378875,0.0,1716.0,1.0
yfnB,NZ_JABCFE010000009,501,529,89.981,8,501,37987,38515,0.0,738.0,1.0558882235528941
ygfF_1~~~ygfF_2~~~ygfF_3,SRR19641559.contig00033,753,753,94.157,1,753,163,915,0.0,1160.0,1.0
ygfF_2~~~ygfF_3~~~ygfF_1,NZ_JABCCB010000042,753,746,77.48,1,746,1440,695,1.02e-166,589.0,0.9907038512616202
ygjV_1~~~ygjV~~~ygjV_2,VP11139.contig00003,525,525,100.0,1,525,388875,389399,0.0,948.0,1.0
ygjV_3~~~ygjV~~~ygjV_1~~~ygjV_2,SRR13684777.contig00001,552,552,100.0,1,552,161915,161364,0.0,996.0,1.0
yhfA_1~~~yhfA_3~~~yhfA_2~~~yhfA_4,SPVP170098.contig00021,408,408,100.0,1,408,4856,4449,0.0,737.0,1.0
yhfA_2~~~yhfA_1~~~yhfA,SPVP170146.contig00005,168,168,100.0,1,168,72832,72999,1.1699999999999999e-81,304.0,1.0
yhfA_2~~~yhfA_3~~~yhfA_1,SPVP140090.contig00024,520,520,99.038,1,520,7245,6726,0.0,916.0,1.0
yhfA_3~~~yhfA_2,NZ_JABCCB010000028,408,408,99.265,1,408,7112,6705,0.0,723.0,1.0
yiaC_2~~~yiaC~~~yiaC_1~~~yjaB~~~yjaB_1~~~yiaC_3,SPVP150139.contig00027,600,584,93.322,18,600,14603,15185,0.0,871.0,0.9733333333333334
yiaC~~~yiaC_1~~~yiaC_2,NZ_JABCBH010000022,426,426,92.019,1,426,10254,10679,4.02e-175,616.0,1.0
yiaC~~~yiaC_2~~~yiaC_1,SPVP170098.contig00021,426,426,97.418,1,426,8661,8236,0.0,719.0,1.0
yiaD_2~~~ompA_7~~~ompA_9~~~ompA_10,SRR11823751.contig00013,945,945,91.217,1,945,80735,79803,0.0,1337.0,1.0
yiaV_2~~~yiaV_3,SRR11823746.contig00004,1224,1224,99.101,1,1224,578873,577650,0.0,2159.0,1.0
yicJ~~~yagG,NZ_BAVK01000003,1395,1395,100.0,1,1395,315562,314168,0.0,2516.0,1.0
yidZ_1,SPVP170162.contig00004,876,876,100.0,1,876,432930,432055,0.0,1581.0,1.0
yidZ_10~~~yidZ_7~~~yidZ_2~~~yidZ_5~~~yidZ_1~~~yidZ_8~~~pcpR_2~~~leuO_6~~~pcpR_1~~~yidZ_6,SPVP150045.contig00001,963,963,98.131,1,963,660163,659210,0.0,1660.0,1.0
yidZ_4~~~yidZ_3~~~yidZ_2~~~yidZ_7~~~yidZ_6~~~yidZ_5~~~yidZ_8,SPVP140259.contig00002,993,993,98.792,1,993,300852,299862,0.0,1735.0,1.0
yidZ_4~~~yidZ_6~~~yidZ_1~~~yidZ_2~~~yidZ_3,SRR17888663.contig00012,969,969,100.0,1,969,83116,82148,0.0,1748.0,1.0
yidZ_6~~~yidZ_7~~~yidZ_4~~~yidZ_1~~~yidZ_3~~~yidZ_2~~~yidZ_5,NZ_LFYN01000033,900,900,99.889,1,900,1384,485,0.0,1619.0,1.0
yidZ_7~~~yidZ_8~~~yidZ_2~~~yidZ_5~~~yidZ_6~~~yidZ_4~~~yidZ_3,SPVP140212.contig00002,891,889,96.288,3,891,133737,134625,0.0,1455.0,0.9977553310886644
yidZ_8~~~yidZ_6,SRR16324073.contig00004,879,879,99.545,1,879,5186,4308,0.0,1568.0,1.0
yjcD~~~uvrD_1~~~rep_1~~~rep_2,DADYHI010000002,1905,1905,96.588,1,1905,417775,419679,0.0,3143.0,1.0
yjcS_3~~~yjcS_1~~~yjcS_2~~~yjcS_4~~~yjcS,NZ_LFYN01000107,960,960,99.375,1,960,18900,19859,0.0,1705.0,1.0
yjcS_4~~~yjcS~~~yjcS_1~~~yjcS_2,NZ_LFYN01000033,1899,1899,98.262,1,1899,1487,3385,0.0,3277.0,1.0
yjcS~~~yjcS_2~~~yjcS_1~~~yjcS_3,SRR18034811.contig00001,1956,1943,85.95,13,1955,751442,749500,0.0,2274.0,0.9933537832310838
yjhB,VP10022.contig00001,1296,1296,99.769,1,1296,60234,58939,0.0,2324.0,1.0
yjmB~~~xylP~~~melB_2~~~melB~~~yihP,SPVP140260.contig00003,1389,1389,91.937,1,1389,264167,265555,0.0,2001.0,1.0
ykgO,VP15198.contig00010,162,162,96.914,1,162,143241,143085,2.31e-71,270.0,1.0
yodB_2,NZ_JAFLNR010000001,381,375,84.267,6,380,379439,379065,2.7499999999999997e-113,411.0,0.984251968503937
yoeB~~~yoeB_2~~~yoeB_1,NZ_NNHO01000017,273,267,95.88,7,273,225892,225626,5.86e-120,433.0,0.978021978021978
yofA,NZ_NNHO01000002,894,894,100.0,1,894,14806,15699,0.0,1613.0,1.0
yofA~~~gltR~~~cmpR,SPVP150085.contig00003,876,873,94.387,1,873,135157,134285,0.0,1354.0,0.9965753424657534
yohF~~~linC,NZ_JABCBH010000002,771,769,90.767,1,769,179011,179779,0.0,1067.0,0.9974059662775616
yopJ~~~yopJ_1~~~yopJ_2,VP07269.contig00025,870,870,95.287,1,870,9774,10643,0.0,1385.0,1.0
yopJ~~~yopJ_2~~~yopJ_1,AAXOXW010000036,882,885,91.299,1,882,6646,5763,0.0,1244.0,1.0034013605442176
ypeA_2~~~ypeA_1,NZ_NNHO01000019,471,471,90.446,1,471,179679,179209,0.0,647.0,1.0
ypeA_2~~~ypeA_1~~~ypeA,JAJGNV010000034.1,435,435,94.483,1,435,591,1025,0.0,677.0,1.0
ypeA_2~~~ypeA~~~ypeA_1,SPVP170146.contig00001,483,438,99.543,1,438,538099,537662,0.0,782.0,0.906832298136646
ypeA~~~ypeA_4~~~ypeA_2~~~ypeA_3~~~ypeA_1,SPVP140107.contig00050,540,458,99.127,83,540,1,458,0.0,809.0,0.8481481481481481
yphB,SRR13684777.contig00058,897,897,100.0,1,897,4465,3569,0.0,1618.0,1.0
yphB_1~~~yphB_2~~~yphB,VP10022.contig00001,903,903,99.889,1,903,80612,79710,0.0,1625.0,1.0
ypwA~~~ypwA_2,SRR13684777.contig00007,1620,1620,92.901,1,1620,9761,8178,0.0,2414.0,1.0
yrbG_1,SPVP150169.contig00016,540,540,97.407,1,540,48507,47980,0.0,918.0,1.0
yscL,NZ_JACBSZ010000011,639,639,93.897,1,639,56635,55997,0.0,977.0,1.0
yscN_2~~~hrcN~~~atpA_2~~~yscN_1~~~ssaN,AAXOXW010000028,1263,1263,99.129,1,1263,13342,14604,0.0,2229.0,1.0
yscU_2~~~yscU_1,VP07269.contig00025,1059,1059,99.906,1,1059,3574,4632,0.0,1906.0,1.0
yscU_2~~~yscU_1~~~yscU_3,AAXOXW010000028,1050,1050,99.333,1,1050,3774,4822,0.0,1859.0,1.0
ysnE_2~~~ysnE_1,SPVP140107.contig00019,525,524,97.71,2,525,3731,3208,0.0,892.0,0.9980952380952381
yvbK_1~~~yvbK_3~~~yvbK~~~yvbK_2,SPVP140285.contig00034,537,536,93.284,2,536,2375,1840,0.0,801.0,0.9981378026070763
yvbK_2~~~yvbK_4~~~yvbK_1~~~yvbK,SPVP140285.contig00034,600,486,99.794,115,600,2415,1930,0.0,873.0,0.81
yvbK~~~yvbK_1~~~yvbK_2~~~yvbK_3,SPVP150085.contig00030,555,570,97.368,1,555,12583,13152,0.0,970.0,1.027027027027027
ywqN~~~ywqN_1~~~ywqN_2,VP11139.contig00025,501,501,95.21,1,501,5570,5070,0.0,796.0,1.0
ywqN~~~ywqN_2~~~ywqN_1,ABDZFE010000010,507,507,96.055,1,507,2019,2519,0.0,826.0,1.0
yxaF,DADYHI010000008,609,609,99.507,1,608,161161,160553,0.0,1082.0,1.0
yyaP,NZ_CP046786,633,633,99.684,1,633,104774,104142,0.0,1133.0,1.0
zntR_4,AAXOXW010000064,510,510,85.882,1,510,748,1257,4.57e-169,596.0,1.0
zot,SPVP150085.contig00011,1431,1454,98.006,1,1431,8947,7494,0.0,2508.0,1.016072676450035
zot_1,ABDZFE010000027,1428,1431,85.395,1,1428,2479,1055,0.0,1638.0,1.0021008403361344
